Fecha,Intervalo,CS COENERGY,CS YARUCAYA,C.E. CUPISNIQUE,C.E. TALARA,CE SAN JUAN,C.E. P LOM EXPANSION,C.E. PUNTA LOMITAS,C.S. INTIPAMPA,CS EXPANSIÓN INTIPAMPA,CS MATARANI,C.E. HUAMBOS,C.E. DUNA,CS SAN MARTIN SOLAR,CS SUNNY,CS SUNNY EXPANSION,CARHUAQUERO (CS),C.S. MAJES,C.S. MOQUEGUA FV,C.E. WAYRA EXTENSION,C.E. WAYRA I,C.S. CLEMESI,C.S. RUBI,C.S. PANAMERICANA-SOLAR,C.E. MARCONA,C.E. 3 HERMANAS,C.S. REPARTICION,C.S. TACNA-SOLAR,CS WAYRA SOLAR
2026-07-16,0:30,0.0,0.0,17.3,12.3,0.0,0.0,1.2,0.0,0.0,0.0,11.3,12.5,0.0,0.0,0.0,0.0,0.0,0.0,0.0,0.0,0.0,0.0,0.0,0.0,0.0,0.0,0.0,
2026-07-16,1:00,0.0,0.0,15.9,11.1,0.0,0.0,0.1,0.0,0.0,0.0,12.2,14.3,0.0,0.0,0.0,0.0,0.0,0.0,0.0,0.0,0.0,0.0,0.0,0.0,0.0,0.0,0.0,
2026-07-16,1:30,0.0,0.0,13.8,12.9,0.0,0.0,0.0,0.0,0.0,0.0,13.0,13.1,0.0,0.0,0.0,0.0,0.0,0.0,0.0,0.0,0.0,0.0,0.0,0.0,0.0,0.0,0.0,
2026-07-16,2:00,0.0,0.0,12.7,17.0,0.0,0.0,0.0,0.0,0.0,0.0,10.3,13.2,0.0,0.0,0.0,0.0,0.0,0.0,0.0,0.0,0.0,0.0,0.0,0.0,0.0,0.0,0.0,
2026-07-16,2:30,0.0,0.0,10.1,17.6,0.0,0.0,0.0,0.0,0.0,0.0,13.0,12.6,0.0,0.0,0.0,0.0,0.0,0.0,3.5,3.2,0.0,0.0,0.0,0.0,0.0,0.0,0.0,
2026-07-16,3:00,0.0,0.0,7.8,19.1,0.0,0.0,0.0,0.0,0.0,0.0,12.8,14.1,0.0,0.0,0.0,0.0,0.0,0.0,3.7,4.5,0.0,0.0,0.0,0.0,0.0,0.0,0.0,
2026-07-16,3:30,0.0,0.0,7.2,21.4,0.0,0.0,0.0,0.0,0.0,0.0,12.8,12.5,0.0,0.0,0.0,0.0,0.0,0.0,0.0,0.0,0.0,0.0,0.0,0.0,0.0,0.0,0.0,
2026-07-16,4:00,0.0,0.0,4.7,23.0,0.0,0.0,0.0,0.0,0.0,0.0,12.0,14.3,0.0,0.0,0.0,0.0,0.0,0.0,0.0,0.0,0.0,0.0,0.0,0.0,0.0,0.0,0.0,
2026-07-16,4:30,0.0,0.0,2.0,21.2,0.0,0.0,1.5,0.0,0.0,0.0,10.6,12.5,0.0,0.0,0.0,0.0,0.0,0.0,0.0,0.0,0.0,0.0,0.0,0.0,0.0,0.0,0.0,
2026-07-16,5:00,0.0,0.0,0.1,22.6,0.0,0.0,4.1,0.0,0.0,0.0,11.6,13.9,0.0,0.0,0.0,0.0,0.0,0.0,0.0,0.0,0.0,0.0,0.0,0.0,0.0,0.0,0.0,
2026-07-16,5:30,0.0,0.0,0.0,19.4,0.0,0.4,4.9,0.0,0.0,0.0,8.9,11.4,0.0,0.0,0.0,0.0,0.0,0.0,0.0,0.0,0.0,0.0,0.0,0.0,0.0,0.0,0.0,
2026-07-16,6:00,0.0,0.0,0.0,17.0,0.0,1.7,2.6,0.0,0.0,0.0,11.1,13.9,0.0,0.0,0.0,0.0,0.0,0.0,16.6,19.0,0.0,0.0,0.0,0.0,0.0,0.0,0.0,
2026-07-16,6:30,0.0,0.0,0.5,16.2,2.9,2.0,3.8,0.2,0.0,0.0,8.4,11.7,2.1,2.0,0.8,0.0,0.0,0.3,26.2,24.3,1.4,2.0,0.1,0.0,0.0,0.0,0.0,
2026-07-16,7:00,0.0,0.0,1.6,19.3,8.7,0.0,0.4,5.5,0.5,16.4,9.3,10.8,48.3,34.9,16.5,0.0,2.4,4.5,32.1,29.2,21.4,27.8,4.2,0.5,0.5,2.2,0.5,
2026-07-16,7:30,0.0,0.1,1.8,17.2,9.4,0.0,0.5,15.8,8.8,39.9,15.0,12.7,123.9,85.7,50.9,0.0,4.9,10.0,40.2,32.8,55.7,71.5,11.3,0.6,0.1,4.6,1.0,
2026-07-16,8:00,0.0,0.1,0.1,15.0,6.9,0.0,2.5,25.2,18.8,59.7,17.6,14.4,187.4,152.6,76.4,0.0,7.4,11.6,36.6,38.0,80.7,109.4,14.4,0.3,0.6,6.8,2.4,
2026-07-16,8:30,0.0,0.7,0.0,10.7,8.5,0.0,3.5,29.9,37.1,64.6,18.2,15.6,195.7,161.3,81.7,0.1,9.6,12.2,29.1,34.3,83.9,115.3,15.2,1.4,2.9,8.7,4.4,
2026-07-16,9:00,0.1,0.8,0.0,7.5,16.2,0.2,11.3,30.0,38.1,66.1,18.2,15.6,200.2,164.2,83.4,0.2,11.6,12.4,26.0,24.5,84.9,116.3,15.5,5.0,8.0,10.5,7.9,
2026-07-16,9:30,0.1,1.0,0.0,11.3,18.8,0.5,28.7,29.7,38.5,66.6,17.5,15.6,203.6,166.1,84.4,0.3,13.3,12.5,32.1,27.9,85.0,115.8,15.8,5.4,11.0,12.0,12.4,
2026-07-16,10:00,0.1,1.1,0.0,15.0,20.0,3.7,44.6,29.8,38.6,67.5,15.4,15.4,206.8,169.1,85.4,0.2,14.7,12.6,43.7,36.9,84.2,114.4,16.0,5.6,13.0,13.4,14.4,
2026-07-16,10:30,0.1,1.2,0.0,21.4,21.7,4.5,63.7,29.5,38.8,68.3,18.1,15.5,207.3,169.1,85.9,0.4,15.6,12.4,44.2,38.3,83.7,113.2,15.9,5.1,14.5,14.3,15.2,
2026-07-16,11:00,0.1,1.2,0.0,22.4,20.5,6.6,66.2,29.4,38.7,68.5,17.5,14.9,209.2,170.0,86.2,0.4,16.4,12.5,44.9,31.1,84.1,113.1,15.8,5.6,18.6,15.2,15.4,
2026-07-16,11:30,0.2,1.3,0.0,22.3,20.9,7.7,65.7,29.4,38.7,69.3,17.2,15.0,211.2,171.3,86.9,0.4,16.8,12.1,39.0,23.7,85.3,114.1,15.3,3.8,16.2,15.7,15.2,
2026-07-16,12:00,0.4,1.3,0.0,24.6,22.0,7.7,72.3,29.8,38.7,69.2,17.5,14.8,212.7,172.7,87.5,0.4,17.0,12.3,44.9,24.9,84.8,113.5,15.0,4.8,15.4,16.1,15.1,
2026-07-16,12:30,0.4,1.3,0.0,26.3,23.1,10.6,76.4,29.2,39.1,69.9,17.0,15.5,212.2,172.1,87.1,0.4,16.8,12.3,47.5,26.3,84.4,114.2,15.4,5.9,21.0,15.8,15.2,
2026-07-16,13:00,0.4,1.2,0.0,28.0,24.8,9.1,82.2,29.5,38.7,69.9,17.5,15.2,211.1,171.7,87.1,0.4,16.1,12.2,48.8,27.9,85.9,116.3,15.3,5.7,24.5,15.2,15.4,
2026-07-16,13:30,0.3,1.2,0.0,28.5,26.0,10.5,82.7,29.8,38.9,69.2,17.0,15.3,211.3,172.0,87.0,0.4,15.4,12.2,63.5,36.8,86.0,117.2,15.2,6.0,23.2,14.3,15.3,
2026-07-16,14:00,0.3,1.1,0.0,28.5,28.4,9.7,78.9,30.0,39.1,68.8,16.5,15.6,211.8,172.7,87.3,0.4,14.3,12.3,97.1,63.4,86.4,118.0,15.4,5.9,22.7,13.1,15.5,
2026-07-16,14:30,0.3,1.0,0.0,28.5,27.4,9.1,87.2,30.2,39.1,68.6,17.2,15.6,210.4,171.6,86.7,0.3,12.8,12.3,82.9,53.5,85.9,118.5,15.4,5.4,24.9,11.8,15.4,
2026-07-16,15:00,0.3,0.9,0.0,28.5,30.2,10.1,80.3,30.2,39.0,67.8,16.8,14.5,207.0,169.4,85.8,0.3,11.1,12.4,55.9,37.6,85.4,117.6,15.4,6.7,29.5,10.1,14.8,
2026-07-16,15:30,0.2,0.8,0.0,29.6,40.1,9.9,84.3,29.4,38.7,65.0,16.3,15.4,201.9,164.6,83.2,0.3,9.0,12.1,41.1,34.9,82.6,114.5,15.2,7.7,35.9,8.2,13.5,
2026-07-16,16:00,0.2,0.6,0.0,30.3,54.9,9.1,88.6,23.0,37.4,53.5,16.7,15.5,186.5,150.2,76.5,0.2,6.7,11.4,45.7,38.6,75.1,90.2,14.4,8.2,39.6,6.1,10.9,
2026-07-16,16:30,0.1,0.4,0.0,30.3,65.7,9.1,78.4,13.1,33.7,26.7,16.3,15.4,116.5,77.3,42.6,0.2,4.1,8.4,30.8,30.1,41.3,50.7,10.9,8.9,41.5,3.7,4.2,
2026-07-16,17:00,0.0,0.0,0.0,30.3,62.3,8.0,77.5,3.6,18.6,7.8,13.4,10.0,33.1,26.9,13.7,0.1,1.7,2.8,21.8,23.5,12.7,12.7,3.7,8.5,36.7,1.4,0.1,
2026-07-16,17:30,0.0,0.0,0.0,30.3,49.2,8.3,76.0,0.0,4.8,0.0,14.5,13.2,0.6,0.8,0.4,0.1,0.0,0.1,10.7,20.8,0.1,0.0,0.1,7.5,27.4,0.0,0.0,
2026-07-16,18:00,0.0,0.0,22.5,30.3,37.6,9.5,75.7,0.0,0.0,0.0,14.4,13.6,0.0,0.0,0.0,0.0,0.0,0.0,7.2,12.6,0.0,0.0,0.0,5.7,18.0,0.0,0.0,
2026-07-16,18:30,0.0,0.0,47.2,30.3,33.6,7.2,73.1,0.0,0.0,0.0,15.2,13.5,0.0,0.0,0.0,0.0,0.0,0.0,8.0,14.9,0.0,0.0,0.0,5.1,17.5,0.0,0.0,
2026-07-16,19:00,0.0,0.0,46.9,30.3,32.6,7.5,70.2,0.0,0.0,0.0,12.4,12.0,0.0,0.0,0.0,0.0,0.0,0.0,17.8,22.3,0.0,0.0,0.0,7.0,21.6,0.0,0.0,
2026-07-16,19:30,0.0,0.0,50.0,29.2,34.2,5.8,63.5,0.0,0.0,0.0,10.1,10.7,0.0,0.0,0.0,0.0,0.0,0.0,17.6,25.3,0.0,0.0,0.0,7.3,21.6,0.0,0.0,
2026-07-16,20:00,0.0,0.0,50.4,26.9,31.0,4.2,67.4,0.0,0.0,0.0,11.5,12.0,0.0,0.0,0.0,0.0,0.0,0.0,24.4,24.7,0.0,0.0,0.0,6.3,22.3,0.0,0.0,
2026-07-16,20:30,0.0,0.0,50.0,21.2,29.9,3.9,59.3,0.0,0.0,0.0,12.8,12.2,0.0,0.0,0.0,0.0,0.0,0.0,16.6,25.1,0.0,0.0,0.0,6.6,29.9,0.0,0.0,
2026-07-16,21:00,0.0,0.0,40.2,17.3,31.7,2.0,63.8,0.0,0.0,0.0,8.9,10.8,0.0,0.0,0.0,0.0,0.0,0.0,7.3,17.9,0.0,0.0,0.0,6.8,28.2,0.0,0.0,
2026-07-16,21:30,0.0,0.0,35.4,14.2,35.9,3.4,63.6,0.0,0.0,0.0,9.7,9.9,0.0,0.0,0.0,0.0,0.0,0.0,6.5,20.0,0.0,0.0,0.0,7.7,28.7,0.0,0.0,
2026-07-16,22:00,0.0,0.0,27.6,12.1,42.9,2.5,63.3,0.0,0.0,0.0,8.3,10.9,0.0,0.0,0.0,0.0,0.0,0.0,2.6,9.6,0.0,0.0,0.0,9.3,28.8,0.0,0.0,
2026-07-16,22:30,0.0,0.0,21.5,11.8,46.0,2.6,65.6,0.0,0.0,0.0,5.9,7.7,0.0,0.0,0.0,0.0,0.0,0.0,0.9,2.6,0.0,0.0,0.0,10.5,33.2,0.0,0.0,
2026-07-16,23:00,0.0,0.0,18.3,13.5,41.8,3.1,79.2,0.0,0.0,0.0,9.5,12.0,0.0,0.0,0.0,0.0,0.0,0.0,0.7,0.5,0.0,0.0,0.0,10.4,34.0,0.0,0.0,
2026-07-16,23:30,0.0,0.0,17.1,17.4,42.2,3.9,85.5,0.0,0.0,0.0,11.8,12.8,0.0,0.0,0.0,0.0,0.0,0.0,1.0,3.2,0.0,0.0,0.0,13.1,39.2,0.0,0.0,
2026-07-16,0:00,0.0,0.0,18.2,20.6,38.4,5.3,33.4,0.0,0.0,0.0,11.5,11.7,0.0,0.0,0.0,0.0,0.0,0.0,9.9,18.6,0.0,0.0,0.0,10.9,30.9,0.0,0.0,
2026-07-17,0:30,0.0,0.0,14.6,23.1,37.3,5.4,101.9,0.0,0.0,0.0,13.5,14.3,0.0,0.0,0.0,0.0,0.0,0.0,27.7,45.0,0.0,0.0,0.0,10.2,24.6,0.0,0.0,
2026-07-17,1:00,0.0,0.0,10.1,24.3,35.5,4.4,115.8,0.0,0.0,0.0,13.4,12.9,0.0,0.0,0.0,0.0,0.0,0.0,21.5,31.6,0.0,0.0,0.0,10.8,28.1,0.0,0.0,
2026-07-17,1:30,0.0,0.0,7.4,23.1,37.2,7.8,109.2,0.0,0.0,0.0,12.4,13.5,0.0,0.0,0.0,0.0,0.0,0.0,23.6,27.5,0.0,0.0,0.0,10.6,32.7,0.0,0.0,
2026-07-17,2:00,0.0,0.0,10.9,28.3,50.8,6.9,121.5,0.0,0.0,0.0,11.8,12.2,0.0,0.0,0.0,0.0,0.0,0.0,31.5,28.3,0.0,0.0,0.0,12.0,36.3,0.0,0.0,
2026-07-17,2:30,0.0,0.0,15.7,27.1,45.9,6.5,122.8,0.0,0.0,0.0,13.4,13.2,0.0,0.0,0.0,0.0,0.0,0.0,63.1,62.0,0.0,0.0,0.0,13.4,35.1,0.0,0.0,
2026-07-17,3:00,0.0,0.0,13.0,24.9,41.9,9.8,129.4,0.0,0.0,0.0,10.3,11.2,0.0,0.0,0.0,0.0,0.0,0.0,80.2,83.0,0.0,0.0,0.0,15.0,37.9,0.0,0.0,
2026-07-17,3:30,0.0,0.0,5.6,22.5,55.5,8.9,133.1,0.0,0.0,0.0,13.1,12.7,0.0,0.0,0.0,0.0,0.0,0.0,96.0,99.5,0.0,0.0,0.0,15.9,39.8,0.0,0.0,
2026-07-17,4:00,0.0,0.0,2.6,22.6,58.4,6.2,105.1,0.0,0.0,0.0,10.4,10.4,0.0,0.0,0.0,0.0,0.0,0.0,100.7,93.4,0.0,0.0,0.0,16.1,40.1,0.0,0.0,
2026-07-17,4:30,0.0,0.0,0.1,25.1,59.0,8.4,113.3,0.0,0.0,0.0,10.0,10.7,0.0,0.0,0.0,0.0,0.0,0.0,94.9,97.4,0.0,0.0,0.0,16.3,40.8,0.0,0.0,
2026-07-17,5:00,0.0,0.0,0.6,25.7,49.8,8.7,79.3,0.0,0.0,0.0,9.7,9.5,0.0,0.0,0.0,0.0,0.0,0.0,104.7,91.3,0.0,0.0,0.0,18.4,43.7,0.0,0.0,
2026-07-17,5:30,0.0,0.0,1.0,25.1,65.2,6.4,81.5,0.0,0.0,0.0,10.6,11.2,0.0,0.0,0.0,0.0,0.0,0.0,81.8,78.0,0.0,0.0,0.0,17.4,42.6,0.0,0.0,
2026-07-17,6:00,0.0,0.0,1.2,22.7,66.0,6.3,94.4,0.0,0.0,0.0,11.5,11.6,0.0,0.0,0.0,0.0,0.0,0.0,35.4,46.7,0.0,0.0,0.0,19.1,46.7,0.0,0.0,
2026-07-17,6:30,0.0,0.0,1.5,21.1,63.4,7.3,106.5,0.3,0.0,0.0,9.5,10.1,2.2,2.3,1.1,0.0,0.0,0.4,23.6,24.0,1.6,2.1,0.1,20.4,53.7,0.0,0.1,
2026-07-17,7:00,0.0,0.0,1.2,18.1,56.8,5.5,96.2,5.6,0.2,17.4,7.7,9.6,50.1,38.0,19.2,0.0,2.3,4.8,14.4,19.3,24.0,28.7,4.4,20.3,55.9,2.3,1.0,
2026-07-17,7:30,0.0,0.0,2.5,20.4,55.5,5.7,91.1,15.7,4.5,41.1,8.0,7.8,128.1,99.7,46.0,0.0,4.9,10.2,9.0,10.6,59.3,72.2,11.5,19.5,51.6,4.7,2.0,
2026-07-17,8:00,0.0,0.1,3.3,25.8,41.0,6.4,90.4,24.8,9.5,60.7,10.5,11.0,194.8,156.5,79.0,0.0,7.3,11.5,7.1,5.6,80.3,109.2,14.4,13.7,43.7,6.9,6.4,
2026-07-17,8:30,0.1,0.7,3.1,25.3,39.1,6.3,77.4,29.6,18.8,64.9,12.0,10.8,202.0,163.5,82.5,0.0,9.5,11.9,5.1,2.5,83.4,114.5,14.9,12.5,36.5,8.8,14.8,
2026-07-17,9:00,0.2,0.8,5.4,21.0,40.9,11.2,97.7,30.2,19.5,65.9,10.4,10.2,206.8,167.6,84.4,0.0,11.3,12.0,3.6,1.1,84.8,115.0,15.0,13.0,26.5,10.7,15.6,
2026-07-17,9:30,0.3,1.0,7.4,21.3,39.1,11.4,116.6,29.8,19.9,66.7,12.3,12.0,208.5,169.3,85.9,0.1,12.9,11.9,13.3,4.5,84.8,115.5,15.0,11.6,24.8,12.2,15.6,
2026-07-17,10:00,0.3,1.1,6.3,24.4,39.8,17.6,130.5,29.8,19.9,67.2,13.8,12.6,209.9,170.7,86.5,0.2,14.1,12.0,40.4,20.9,85.3,115.3,14.9,11.7,30.2,13.6,15.6,
2026-07-17,10:30,0.4,1.2,5.4,24.0,55.0,19.4,152.3,29.8,19.9,67.7,15.9,14.7,209.9,170.8,86.5,0.2,15.4,11.9,86.1,66.8,85.1,114.5,14.9,11.9,28.5,15.0,15.5,
2026-07-17,11:00,0.4,1.2,8.8,22.2,41.5,20.2,154.3,29.4,20.0,68.0,17.1,15.3,209.3,170.4,86.3,0.4,16.2,11.9,88.9,91.3,84.6,113.5,14.9,13.1,31.5,15.9,15.4,
2026-07-17,11:30,0.4,1.3,15.0,21.3,55.5,19.7,150.8,29.4,19.9,68.7,15.8,15.2,209.3,170.3,86.2,0.2,16.6,12.1,89.5,0.9,84.3,113.2,15.1,14.0,35.8,16.4,15.4,
2026-07-17,12:00,0.4,1.3,14.6,18.9,71.8,22.3,154.0,29.4,19.9,68.7,15.8,14.0,210.7,171.2,86.7,0.2,16.9,12.3,109.6,1.1,84.2,113.2,15.1,17.3,48.5,16.5,15.4,
2026-07-17,12:30,0.4,1.3,12.9,19.8,79.1,21.7,151.1,29.4,20.1,69.0,15.6,14.2,211.6,171.9,87.0,0.5,16.5,12.3,97.6,95.6,85.1,115.0,15.2,20.8,55.5,16.2,15.4,
2026-07-17,13:00,0.4,1.2,20.6,24.0,74.4,22.2,158.1,29.6,20.1,69.6,12.7,13.7,212.7,172.8,87.3,0.2,15.9,12.4,94.9,92.2,85.8,116.8,15.3,18.7,51.8,15.6,15.5,
2026-07-17,13:30,0.4,1.2,36.2,24.4,74.2,22.1,146.0,30.0,20.2,69.7,11.3,12.4,213.8,172.7,87.3,0.2,15.6,12.4,85.9,87.9,86.5,118.6,15.5,18.5,54.4,14.9,15.6,
2026-07-17,14:00,0.4,1.1,43.6,25.3,80.3,19.8,168.3,30.1,20.3,69.8,10.7,13.1,215.4,173.3,87.8,0.4,14.4,12.5,101.2,96.0,87.8,120.3,15.8,18.3,56.4,13.6,15.4,
2026-07-17,14:30,0.3,1.0,44.8,25.9,83.6,22.4,183.5,30.2,20.2,69.8,10.0,12.6,214.1,173.0,87.2,0.4,12.9,12.6,112.9,110.2,87.7,120.1,15.9,18.5,58.7,12.4,15.1,
2026-07-17,15:00,0.3,0.9,44.7,27.4,79.4,23.3,181.0,30.1,20.2,69.1,13.6,14.2,211.7,170.5,86.1,0.3,11.1,12.4,112.0,113.0,86.5,119.3,15.8,18.2,59.7,10.6,14.6,
2026-07-17,15:30,0.2,0.8,48.4,27.0,85.9,22.4,176.6,29.1,19.9,65.4,15.9,14.4,206.0,166.1,84.0,0.3,9.0,12.1,121.7,116.2,84.1,116.4,15.3,19.4,62.4,8.6,13.5,
2026-07-17,16:00,0.2,0.6,40.2,27.5,90.4,23.1,185.1,23.2,19.2,54.3,16.0,14.9,190.5,153.6,77.6,0.2,6.7,11.2,119.2,117.5,76.4,91.9,14.3,20.5,66.4,6.4,11.1,
2026-07-17,16:30,0.1,0.4,43.4,24.9,97.1,17.4,171.7,13.3,17.7,27.3,15.9,15.6,118.0,85.9,46.9,0.2,4.1,8.4,110.1,114.5,41.6,51.4,10.8,23.1,73.2,4.0,4.7,
2026-07-17,17:00,0.1,0.1,43.2,26.3,97.4,19.7,178.1,3.5,10.0,8.2,14.6,13.1,35.1,25.4,14.5,0.1,1.6,2.9,107.0,102.6,13.0,13.1,3.7,23.1,73.8,1.6,0.2,
2026-07-17,17:30,0.0,0.0,37.9,25.6,91.3,21.5,162.5,0.0,2.6,0.0,12.8,13.1,0.4,0.9,0.4,0.0,0.0,0.1,95.2,109.6,0.1,0.0,0.1,21.7,70.3,0.0,0.0,
2026-07-17,18:00,0.0,0.0,40.4,27.5,86.4,19.2,152.6,0.0,0.0,0.0,11.6,12.9,0.0,0.0,0.0,0.0,0.0,0.0,104.2,118.3,0.0,0.0,0.0,21.5,64.8,0.0,0.0,
2026-07-17,18:30,0.0,0.0,36.0,26.9,84.5,15.1,135.7,0.0,0.0,0.0,13.1,13.2,0.0,0.0,0.0,0.0,0.0,0.0,89.4,106.1,0.0,0.0,0.0,21.5,61.4,0.0,0.0,
2026-07-17,19:00,0.0,0.0,30.9,23.1,70.6,8.5,119.1,0.0,0.0,0.0,11.3,11.4,0.0,0.0,0.0,0.0,0.0,0.0,79.9,96.5,0.0,0.0,0.0,19.5,57.1,0.0,0.0,
2026-07-17,19:30,0.0,0.0,30.1,21.7,58.8,5.9,104.6,0.0,0.0,0.0,9.5,11.5,0.0,0.0,0.0,0.0,0.0,0.0,79.1,93.1,0.0,0.0,0.0,18.8,60.3,0.0,0.0,
2026-07-17,20:00,0.0,0.0,28.8,23.9,67.3,5.6,99.2,0.0,0.0,0.0,8.7,10.4,0.0,0.0,0.0,0.0,0.0,0.0,74.9,87.9,0.0,0.0,0.0,21.5,45.4,0.0,0.0,
2026-07-17,20:30,0.0,0.0,22.9,23.9,72.0,4.0,66.5,0.0,0.0,0.0,10.9,12.1,0.0,0.0,0.0,0.0,0.0,0.0,30.4,36.9,0.0,0.0,0.0,19.1,43.2,0.0,0.0,
2026-07-17,21:00,0.0,0.0,16.4,23.7,60.5,2.7,72.1,0.0,0.0,0.0,8.8,11.4,0.0,0.0,0.0,0.0,0.0,0.0,16.8,11.0,0.0,0.0,0.0,16.2,36.7,0.0,0.0,
2026-07-17,21:30,0.0,0.0,12.3,21.0,36.8,3.7,59.3,0.0,0.0,0.0,11.4,12.2,0.0,0.0,0.0,0.0,0.0,0.0,8.6,0.8,0.0,0.0,0.0,10.8,26.3,0.0,0.0,
2026-07-17,22:00,0.0,0.0,8.6,19.2,37.7,3.2,49.3,0.0,0.0,0.0,7.0,10.9,0.0,0.0,0.0,0.0,0.0,0.0,20.8,0.1,0.0,0.0,0.0,9.5,20.8,0.0,0.0,
2026-07-17,22:30,0.0,0.0,7.8,19.7,28.4,2.3,35.5,0.0,0.0,0.0,10.5,11.6,0.0,0.0,0.0,0.0,0.0,0.0,30.3,10.6,0.0,0.0,0.0,7.7,17.7,0.0,0.0,
2026-07-17,23:00,0.0,0.0,7.4,17.9,28.2,1.5,28.5,0.0,0.0,0.0,8.9,11.3,0.0,0.0,0.0,0.0,0.0,0.0,35.6,33.3,0.0,0.0,0.0,7.7,20.9,0.0,0.0,
2026-07-17,23:30,0.0,0.0,7.9,18.7,23.1,1.3,19.0,0.0,0.0,0.0,6.1,9.8,0.0,0.0,0.0,0.0,0.0,0.0,45.9,49.3,0.0,0.0,0.0,6.8,17.6,0.0,0.0,
2026-07-17,0:00,0.0,0.0,9.2,18.8,19.7,0.8,3.7,0.0,0.0,0.0,7.4,8.1,0.0,0.0,0.0,0.0,0.0,0.0,34.1,37.1,0.0,0.0,0.0,5.8,16.1,0.0,0.0,
2026-07-18,0:30,0.0,0.0,11.7,21.2,22.3,0.1,29.6,0.0,0.0,0.0,7.9,7.2,0.0,0.0,0.0,0.0,0.0,0.0,9.4,11.6,0.0,0.0,0.0,6.2,14.2,0.0,0.0,
2026-07-18,1:00,0.0,0.0,10.9,17.7,24.1,0.0,21.2,0.0,0.0,0.0,8.6,7.5,0.0,0.0,0.0,0.0,0.0,0.0,5.7,6.9,0.0,0.0,0.0,5.7,13.2,0.0,0.0,
2026-07-18,1:30,0.0,0.0,9.9,28.2,18.9,1.0,24.7,0.0,0.0,0.0,9.9,9.5,0.0,0.0,0.0,0.0,0.0,0.0,1.9,3.1,0.0,0.0,0.0,5.3,10.4,0.0,0.0,
2026-07-18,2:00,0.0,0.0,10.9,27.5,24.6,0.9,16.8,0.0,0.0,0.0,12.7,13.4,0.0,0.0,0.0,0.0,0.0,0.0,4.4,9.2,0.0,0.0,0.0,6.0,11.3,0.0,0.0,
2026-07-18,2:30,0.0,0.0,12.5,27.7,17.6,0.0,13.0,0.0,0.0,0.0,13.5,13.5,0.0,0.0,0.0,0.0,0.0,0.0,4.0,9.0,0.0,0.0,0.0,4.4,12.3,0.0,0.0,
2026-07-18,3:00,0.0,0.0,16.6,28.2,15.2,0.6,15.8,0.0,0.0,0.0,11.5,12.1,0.0,0.0,0.0,0.0,0.0,0.0,2.4,6.6,0.0,0.0,0.0,3.5,10.3,0.0,0.0,
2026-07-18,3:30,0.0,0.0,18.6,26.5,18.1,0.1,10.0,0.0,0.0,0.0,9.1,11.2,0.0,0.0,0.0,0.0,0.0,0.0,2.3,4.0,0.0,0.0,0.0,4.0,11.7,0.0,0.0,
2026-07-18,4:00,0.0,0.0,15.5,26.8,21.2,0.2,17.1,0.0,0.0,0.0,11.9,13.0,0.0,0.0,0.0,0.0,0.0,0.0,1.3,0.4,0.0,0.0,0.0,5.5,11.4,0.0,0.0,
2026-07-18,4:30,0.0,0.0,12.6,24.9,15.0,0.0,18.5,0.0,0.0,0.0,12.4,11.4,0.0,0.0,0.0,0.0,0.0,0.0,0.0,0.0,0.0,0.0,0.0,4.1,11.4,0.0,0.0,
2026-07-18,5:00,0.0,0.0,13.8,26.4,14.2,0.3,13.8,0.0,0.0,0.0,10.2,11.0,0.0,0.0,0.0,0.0,0.0,0.0,0.0,0.0,0.0,0.0,0.0,4.3,7.2,0.0,0.0,
2026-07-18,5:30,0.0,0.0,16.9,27.5,12.4,0.0,11.5,0.0,0.0,0.0,9.8,10.7,0.0,0.0,0.0,0.0,0.0,0.0,0.0,0.0,0.0,0.0,0.0,2.7,6.7,0.0,0.0,
2026-07-18,6:00,0.0,0.0,12.5,26.3,9.7,2.0,10.1,0.0,0.0,0.0,9.8,11.2,0.0,0.0,0.0,0.0,0.0,0.0,0.0,0.0,0.0,0.0,0.0,3.3,7.2,0.0,0.0,
2026-07-18,6:30,0.0,0.0,15.8,28.9,8.2,1.6,6.7,0.2,0.0,0.0,11.0,11.5,2.2,2.1,1.0,0.0,0.0,0.5,0.0,0.0,1.7,2.2,0.1,1.7,4.2,0.0,0.2,
2026-07-18,7:00,0.0,0.0,13.0,29.4,5.0,0.9,3.7,5.4,0.2,17.5,13.2,14.0,49.3,38.9,18.7,0.0,2.4,4.9,0.0,0.0,24.2,28.8,4.5,1.3,4.1,2.4,1.1,
2026-07-18,7:30,0.0,0.1,14.8,27.9,6.9,0.0,2.4,15.6,9.2,41.4,11.7,13.3,128.8,102.7,50.5,0.0,4.9,10.3,0.0,0.0,59.3,71.9,11.6,2.0,4.9,4.7,3.0,
2026-07-18,8:00,0.0,0.1,14.0,25.4,6.6,0.0,1.6,24.8,17.2,61.1,6.8,11.3,192.7,155.3,78.6,0.0,7.4,11.6,0.0,0.0,81.1,109.9,14.5,1.6,5.9,7.0,9.7,
2026-07-18,8:30,0.1,0.6,11.4,23.7,4.3,0.0,0.0,29.8,30.6,66.4,10.5,12.2,199.8,161.2,81.6,0.2,9.5,12.0,1.2,0.0,83.6,114.7,15.0,1.5,5.1,9.0,14.9,
2026-07-18,9:00,0.1,0.8,8.7,23.7,1.0,0.0,0.0,30.0,31.2,67.4,11.6,14.2,203.2,164.5,83.6,0.3,11.3,12.1,6.8,0.0,84.5,115.4,15.1,0.4,0.0,10.8,15.1,
2026-07-18,9:30,0.1,1.0,5.6,21.3,0.9,0.0,0.0,30.0,31.5,67.6,11.8,11.2,204.9,167.0,84.8,0.3,12.9,12.0,5.6,0.0,84.6,115.2,15.0,0.1,0.3,12.4,15.6,
2026-07-18,10:00,0.4,1.1,10.6,20.2,2.0,0.5,0.6,29.9,31.6,67.9,11.2,11.6,205.6,167.6,85.1,0.2,14.1,12.0,2.7,0.0,85.3,115.5,15.0,0.0,0.4,13.8,15.5,
2026-07-18,10:30,0.4,1.2,14.6,21.7,0.1,4.3,33.0,29.5,31.6,67.1,8.4,7.1,205.8,167.7,85.1,0.2,15.1,12.0,0.0,0.0,85.3,115.2,14.9,0.0,2.9,14.8,15.3,
2026-07-18,11:00,0.4,1.2,21.4,22.6,0.0,2.9,24.7,29.3,31.5,67.3,8.9,8.2,205.6,167.7,85.1,0.4,15.8,12.0,0.0,0.0,84.6,113.9,15.0,0.0,4.8,15.4,15.2,
2026-07-18,11:30,0.4,1.3,29.8,20.9,0.0,0.6,4.1,29.6,31.5,66.7,8.8,9.1,205.4,167.4,85.1,0.4,16.2,12.0,0.0,0.0,84.1,113.1,15.1,0.0,0.9,15.9,15.2,
2026-07-18,12:00,0.4,1.3,33.6,15.9,0.0,3.3,9.7,29.6,31.7,67.1,8.5,10.5,204.8,167.1,84.7,0.4,16.3,12.0,0.0,0.0,84.0,112.8,15.1,0.0,0.0,15.9,15.3,
2026-07-18,12:30,0.4,1.3,33.4,13.9,2.6,1.3,8.5,29.5,31.7,66.6,13.2,12.8,204.6,166.8,84.8,0.4,16.0,12.1,0.0,0.0,84.1,112.6,15.2,0.8,2.6,15.6,15.4,
2026-07-18,13:00,0.4,1.3,31.9,22.0,1.7,1.4,17.5,29.7,38.9,66.5,14.1,12.5,204.8,167.6,84.9,0.4,16.0,12.1,0.0,0.0,84.7,113.6,15.2,0.3,1.6,15.2,15.6,
2026-07-18,13:30,0.4,1.2,26.9,20.3,3.2,1.8,19.7,29.8,39.0,68.5,13.3,12.7,206.2,168.2,85.4,0.4,15.2,12.2,9.8,0.0,85.5,115.5,15.2,0.8,2.2,14.4,15.7,
2026-07-18,14:00,0.4,1.1,23.9,17.2,6.0,2.2,20.0,30.3,39.1,68.8,17.0,13.4,211.2,167.3,87.0,0.4,14.2,12.0,58.5,20.9,86.1,116.6,15.4,2.0,8.0,13.5,15.7,
2026-07-18,14:30,0.3,1.1,29.2,14.9,4.4,4.7,37.5,30.4,39.2,68.9,14.6,14.2,212.6,172.0,87.2,0.4,12.8,11.9,92.3,64.8,86.8,118.5,15.4,1.4,4.9,11.9,15.4,
2026-07-18,15:00,0.3,0.9,33.9,17.4,8.1,3.9,33.6,30.6,39.2,68.7,15.7,14.6,210.1,170.1,86.3,0.3,11.2,11.9,96.3,115.4,86.3,118.1,15.2,2.0,7.6,10.4,14.8,
2026-07-18,15:30,0.2,0.8,33.8,21.4,9.5,4.0,36.8,30.0,39.0,67.0,14.8,13.2,205.1,166.7,84.4,0.2,9.3,11.9,119.9,125.7,83.9,115.3,14.9,2.0,7.7,8.5,13.7,
2026-07-18,16:00,0.2,0.6,32.8,16.7,13.3,2.8,32.1,23.5,38.1,55.9,14.6,13.2,189.3,153.8,78.1,0.1,6.9,11.2,130.7,126.7,75.4,90.3,14.0,2.2,9.8,6.3,11.0,
2026-07-18,16:30,0.1,0.4,32.9,11.4,16.4,3.2,41.9,13.8,34.1,28.7,11.2,11.6,118.7,78.6,43.1,0.1,4.4,8.6,134.7,127.8,41.4,51.3,10.7,3.0,14.8,3.9,4.3,
2026-07-18,17:00,0.1,0.0,39.9,7.4,19.8,5.0,61.0,3.9,19.3,8.7,10.0,10.2,35.8,29.3,15.2,0.1,1.8,2.8,131.1,127.4,13.3,13.3,3.8,3.7,17.5,1.6,0.2,
2026-07-18,17:30,0.0,0.0,38.5,5.9,17.3,7.1,77.1,0.0,4.9,0.0,9.8,9.7,0.7,1.0,0.2,0.0,0.0,0.1,123.8,123.3,0.1,0.0,0.1,4.0,19.0,0.0,0.0,
2026-07-18,18:00,0.0,0.0,32.8,7.3,14.1,6.6,75.8,0.0,0.0,0.0,10.7,10.0,0.0,0.0,0.0,0.0,0.0,0.0,110.6,119.6,0.0,0.0,0.0,3.3,16.1,0.0,0.0,
2026-07-18,18:30,0.0,0.0,29.5,7.1,10.6,5.1,64.1,0.0,0.0,0.0,8.0,9.3,0.0,0.0,0.0,0.0,0.0,0.0,69.3,94.5,0.0,0.0,0.0,3.2,11.7,0.0,0.0,
2026-07-18,19:00,0.0,0.0,26.8,7.7,6.4,4.7,49.5,0.0,0.0,0.0,6.3,6.8,0.0,0.0,0.0,0.0,0.0,0.0,72.0,75.5,0.0,0.0,0.0,1.1,6.7,0.0,0.0,
2026-07-18,19:30,0.0,0.0,24.3,7.7,15.2,1.8,23.2,0.0,0.0,0.0,1.8,2.7,0.0,0.0,0.0,0.0,0.0,0.0,21.3,30.9,0.0,0.0,0.0,2.8,13.4,0.0,0.0,
2026-07-18,20:00,0.0,0.0,18.5,7.0,13.5,0.3,10.2,0.0,0.0,0.0,1.7,1.7,0.0,0.0,0.0,0.0,0.0,0.0,3.9,13.4,0.0,0.0,0.0,2.6,11.9,0.0,0.0,
2026-07-18,20:30,0.0,0.0,12.1,6.6,27.0,1.0,20.4,0.0,0.0,0.0,1.2,2.4,0.0,0.0,0.0,0.0,0.0,0.0,2.8,7.3,0.0,0.0,0.0,5.5,18.2,0.0,0.0,
2026-07-18,21:00,0.0,0.0,8.6,5.7,7.9,1.0,21.9,0.0,0.0,0.0,1.3,2.7,0.0,0.0,0.0,0.0,0.0,0.0,24.3,18.6,0.0,0.0,0.0,2.8,9.8,0.0,0.0,
2026-07-18,21:30,0.0,0.0,5.0,7.1,3.3,1.0,16.6,0.0,0.0,0.0,2.7,2.9,0.0,0.0,0.0,0.0,0.0,0.0,97.9,106.5,0.0,0.0,0.0,1.1,5.6,0.0,0.0,
2026-07-18,22:00,0.0,0.0,2.9,9.6,5.5,0.1,11.5,0.0,0.0,0.0,2.1,3.9,0.0,0.0,0.0,0.0,0.0,0.0,48.4,57.6,0.0,0.0,0.0,1.5,5.8,0.0,0.0,
2026-07-18,22:30,0.0,0.0,1.0,7.2,7.0,0.0,8.8,0.0,0.0,0.0,3.8,6.2,0.0,0.0,0.0,0.0,0.0,0.0,5.8,11.7,0.0,0.0,0.0,1.8,8.9,0.0,0.0,
2026-07-18,23:00,0.0,0.0,0.0,6.6,6.3,0.2,11.6,0.0,0.0,0.0,4.9,7.4,0.0,0.0,0.0,0.0,0.0,0.0,0.1,0.0,0.0,0.0,0.0,2.0,7.8,0.0,0.0,
2026-07-18,23:30,0.0,0.0,0.0,8.9,5.5,0.4,6.0,0.0,0.0,0.0,3.8,5.6,0.0,0.0,0.0,0.0,0.0,0.0,0.6,0.0,0.0,0.0,0.0,2.1,8.3,0.0,0.0,
2026-07-18,0:00,0.0,0.0,0.0,8.0,1.9,0.0,1.4,0.0,0.0,0.0,2.7,4.5,0.0,0.0,0.0,0.0,0.0,0.0,0.0,0.0,0.0,0.0,0.0,0.3,0.0,0.0,0.0,
2026-07-19,0:30,0.0,0.0,0.0,6.3,0.0,0.0,0.6,0.0,0.0,0.0,1.3,2.7,0.0,0.0,0.0,0.0,0.0,0.0,0.0,0.0,0.0,0.0,0.0,0.0,0.0,0.0,0.0,
2026-07-19,1:00,0.0,0.0,0.0,4.7,0.0,0.0,0.1,0.0,0.0,0.0,1.1,2.5,0.0,0.0,0.0,0.0,0.0,0.0,0.0,0.0,0.0,0.0,0.0,0.0,0.0,0.0,0.0,
2026-07-19,1:30,0.0,0.0,0.2,2.6,0.0,0.0,0.0,0.0,0.0,0.0,1.6,3.7,0.0,0.0,0.0,0.0,0.0,0.0,0.0,0.0,0.0,0.0,0.0,0.0,0.2,0.0,0.0,
2026-07-19,2:00,0.0,0.0,1.6,2.4,0.0,0.0,0.0,0.0,0.0,0.0,1.4,3.4,0.0,0.0,0.0,0.0,0.0,0.0,0.0,0.0,0.0,0.0,0.0,0.4,1.0,0.0,0.0,
2026-07-19,2:30,0.0,0.0,4.1,2.3,0.7,0.0,0.0,0.0,0.0,0.0,1.1,2.1,0.0,0.0,0.0,0.0,0.0,0.0,0.0,0.0,0.0,0.0,0.0,1.1,4.1,0.0,0.0,
2026-07-19,3:00,0.0,0.0,5.2,3.2,0.1,0.0,0.0,0.0,0.0,0.0,0.6,2.1,0.0,0.0,0.0,0.0,0.0,0.0,0.0,0.0,0.0,0.0,0.0,0.4,2.3,0.0,0.0,
2026-07-19,3:30,0.0,0.0,4.8,3.7,0.0,0.0,0.0,0.0,0.0,0.0,1.8,3.8,0.0,0.0,0.0,0.0,0.0,0.0,0.0,0.0,0.0,0.0,0.0,0.2,2.3,0.0,0.0,
2026-07-19,4:00,0.0,0.0,3.3,3.5,0.0,0.0,0.0,0.0,0.0,0.0,3.4,6.4,0.0,0.0,0.0,0.0,0.0,0.0,0.0,0.0,0.0,0.0,0.0,0.0,0.6,0.0,0.0,
2026-07-19,4:30,0.0,0.0,4.3,4.3,0.0,0.0,0.0,0.0,0.0,0.0,3.9,6.8,0.0,0.0,0.0,0.0,0.0,0.0,0.0,0.0,0.0,0.0,0.0,0.0,0.0,0.0,0.0,
2026-07-19,5:00,0.0,0.0,4.0,6.7,0.0,0.0,0.0,0.0,0.0,0.0,4.9,6.9,0.0,0.0,0.0,0.0,0.0,0.0,0.0,0.0,0.0,0.0,0.0,0.0,0.0,0.0,0.0,
2026-07-19,5:30,0.0,0.0,4.2,7.0,0.0,0.0,0.0,0.0,0.0,0.0,5.0,7.4,0.0,0.0,0.0,0.0,0.0,0.0,23.6,23.1,0.0,0.0,0.0,0.0,0.0,0.0,0.0,
2026-07-19,6:00,0.0,0.0,3.8,8.9,0.0,0.0,0.0,0.0,0.0,0.0,4.3,6.1,0.0,0.0,0.0,0.0,0.0,0.0,35.1,32.0,0.0,0.0,0.0,0.0,0.0,0.0,0.0,
2026-07-19,6:30,0.0,0.0,1.3,5.1,0.0,0.0,0.0,0.2,0.0,0.0,4.1,6.4,2.2,2.0,1.0,0.0,0.0,0.5,16.2,13.0,1.8,2.3,0.1,0.0,0.0,0.0,2.5,
2026-07-19,7:00,0.0,0.0,0.0,5.7,0.0,0.0,0.0,5.7,0.4,18.4,5.7,7.8,52.4,41.6,19.8,0.0,2.5,4.9,0.2,0.6,24.9,29.7,4.5,0.0,0.0,2.5,9.4,
2026-07-19,7:30,0.0,0.1,0.0,8.2,0.0,0.0,0.0,16.0,9.3,42.1,7.0,8.6,133.0,103.0,53.7,0.0,5.2,10.4,0.0,0.0,60.7,73.9,11.7,0.0,0.0,4.9,13.5,
2026-07-19,8:00,0.0,0.1,0.0,12.7,0.0,0.0,0.0,25.2,19.3,65.9,5.4,8.3,197.0,159.7,80.5,0.0,7.7,11.7,0.6,0.0,81.6,110.8,14.6,0.0,0.0,7.3,14.3,
2026-07-19,8:30,0.0,0.1,0.2,19.2,0.0,0.0,0.0,30.2,37.4,67.6,6.4,9.2,203.9,165.7,83.9,0.0,9.8,12.3,0.0,0.0,85.2,116.5,15.3,0.0,0.0,9.3,15.6,
2026-07-19,9:00,0.0,0.3,0.2,20.1,0.0,0.0,0.0,30.5,38.6,69.1,8.1,8.4,207.1,167.2,84.9,0.0,11.5,12.4,11.9,2.2,87.0,119.0,15.6,0.0,0.1,11.1,15.7,
2026-07-19,9:30,0.1,0.9,0.0,15.8,0.0,0.0,0.0,30.2,39.2,69.4,8.4,7.8,206.6,168.1,86.2,0.1,13.1,12.3,20.4,12.0,87.6,119.5,15.5,0.4,2.2,12.7,15.5,
2026-07-19,10:00,0.1,1.0,0.0,10.1,4.6,0.0,0.1,30.4,39.1,68.9,9.2,7.8,206.6,170.3,86.7,0.1,10.8,12.2,30.3,16.4,87.3,118.4,15.4,1.1,4.4,14.0,15.4,
2026-07-19,10:30,0.1,1.1,0.0,10.6,16.0,0.0,0.0,30.2,39.5,68.6,8.3,8.3,206.9,171.1,86.7,0.2,14.8,12.1,18.1,10.3,87.0,117.8,15.3,4.0,14.0,14.9,16.0,
2026-07-19,11:00,0.1,1.2,0.0,10.3,15.3,0.0,0.7,30.1,39.4,68.3,10.8,10.8,207.7,170.6,86.4,0.2,13.5,12.3,11.8,6.2,87.5,117.9,15.6,4.8,15.0,15.5,15.8,
2026-07-19,11:30,0.1,1.3,0.0,9.9,13.2,0.3,1.9,30.3,39.4,68.8,12.4,10.4,212.4,173.5,87.8,0.2,15.9,12.5,1.1,0.9,88.3,118.7,15.8,4.4,17.9,16.2,6.0,
2026-07-19,12:00,0.1,1.3,0.7,9.4,11.1,0.2,1.7,30.6,39.6,71.3,11.9,11.3,213.5,171.9,87.8,0.1,15.5,12.6,1.0,0.0,89.7,120.5,16.1,3.4,15.0,16.6,5.2,
2026-07-19,12:30,0.3,1.3,1.7,10.1,7.0,0.5,2.5,30.8,39.8,70.7,12.6,10.8,209.4,162.0,86.3,0.1,15.6,11.0,0.1,0.0,89.6,120.0,15.4,3.7,13.8,16.1,6.3,
2026-07-19,13:00,0.3,1.3,2.9,9.7,0.4,1.7,6.3,30.5,40.0,71.5,12.4,12.4,217.1,173.3,87.9,0.1,10.8,11.1,0.0,0.0,89.5,119.9,13.2,1.2,7.9,15.9,8.8,
2026-07-19,13:30,0.2,1.2,4.5,9.2,0.0,1.3,7.3,29.9,39.8,70.7,13.7,12.9,221.6,177.0,89.4,0.2,15.3,12.1,0.0,0.0,89.4,120.5,15.0,0.7,3.3,15.1,14.4,
2026-07-19,14:00,0.4,1.1,5.7,9.4,0.0,1.1,7.7,29.1,38.7,68.7,13.4,14.2,223.1,177.6,89.6,0.2,14.1,12.2,0.0,0.0,87.0,118.6,15.2,0.6,2.6,14.0,15.4,
2026-07-19,14:30,0.3,1.1,5.7,6.1,2.7,2.0,13.0,29.1,38.0,72.4,13.0,13.0,223.0,177.6,89.5,0.2,12.6,12.4,60.3,8.8,85.0,116.1,15.7,0.7,3.2,12.7,15.2,
2026-07-19,15:00,0.3,0.9,1.7,5.6,6.5,1.7,11.1,28.2,37.8,70.0,13.6,13.2,218.7,175.0,88.0,0.3,10.9,12.1,87.0,90.6,82.6,113.0,15.3,1.6,7.5,10.9,14.6,
2026-07-19,15:30,0.2,0.8,1.4,7.3,20.9,3.0,16.0,25.7,36.4,67.2,14.3,12.5,211.3,169.6,85.6,0.3,8.8,11.3,74.5,103.3,76.1,105.2,14.3,2.9,6.6,8.8,13.7,
2026-07-19,16:00,0.2,0.6,2.5,8.2,19.9,2.4,24.2,19.4,33.5,56.0,17.5,14.8,191.7,156.7,79.4,0.2,6.4,10.2,80.1,100.4,64.9,79.5,13.0,2.6,11.0,6.6,11.6,
2026-07-19,16:30,0.1,0.4,5.1,6.4,23.7,3.7,32.3,10.8,28.1,28.8,15.7,13.4,120.4,78.8,44.2,0.1,4.1,7.1,64.9,74.7,34.3,41.7,9.0,2.9,11.7,4.0,4.9,
2026-07-19,17:00,0.1,0.1,6.3,5.0,25.1,3.9,35.8,2.4,15.4,8.9,14.5,11.0,36.8,29.4,15.2,0.0,1.7,2.2,70.1,83.5,12.0,12.1,2.9,3.5,14.0,1.5,0.3,
2026-07-19,17:30,0.0,0.0,10.5,3.3,27.3,3.2,27.4,0.0,3.2,0.0,11.3,12.0,0.8,1.0,0.2,0.0,0.0,0.1,72.6,77.1,0.2,0.0,0.1,4.3,18.5,0.0,0.0,
2026-07-19,18:00,0.0,0.0,8.0,4.7,21.5,1.4,21.8,0.0,0.0,0.0,8.4,9.5,0.0,0.0,0.0,0.0,0.0,0.0,90.5,92.6,0.0,0.0,0.0,4.3,17.7,0.0,0.0,
2026-07-19,18:30,0.0,0.0,7.4,5.2,22.8,1.9,17.2,0.0,0.0,0.0,5.8,6.6,0.0,0.0,0.0,0.0,0.0,0.0,99.1,107.2,0.0,0.0,0.0,5.5,20.1,0.0,0.0,
2026-07-19,19:00,0.0,0.0,8.4,4.7,29.3,0.8,12.8,0.0,0.0,0.0,2.9,4.0,0.0,0.0,0.0,0.0,0.0,0.0,97.9,111.7,0.0,0.0,0.0,7.1,23.8,0.0,0.0,
2026-07-19,19:30,0.0,0.0,9.6,4.7,34.5,1.1,11.4,0.0,0.0,0.0,0.0,0.6,0.0,0.0,0.0,0.0,0.0,0.0,99.3,100.4,0.0,0.0,0.0,7.8,26.2,0.0,0.0,
2026-07-19,20:00,0.0,0.0,6.4,3.1,34.7,1.2,3.7,0.0,0.0,0.0,0.0,0.0,0.0,0.0,0.0,0.0,0.0,0.0,72.1,77.2,0.0,0.0,0.0,7.1,26.2,0.0,0.0,
2026-07-19,20:30,0.0,0.0,5.7,2.9,21.8,0.8,1.5,0.0,0.0,0.0,0.0,0.0,0.0,0.0,0.0,0.0,0.0,0.0,46.8,38.7,0.0,0.0,0.0,3.5,14.1,0.0,0.0,
2026-07-19,21:00,0.0,0.0,9.7,3.2,16.1,0.0,2.2,0.0,0.0,0.0,0.0,0.1,0.0,0.0,0.0,0.0,0.0,0.0,33.4,28.3,0.0,0.0,0.0,2.1,9.7,0.0,0.0,
2026-07-19,21:30,0.0,0.0,14.3,3.8,12.8,0.2,0.2,0.0,0.0,0.0,0.0,0.0,0.0,0.0,0.0,0.0,0.0,0.0,9.0,15.0,0.0,0.0,0.0,1.1,7.2,0.0,0.0,
2026-07-19,22:00,0.0,0.0,12.7,4.7,6.3,0.0,0.0,0.0,0.0,0.0,0.0,0.0,0.0,0.0,0.0,0.0,0.0,0.0,0.6,0.9,0.0,0.0,0.0,0.7,4.9,0.0,0.0,
2026-07-19,22:30,0.0,0.0,9.3,5.5,4.0,0.0,0.9,0.0,0.0,0.0,0.0,0.3,0.0,0.0,0.0,0.0,0.0,0.0,0.0,0.0,0.0,0.0,0.0,0.6,1.9,0.0,0.0,
2026-07-19,23:00,0.0,0.0,7.3,6.6,0.4,0.0,2.1,0.0,0.0,0.0,0.0,0.0,0.0,0.0,0.0,0.0,0.0,0.0,0.0,0.0,0.0,0.0,0.0,0.0,0.5,0.0,0.0,
2026-07-19,23:30,0.0,0.0,5.5,8.7,0.0,0.0,1.3,0.0,0.0,0.0,0.0,0.0,0.0,0.0,0.0,0.0,0.0,0.0,0.0,0.0,0.0,0.0,0.0,0.0,0.0,0.0,0.0,
2026-07-19,0:00,0.0,0.0,6.1,4.9,0.0,0.0,0.0,0.0,0.0,0.0,0.0,0.0,0.0,0.0,0.0,0.0,0.0,0.0,0.0,0.0,0.0,0.0,0.0,0.0,0.0,0.0,0.0,
2026-07-20,0:30,0.0,0.0,10.0,3.4,0.0,0.0,0.0,0.0,0.0,0.0,0.0,0.0,0.0,0.0,0.0,0.0,0.0,0.0,0.0,0.0,0.0,0.0,0.0,0.0,0.0,0.0,0.0,
2026-07-20,1:00,0.0,0.0,10.6,2.5,0.0,0.0,0.0,0.0,0.0,0.0,0.0,0.0,0.0,0.0,0.0,0.0,0.0,0.0,0.0,0.0,0.0,0.0,0.0,0.0,0.0,0.0,0.0,
2026-07-20,1:30,0.0,0.0,10.9,2.3,0.0,0.0,0.3,0.0,0.0,0.0,0.0,0.0,0.0,0.0,0.0,0.0,0.0,0.0,0.0,0.0,0.0,0.0,0.0,0.0,0.0,0.0,0.0,
2026-07-20,2:00,0.0,0.0,10.8,2.1,0.0,0.0,0.0,0.0,0.0,0.0,0.0,0.0,0.0,0.0,0.0,0.0,0.0,0.0,0.0,0.0,0.0,0.0,0.0,0.0,0.0,0.0,0.0,
2026-07-20,2:30,0.0,0.0,10.9,2.6,0.0,0.0,0.0,0.0,0.0,0.0,0.0,0.0,0.0,0.0,0.0,0.0,0.0,0.0,0.0,0.0,0.0,0.0,0.0,0.0,0.0,0.0,0.0,
2026-07-20,3:00,0.0,0.0,10.4,2.7,0.0,0.0,0.0,0.0,0.0,0.0,0.0,0.0,0.0,0.0,0.0,0.0,0.0,0.0,0.4,0.0,0.0,0.0,0.0,0.0,0.0,0.0,0.0,
2026-07-20,3:30,0.0,0.0,10.2,4.5,0.0,0.0,0.0,0.0,0.0,0.0,0.0,0.5,0.0,0.0,0.0,0.0,0.0,0.0,1.1,0.0,0.0,0.0,0.0,0.0,0.0,0.0,0.0,
2026-07-20,4:00,0.0,0.0,10.4,5.9,0.0,0.0,0.0,0.0,0.0,0.0,0.0,0.0,0.0,0.0,0.0,0.0,0.0,0.0,2.5,0.0,0.0,0.0,0.0,0.0,0.0,0.0,0.0,
2026-07-20,4:30,0.0,0.0,10.2,7.1,0.0,0.0,0.0,0.0,0.0,0.0,0.0,0.0,0.0,0.0,0.0,0.0,0.0,0.0,1.0,0.0,0.0,0.0,0.0,0.0,0.0,0.0,0.0,
2026-07-20,5:00,0.0,0.0,9.5,7.5,0.0,0.0,0.0,0.0,0.0,0.0,0.0,0.0,0.0,0.0,0.0,0.0,0.0,0.0,1.1,0.0,0.0,0.0,0.0,0.0,0.0,0.0,0.0,
2026-07-20,5:30,0.0,0.0,8.3,8.0,0.0,0.0,0.0,0.0,0.0,0.0,0.1,0.9,0.0,0.0,0.0,0.0,0.0,0.0,4.4,0.0,0.0,0.0,0.0,0.0,1.2,0.0,0.0,
2026-07-20,6:00,0.0,0.0,15.5,8.3,0.0,0.0,0.0,0.0,0.0,0.0,0.9,2.4,0.0,0.0,0.0,0.0,0.0,0.0,6.8,0.7,0.0,0.0,0.0,0.0,0.4,0.0,0.0,
2026-07-20,6:30,0.0,0.0,15.8,8.4,0.0,0.0,0.0,0.2,0.0,0.0,0.1,0.7,2.2,2.1,1.0,0.0,0.0,0.3,9.4,3.8,1.8,2.4,0.1,0.0,1.6,0.0,0.5,
2026-07-20,7:00,0.0,0.0,13.9,7.7,0.0,0.0,0.0,5.5,0.2,18.7,0.1,0.6,53.1,38.2,22.3,0.0,2.3,4.1,6.0,0.0,22.0,26.0,3.7,0.0,1.3,2.5,1.0,
2026-07-20,7:30,0.0,0.1,12.4,6.0,0.0,0.0,0.0,15.9,0.5,42.7,0.2,0.8,136.0,94.8,55.5,0.0,4.8,9.6,4.6,0.0,57.1,69.0,10.8,0.4,1.4,5.0,1.2,
2026-07-20,8:00,0.1,0.1,17.5,3.7,0.0,0.0,0.0,25.3,1.3,63.4,0.7,1.3,201.6,161.7,81.7,0.0,7.4,11.3,6.6,1.7,80.5,108.2,14.1,0.0,1.2,7.3,1.6,
2026-07-20,8:30,0.1,0.3,17.0,8.3,0.0,0.0,0.0,30.3,1.3,67.5,0.9,1.0,206.9,167.1,84.6,0.1,9.5,11.9,10.7,3.4,84.5,115.9,14.9,0.0,0.0,9.4,2.8,
2026-07-20,9:00,0.1,0.9,14.8,7.4,0.0,0.0,0.0,30.4,1.3,68.7,1.0,1.2,210.0,170.3,86.4,0.1,11.3,12.3,3.9,0.0,85.0,116.4,15.8,0.4,1.1,11.2,4.0,
2026-07-20,9:30,0.3,1.0,10.4,5.8,0.0,0.0,0.0,30.5,1.3,68.8,1.4,1.6,210.7,171.8,87.1,0.1,12.8,12.4,1.9,0.0,86.0,116.9,15.9,0.2,2.9,12.9,5.2,
2026-07-20,10:00,0.3,1.1,9.4,3.5,0.0,0.0,0.0,30.5,1.3,68.3,1.8,2.2,213.0,173.1,87.9,0.1,14.1,12.6,1.4,0.0,86.4,116.8,15.6,0.0,4.5,14.3,8.0,
2026-07-20,10:30,0.4,1.2,18.2,3.2,0.0,0.0,0.0,30.1,1.3,67.7,2.4,3.4,210.5,170.4,86.7,0.2,15.1,12.6,0.0,0.0,86.8,116.8,15.7,0.3,4.2,15.5,12.5,
2026-07-20,11:00,0.4,1.2,18.5,3.2,0.0,1.0,7.2,30.5,1.3,68.9,6.2,7.9,214.2,173.7,88.1,0.2,16.0,12.4,0.0,0.0,87.3,117.4,15.5,0.2,2.1,16.2,15.4,
2026-07-20,11:30,0.4,1.2,25.1,2.7,0.0,1.3,15.4,30.4,1.4,70.0,8.4,5.3,215.6,175.2,88.7,0.3,16.1,12.3,0.0,0.0,88.4,119.7,15.3,0.0,0.5,16.8,15.6,
2026-07-20,12:00,0.4,1.3,41.6,2.7,0.0,0.0,2.8,30.4,1.4,69.9,8.1,8.9,216.9,175.7,88.9,0.2,16.9,12.2,0.0,0.0,88.1,118.5,15.4,0.3,0.0,16.8,14.5,
2026-07-20,12:30,0.3,1.3,40.1,13.2,0.0,0.0,0.5,29.5,1.2,71.4,10.9,12.0,217.3,175.1,89.8,0.2,16.7,11.7,3.9,0.0,86.6,116.1,14.6,0.5,0.1,16.4,14.7,
2026-07-20,13:00,0.4,1.3,52.9,21.0,1.4,0.7,5.3,28.7,2.0,70.4,14.4,12.4,211.6,174.8,88.2,0.2,15.5,11.7,2.0,0.0,83.0,111.6,14.6,0.1,0.6,15.5,15.3,
2026-07-20,13:30,0.4,1.2,53.7,20.4,4.1,0.6,3.2,29.0,0.6,60.5,13.7,12.3,201.9,169.0,82.3,0.1,14.8,11.7,0.0,0.0,81.7,111.2,14.9,1.0,1.6,14.1,15.4,
2026-07-20,14:00,0.3,1.1,53.2,16.3,1.6,1.1,20.6,26.5,1.7,71.8,11.8,13.5,202.4,159.7,84.3,0.1,13.8,11.9,0.0,0.0,82.2,111.3,15.1,0.4,1.6,10.5,15.3,
2026-07-20,14:30,0.3,1.1,44.2,16.6,0.4,1.5,10.0,28.8,1.6,67.7,11.6,13.6,212.9,170.5,86.0,0.1,11.7,11.8,1.8,0.0,84.3,114.2,15.2,0.3,1.9,11.8,15.1,
2026-07-20,15:00,0.3,0.9,37.4,15.9,2.3,2.9,16.3,29.3,1.4,68.5,12.2,12.8,206.5,165.3,85.2,0.1,9.7,11.8,2.6,0.0,80.4,107.6,15.1,0.7,4.2,10.7,14.9,
2026-07-20,15:30,0.2,0.8,51.6,17.2,2.6,1.6,16.2,27.5,1.3,59.3,11.7,12.1,181.6,142.3,71.9,0.1,8.2,11.8,36.0,18.7,79.3,108.3,14.9,0.8,3.7,7.6,13.7,
2026-07-20,16:00,0.2,0.6,61.5,17.9,9.7,1.2,18.9,21.3,1.3,52.5,8.9,11.4,171.0,129.6,65.3,0.1,5.3,10.8,53.7,51.3,75.0,90.9,13.7,1.2,3.7,5.8,10.4,
2026-07-20,16:30,0.1,0.4,63.6,16.0,13.8,2.1,24.7,13.5,0.8,28.5,8.1,7.0,114.1,72.6,40.7,0.1,4.2,8.0,72.5,78.1,41.9,51.7,10.3,2.2,9.0,3.4,3.6,
2026-07-20,17:00,0.1,0.1,56.9,14.6,21.1,2.2,35.9,4.0,0.4,9.1,9.8,8.0,36.9,29.5,15.0,0.1,1.9,2.7,92.0,106.7,13.8,13.9,3.5,2.7,13.3,1.5,0.0,
2026-07-20,17:30,0.0,0.0,57.4,12.9,22.7,2.4,44.0,0.0,0.0,0.0,3.9,5.3,1.0,1.0,0.5,0.0,0.0,0.1,99.1,115.0,0.2,0.0,0.1,2.9,12.2,0.0,0.0,
2026-07-20,18:00,0.0,0.0,49.6,12.9,25.1,4.1,58.0,0.0,0.0,0.0,4.3,4.8,0.0,0.0,0.0,0.0,0.0,0.0,78.2,100.3,0.0,0.0,0.0,3.1,12.8,0.0,0.0,
2026-07-20,18:30,0.0,0.0,49.8,15.7,26.1,2.6,40.4,0.0,0.0,0.0,0.6,4.1,0.0,0.0,0.0,0.0,0.0,0.0,96.1,94.4,0.0,0.0,0.0,6.4,19.6,0.0,0.0,
2026-07-20,19:00,0.0,0.0,46.1,13.3,24.3,4.1,54.7,0.0,0.0,0.0,1.0,3.3,0.0,0.0,0.0,0.0,0.0,0.0,138.2,123.9,0.0,0.0,0.0,7.1,21.1,0.0,0.0,
2026-07-20,19:30,0.0,0.0,33.8,10.6,29.9,5.9,89.2,0.0,0.0,0.0,1.3,3.0,0.0,0.0,0.0,0.0,0.0,0.0,126.9,119.9,0.0,0.0,0.0,8.9,26.6,0.0,0.0,
2026-07-20,20:00,0.0,0.0,22.3,9.4,37.3,12.6,133.4,0.0,0.0,0.0,2.4,4.9,0.0,0.0,0.0,0.0,0.0,0.0,143.7,124.5,0.0,0.0,0.0,11.1,30.5,0.0,0.0,
2026-07-20,20:30,0.0,0.0,29.0,8.6,29.6,15.6,182.7,0.0,0.0,0.0,1.8,1.8,0.0,0.0,0.0,0.0,0.0,0.0,142.0,123.3,0.0,0.0,0.0,7.7,23.9,0.0,0.0,
2026-07-20,21:00,0.0,0.0,25.0,9.3,23.8,11.4,165.3,0.0,0.0,0.0,3.2,3.7,0.0,0.0,0.0,0.0,0.0,0.0,79.4,80.9,0.0,0.0,0.0,6.8,21.3,0.0,0.0,
2026-07-20,21:30,0.0,0.0,22.3,9.9,19.0,6.1,119.5,0.0,0.0,0.0,2.5,3.2,0.0,0.0,0.0,0.0,0.0,0.0,34.8,43.6,0.0,0.0,0.0,4.7,15.5,0.0,0.0,
2026-07-20,22:00,0.0,0.0,18.1,9.0,10.6,2.9,72.8,0.0,0.0,0.0,1.0,1.6,0.0,0.0,0.0,0.0,0.0,0.0,18.1,13.2,0.0,0.0,0.0,2.5,8.1,0.0,0.0,
2026-07-20,22:30,0.0,0.0,15.5,9.0,12.4,2.4,41.3,0.0,0.0,0.0,0.4,1.3,0.0,0.0,0.0,0.0,0.0,0.0,10.0,12.8,0.0,0.0,0.0,2.3,6.1,0.0,0.0,
2026-07-20,23:00,0.0,0.0,18.1,6.0,8.0,1.9,60.4,0.0,0.0,0.0,2.2,3.0,0.0,0.0,0.0,0.0,0.0,0.0,14.3,20.5,0.0,0.0,0.0,1.6,3.6,0.0,0.0,
2026-07-20,23:30,0.0,0.0,23.7,4.0,4.6,2.2,38.8,0.0,0.0,0.0,4.2,5.8,0.0,0.0,0.0,0.0,0.0,0.0,19.9,26.0,0.0,0.0,0.0,0.8,2.0,0.0,0.0,
2026-07-20,0:00,0.0,0.0,28.5,4.8,3.8,1.0,27.6,0.0,0.0,0.0,4.6,5.7,0.0,0.0,0.0,0.0,0.0,0.0,6.0,11.6,0.0,0.0,0.0,0.6,1.5,0.0,0.0,
2026-07-21,0:30,0.0,0.0,25.2,8.3,5.2,0.12,21.2,0.0,0.0,0.0,6.9,7.1,0.0,0.0,0.0,0.0,0.0,0.0,15.6,16.0,0.0,0.0,0.0,1.2,4.0,0.0,0.0,
2026-07-21,1:00,0.0,0.0,23.6,8.5,5.3,0.4,20.7,0.0,0.0,0.0,5.6,9.5,0.0,0.0,0.0,0.0,0.0,0.0,8.8,12.1,0.0,0.0,0.0,1.5,6.0,0.0,0.0,
2026-07-21,1:30,0.0,0.0,15.9,3.7,7.8,2.26,31.36,0.0,0.0,0.0,7.0,10.7,0.0,0.0,0.0,0.0,0.0,0.0,10.2,10.6,0.0,0.0,0.0,1.6,7.2,0.0,0.0,
2026-07-21,2:00,0.0,0.0,16.7,5.8,10.8,1.57,51.96,0.0,0.0,0.0,7.2,10.1,0.0,0.0,0.0,0.0,0.0,0.0,20.2,14.7,0.0,0.0,0.0,2.4,8.4,0.0,0.0,
2026-07-21,2:30,0.0,0.0,23.2,8.4,11.9,3.23,70.85,0.0,0.0,0.0,6.8,9.8,0.0,0.0,0.0,0.0,0.0,0.0,14.5,12.7,0.0,0.0,0.0,3.3,11.2,0.0,0.0,
2026-07-21,3:00,0.0,0.0,23.9,11.1,10.0,3.44,70.02,0.0,0.0,0.0,5.1,6.4,0.0,0.0,0.0,0.0,0.0,0.0,3.4,4.9,0.0,0.0,0.0,2.6,10.5,0.0,0.0,
2026-07-21,3:30,0.0,0.0,29.2,11.3,8.3,4.81,67.4,0.0,0.0,0.0,5.0,7.1,0.0,0.0,0.0,0.0,0.0,0.0,0.0,0.0,0.0,0.0,0.0,1.2,6.4,0.0,0.0,
2026-07-21,4:00,0.0,0.0,37.7,11.8,5.8,3.35,56.06,0.0,0.0,0.0,2.7,4.9,0.0,0.0,0.0,0.0,0.0,0.0,0.0,0.0,0.0,0.0,0.0,0.3,2.4,0.0,0.0,
2026-07-21,4:30,0.0,0.0,49.6,10.4,5.7,3.33,59.11,0.0,0.0,0.0,3.0,5.1,0.0,0.0,0.0,0.0,0.0,0.0,0.0,0.0,0.0,0.0,0.0,0.6,3.1,0.0,0.0,
2026-07-21,5:00,0.0,0.0,59.4,14.8,5.5,5.21,54.15,0.0,0.0,0.0,4.2,6.0,0.0,0.0,0.0,0.0,0.0,0.0,0.0,0.0,0.0,0.0,0.0,1.2,4.2,0.0,0.0,
2026-07-21,5:30,0.0,0.0,45.6,14.2,6.6,4.03,40.23,0.0,0.0,0.0,2.3,4.7,0.0,0.0,0.0,0.0,0.0,0.0,0.0,0.0,0.0,0.0,0.0,1.8,8.3,0.0,0.0,
2026-07-21,6:00,0.0,0.0,55.8,13.5,17.7,1.11,38.9,0.0,0.0,0.0,3.0,6.1,0.0,0.0,0.0,0.0,0.0,0.0,0.0,0.1,0.0,0.0,0.0,4.6,10.1,0.0,0.0,
2026-07-21,6:30,0.0,0.0,47.3,12.7,38.9,1.17,47.2,0.3,0.0,0.0,5.7,8.7,0.3,2.3,1.1,0.0,0.0,0.4,4.9,7.8,1.9,2.3,0.1,11.1,23.5,0.0,0.0,
2026-07-21,7:00,0.0,0.0,63.8,15.9,44.3,1.41,72.63,5.8,0.2,18.1,2.7,6.0,51.3,41.9,20.0,0.0,1.7,4.5,51.5,36.4,26.4,31.3,4.3,14.0,34.8,2.5,0.3,
2026-07-21,7:30,0.1,0.1,57.8,20.5,42.4,6.29,89.31,16.0,0.5,41.9,3.2,6.2,134.4,108.8,55.5,0.0,4.2,7.5,96.8,107.2,61.4,74.7,9.5,13.5,36.9,5.0,0.9,
2026-07-21,8:00,0.1,0.1,51.6,25.8,38.4,8.99,87.64,25.8,1.3,61.6,4.9,10.0,199.4,161.0,80.8,0.1,6.7,8.6,89.7,106.7,81.1,110.8,14.1,11.4,40.9,7.4,1.3,
2026-07-21,8:30,0.2,0.5,53.1,27.0,27.6,6.99,91.63,30.9,1.2,66.1,7.4,10.5,203.9,163.1,82.4,0.0,8.7,8.6,48.2,55.4,84.4,115.8,15.6,11.0,41.1,9.4,2.8,
2026-07-21,9:00,0.3,0.8,52.4,27.8,32.9,6.43,88.38,30.7,1.3,68.8,9.9,11.0,213.4,172.2,87.2,0.0,10.7,12.5,17.4,15.5,88.3,120.7,16.4,9.1,32.3,11.6,12.6,
2026-07-21,9:30,0.3,0.9,37.4,25.4,27.3,8.74,100.1,30.9,1.3,68.9,13.3,13.1,212.3,172.4,87.7,0.0,12.5,12.9,2.7,2.2,87.8,119.5,16.3,7.2,25.3,13.0,15.9,
2026-07-21,10:00,0.3,1.1,28.6,24.3,23.7,8.68,89.62,31.2,1.3,68.4,14.1,13.2,212.3,171.8,87.3,0.0,13.7,12.6,0.8,0.0,88.6,120.1,15.6,5.7,16.5,14.1,15.4,
2026-07-21,10:30,0.4,1.2,49.3,26.5,42.3,8.32,81.2,30.7,1.4,68.8,16.9,14.1,209.7,171.9,87.0,0.0,14.9,12.7,2.2,0.0,89.4,120.7,15.9,6.6,24.6,15.1,15.4,
2026-07-21,11:00,0.4,1.2,63.0,23.7,44.9,10.16,105.24,30.8,1.4,69.2,13.9,13.6,213.2,173.7,88.1,0.0,15.7,12.7,1.7,0.0,88.7,119.6,16.0,10.1,33.4,15.9,15.3,
2026-07-21,11:30,0.4,1.3,60.9,23.9,38.5,14.21,102.4,30.5,1.4,70.9,14.5,13.1,215.3,174.6,88.5,0.0,16.3,12.8,23.2,12.2,88.3,119.3,16.1,10.4,25.6,16.5,15.4,
2026-07-21,12:00,0.4,1.3,66.0,22.2,47.6,9.98,82.02,30.4,1.3,72.6,15.8,13.2,218.2,175.3,89.3,0.0,17.1,12.8,50.1,39.0,89.8,121.2,16.1,15.7,31.2,16.7,15.5,
2026-07-21,12:30,0.4,1.3,63.1,22.1,65.8,10.79,110.94,30.7,1.4,73.7,17.2,15.5,220.7,178.1,88.2,0.0,17.6,12.8,81.1,68.6,90.2,122.1,16.2,20.1,43.8,16.9,15.8,
2026-07-21,13:00,0.4,1.3,61.6,24.0,83.7,12.54,134.99,30.7,1.4,73.9,17.5,15.5,224.5,179.4,87.5,0.0,17.3,12.9,115.9,120.3,90.2,122.5,16.2,24.2,49.7,16.3,16.1,
2026-07-21,13:30,0.4,1.2,69.9,24.2,95.0,18.26,158.22,31.2,1.3,73.4,16.9,14.8,226.2,182.0,91.6,0.0,16.5,12.8,139.0,122.6,90.0,122.5,16.2,28.2,61.7,15.6,16.0,
2026-07-21,14:00,0.3,1.1,70.6,21.3,100.0,20.05,169.61,31.9,1.5,73.2,16.7,15.2,226.1,181.1,89.5,0.0,15.2,12.8,149.3,126.1,90.9,123.6,16.2,28.3,62.7,14.4,16.0,
2026-07-21,14:30,0.3,1.0,71.1,20.4,105.5,25.77,200.35,32.2,1.5,72.6,16.7,9.8,224.9,179.8,90.0,0.0,13.5,12.2,151.6,126.0,90.6,124.0,15.9,29.6,69.0,12.8,16.0,
2026-07-21,15:00,0.3,0.9,71.3,22.4,104.5,32.0,210.15,31.5,1.4,71.6,15.8,12.0,221.0,176.7,88.9,0.0,11.7,12.3,138.1,125.7,89.8,122.9,15.6,29.5,78.1,11.0,15.4,
2026-07-21,15:30,0.2,0.8,64.9,24.3,109.2,29.28,210.63,30.3,1.4,69.0,13.1,12.7,213.6,170.9,85.7,0.0,9.6,12.2,140.5,129.4,85.9,118.2,15.5,30.3,80.2,8.8,14.2,
2026-07-21,16:00,0.1,0.6,61.9,27.4,112.7,31.47,219.38,24.1,1.3,58.0,14.1,11.0,196.9,157.1,79.1,0.0,7.3,11.5,151.1,128.6,77.3,93.5,14.6,30.4,81.0,6.4,11.4,
2026-07-21,16:30,0.1,0.4,68.0,28.9,124.7,28.24,223.65,14.0,1.0,30.6,13.7,14.3,121.1,80.3,43.5,0.0,4.7,8.4,165.5,131.7,42.6,52.4,11.1,30.7,82.0,3.9,4.4,
2026-07-21,17:00,0.0,0.1,68.4,30.2,125.0,30.15,220.74,4.0,0.3,9.7,14.8,13.0,37.3,29.3,14.9,0.0,2.2,2.8,159.8,131.9,13.3,13.6,3.9,30.7,81.2,1.4,0.2,
2026-07-21,17:30,0.0,0.0,70.3,29.9,124.8,26.98,213.38,0.0,0.0,0.0,10.5,9.9,0.7,0.7,0.3,0.0,0.2,0.1,162.1,130.3,0.2,0.0,0.1,30.7,83.4,0.0,0.0,
2026-07-21,18:00,0.0,0.0,69.7,29.7,122.9,26.85,219.86,0.0,0.0,0.0,6.0,7.8,0.0,0.0,0.0,0.0,0.0,0.0,154.5,130.6,0.0,0.0,0.0,30.4,79.1,0.0,0.0,
2026-07-21,18:30,0.0,0.0,63.3,29.3,121.0,26.69,221.97,0.0,0.0,0.0,1.7,3.6,0.0,0.0,0.0,0.0,0.0,0.0,127.2,126.8,0.0,0.0,0.0,30.5,80.5,0.0,0.0,
2026-07-21,19:00,0.0,0.0,45.6,27.2,121.7,25.17,218.79,0.0,0.0,0.0,2.8,5.4,0.0,0.0,0.0,0.0,0.0,0.0,117.1,122.1,0.0,0.0,0.0,30.4,81.0,0.0,0.0,
2026-07-21,19:30,0.0,0.0,50.6,26.1,120.1,29.26,226.49,0.0,0.0,0.0,3.6,5.1,0.0,0.0,0.0,0.0,0.0,0.0,116.8,74.4,0.0,0.0,0.0,30.6,79.3,0.0,0.0,
2026-07-21,20:00,0.0,0.0,60.5,22.8,117.9,26.99,227.19,0.0,0.0,0.0,6.9,7.7,0.0,0.0,0.0,0.0,0.0,0.0,115.4,117.6,0.0,0.0,0.0,30.5,77.7,0.0,0.0,
2026-07-21,20:30,0.0,0.0,63.3,18.9,121.7,23.58,217.98,0.0,0.0,0.0,6.8,7.2,0.0,0.0,0.0,0.0,0.0,0.0,106.8,113.5,0.0,0.0,0.0,30.4,76.1,0.0,0.0,
2026-07-21,21:00,0.0,0.0,63.0,18.8,116.2,21.2,205.09,0.0,0.0,0.0,7.2,9.7,0.0,0.0,0.0,0.0,0.0,0.0,87.7,91.3,0.0,0.0,0.0,30.5,75.0,0.0,0.0,
2026-07-21,21:30,0.0,0.0,57.3,21.1,120.9,27.33,203.47,0.0,0.0,0.0,0.0,0.0,0.0,0.0,0.0,0.0,0.0,0.0,84.3,69.7,0.0,0.0,0.0,30.5,78.0,0.0,0.0,
2026-07-21,22:00,0.0,0.0,37.8,19.8,121.9,26.0,202.32,0.0,0.0,0.0,0.0,0.0,0.0,0.0,0.0,0.0,0.0,0.0,79.4,69.1,0.0,0.0,0.0,30.5,77.4,0.0,0.0,
2026-07-21,22:30,0.0,0.0,40.0,22.0,124.6,28.77,212.06,0.0,0.0,0.0,0.0,0.0,0.0,0.0,0.0,0.0,0.0,0.0,107.3,92.4,0.0,0.0,0.0,30.7,79.7,0.0,0.0,
2026-07-21,23:00,0.0,0.0,48.5,21.7,121.5,25.32,218.26,0.0,0.0,0.0,0.0,0.0,0.0,0.0,0.0,0.0,0.0,0.0,104.1,97.8,0.0,0.0,0.0,30.6,81.3,0.0,0.0,
2026-07-21,23:30,0.0,0.0,52.6,21.8,120.6,30.27,216.08,0.0,0.0,0.0,0.0,0.0,0.0,0.0,0.0,0.0,0.0,0.0,86.0,103.0,0.0,0.0,0.0,30.4,77.9,0.0,0.0,
2026-07-21,0:00,0.0,0.0,49.4,16.3,115.6,29.95,101.9,0.0,0.0,0.0,0.0,0.0,0.0,0.0,0.0,0.0,0.0,0.0,85.6,93.7,0.0,0.0,0.0,30.4,76.2,0.0,0.0,
2026-07-22,0:30,0.0,0.0,57.0827,20.7664,117.135,22.94314,199.0994,0.0,0.0,0.0,8.1092,9.7988,0.0,0.0,0.0,,0.0,0.0,63.394,88.632,0.0,0.0,0.0,30.56,78.47,0.0,0.0,
2026-07-22,1:00,0.0,0.0,44.0758,21.29084,108.684,26.63552,204.29404,0.0,0.0,0.0,8.81103,11.50426,0.0,0.0,0.0,,0.0,0.0,68.321,84.354,0.0,0.0,0.0,29.322,71.252,0.0,0.0,
2026-07-22,1:30,0.0,0.0,45.13852,26.08069,98.136,20.97784,208.64859,0.0,0.0,0.0,6.28315,8.71473,0.0,0.0,0.0,,0.0,0.0,42.462,71.215,0.0,0.0,0.0,25.917,65.718,0.0,0.0,
2026-07-22,2:00,0.0,0.0,50.8498,26.20303,93.309,18.16369,199.67556,0.0,0.0,0.0,9.13975,10.57155,0.0,0.0,0.0,,0.0,0.0,26.24,42.847,0.0,0.0,0.0,24.301,53.945,0.0,0.0,
2026-07-22,2:30,0.0,0.0,56.43979,26.14582,88.805,18.23999,192.0462,0.0,0.0,0.0,7.63593,9.64838,0.0,0.0,0.0,,0.0,0.0,30.785,42.105,0.0,0.0,0.0,21.94,47.411,0.0,0.0,
2026-07-22,3:00,0.0,0.0,38.97033,27.9215,86.028,13.88355,175.43227,0.0,0.0,0.0,3.79205,5.60436,0.0,0.0,0.0,,0.0,0.0,35.489,52.739,0.0,0.0,0.0,20.7,49.181,0.0,0.0,
2026-07-22,3:30,0.0,0.0,39.9984,22.17344,90.856,8.38601,151.1461,0.0,0.0,0.0,3.92864,7.79339,0.0,0.0,0.0,,0.0,0.0,30.552,41.814,0.0,0.0,0.0,20.123,47.337,0.0,0.0,
2026-07-22,4:00,0.0,0.0,42.52003,18.5301,110.585,8.41783,137.28112,0.0,0.0,0.0,3.76429,5.79946,0.0,0.0,0.0,,0.0,0.0,11.548,21.969,0.0,0.0,0.0,27.464,46.594,0.0,0.0,
2026-07-22,4:30,0.0,0.0,39.42801,13.84518,106.522,7.12779,119.49012,0.0,0.0,0.0,5.66535,8.38256,0.0,0.0,0.0,,0.0,0.0,4.882,9.362,0.0,0.0,0.0,23.632,34.964,0.0,0.0,
2026-07-22,5:00,0.0,0.0,40.04241,11.96568,96.859,11.24413,134.77985,0.0,0.0,0.0,5.73476,9.4985,0.0,0.0,0.0,,0.0,0.0,5.62,11.283,0.0,0.0,0.0,23.615,42.697,0.0,0.0,
2026-07-22,5:30,0.0,0.0,37.312,12.59545,104.571,14.70036,164.05337,0.0,0.0,0.0,8.21864,9.07322,0.0,0.0,0.0,,0.0,0.0,16.974,25.723,0.0,0.0,0.0,30.547,75.514,0.0,0.0,
2026-07-22,6:00,0.0,0.0,31.11946,9.92856,96.136,11.1935,171.83214,0.0,0.0,0.0,8.70967,11.67024,0.0,0.0,0.0,,0.0,0.0087,78.3,75.166,0.0,0.0,0.0,27.777,75.87,0.0,0.0,
2026-07-22,6:30,0.00313,0.0,24.02655,7.38475,118.602,20.2729,203.31645,0.64572,0.04035,1.27,12.08366,11.48678,4.871,4.38,1.14,,0.0,0.5171,127.778,119.58,3.166,4.194,0.2096,30.452,71.389,0.0,1.646,
2026-07-22,7:00,0.01179,0.02,15.00745,6.84699,117.809,15.30467,177.22756,5.56634,0.05415,13.24,8.81037,10.9298,51.779,39.19,21.32,,2.43,3.8717,129.471,123.789,23.808,28.368,3.6258,28.655,62.746,2.01,1.03,
2026-07-22,7:30,0.03548,0.05,17.24505,6.66649,124.66,20.39733,182.41539,15.86025,0.58157,31.07,8.03374,10.56491,138.185,108.68,55.49,,5.46,9.4492,136.47,121.83,58.482,69.698,10.4944,30.288,69.144,4.09,1.479,
2026-07-22,8:00,0.10878,0.12,22.19017,8.12949,125.725,20.22921,196.86312,24.8506,1.05915,58.39,8.18623,10.01953,191.386,153.7,78.51,,7.73,10.606,155.676,122.865,74.536,99.64,13.1408,30.661,80.762,6.87,2.157,
2026-07-22,8:30,0.19661,0.66,23.60472,8.13249,114.886,25.23983,217.76155,29.03294,1.10178,64.16,9.19067,11.24337,207.412,166.1,82.1,,9.56,11.4368,152.158,122.425,84.544,111.429,14.1655,28.493,78.48,8.63,3.509,
2026-07-22,9:00,0.25582,0.8,22.9308,8.9837,124.299,25.85872,217.50747,30.98287,1.37062,60.1,7.10801,7.34411,195.809,157.79,81.89,,11.46,12.3795,155.415,122.869,86.517,118.308,15.2114,30.412,79.89,10.75,3.989,
2026-07-22,9:30,0.30225,0.94,18.9705,11.28325,125.076,28.90484,222.07346,30.45774,1.23152,61.63,7.99726,8.81538,216.294,168.37,86.77,,12.76,12.4603,155.193,123.313,89.567,120.69,15.5728,30.717,79.903,12.6,5.897,
2026-07-22,10:00,0.3489,1.06,10.42958,11.44166,118.654,33.4519,212.67206,30.11575,1.65063,68.17,6.03638,9.3473,218.443,176.8,88.44,,14.2,12.8977,150.144,125.626,82.171,106.897,15.9358,30.61,79.12,13.68,7.972,
2026-07-22,10:30,0.37056,1.15,14.67609,9.3083,117.947,35.00134,204.55802,30.22768,1.19533,70.27,9.04142,10.15686,210.025,169.52,85.41,,15.69,12.5783,144.644,124.92,87.915,119.293,15.8741,30.658,78.956,14.48,12.905,
2026-07-22,11:00,0.38802,1.21,22.67157,11.83161,125.362,33.96784,210.71502,29.55852,0.79959,72.41,9.40569,10.60116,216.569,172.6,87.37,,15.79,12.096,128.923,120.76,86.457,116.53,15.1648,30.805,82.692,15.45,14.765,
2026-07-22,11:30,0.39908,1.26,28.35769,12.46512,126.961,34.75153,212.61287,28.76652,2.01406,70.39,9.66389,11.89785,214.936,176.7,89.15,,17.15,12.8531,99.056,92.456,87.269,114.025,16.0081,30.814,81.736,15.84,15.303,
2026-07-22,12:00,0.40213,1.27,36.13638,12.43116,126.249,33.60356,218.25274,30.13754,1.18232,63.36,9.57828,12.29059,216.413,163.52,82.89,,17.33,12.242,111.494,97.875,88.48,116.914,15.461,30.81,81.565,16.0,15.364,
2026-07-22,12:30,0.40234,1.26,46.84615,9.86215,125.857,33.70735,212.58053,28.80236,1.45592,73.1,9.37447,12.40659,220.197,166.09,89.47,,16.66,12.365,134.515,119.602,84.198,114.655,15.5314,30.764,81.046,16.96,15.435,
2026-07-22,13:00,0.39487,1.24,50.49511,11.48489,123.035,34.92777,209.74495,29.26661,1.34344,74.91,9.00744,12.8983,226.392,182.48,92.18,,16.0,12.507,145.112,127.182,86.657,114.968,15.8273,30.802,81.162,16.0,15.742,
2026-07-22,13:30,0.37704,1.2,50.26718,15.15378,121.051,34.43319,217.56508,28.69935,0.98332,69.85,9.58425,11.73349,214.129,173.08,88.33,,15.27,12.0988,146.989,128.865,85.418,114.186,15.302,30.736,81.226,15.37,15.899,
2026-07-22,14:00,0.35145,1.13,46.81289,19.08474,123.611,34.68468,213.34869,30.68708,0.58188,70.29,10.0049,13.66886,214.464,173.76,87.88,,13.34,12.7386,145.144,128.099,86.53,117.96,16.1031,30.726,81.295,13.77,15.986,
2026-07-22,14:30,0.32303,1.04,49.16088,23.11046,126.364,34.73964,216.77616,29.29966,1.85847,70.21,14.4917,14.92977,218.899,175.32,87.77,,12.54,12.945,145.807,127.981,87.902,117.741,16.3543,30.745,81.656,12.5,15.921,
2026-07-22,15:00,0.26053,0.93,46.79263,25.13209,125.106,34.92127,221.87632,29.14456,1.78048,69.75,15.57596,14.6072,221.096,173.97,86.6,,11.03,12.9631,147.405,128.936,81.941,112.179,16.4198,30.753,81.719,10.72,15.506,
2026-07-22,15:30,0.23307,0.78,55.11273,26.19152,121.29,35.88158,229.49933,29.32065,1.5567,70.99,15.11597,11.76647,219.641,175.65,88.34,,9.36,12.6202,152.75,128.961,80.071,109.113,15.9783,30.79,81.726,8.08,14.758,
2026-07-22,16:00,0.17451,0.61,51.71711,27.46597,120.251,34.13498,228.90556,24.31677,1.4424,60.25,11.27109,10.65797,206.32,165.0,82.36,,7.23,11.845,152.723,128.91,80.063,96.88,15.0425,30.826,81.733,6.86,12.373,
2026-07-22,16:30,0.13191,0.41,51.44378,28.3597,125.297,33.77048,232.02686,14.66173,1.20314,30.76,8.91339,8.54603,128.695,86.5,46.92,,4.84,9.0271,145.615,131.337,44.813,56.038,11.7311,30.766,81.185,4.35,5.365,
2026-07-22,17:00,0.05642,0.05,52.08659,28.47046,123.546,34.92812,234.95949,4.54191,0.422,9.81,9.28423,9.80683,41.261,32.57,16.97,,2.52,3.1602,146.254,131.769,14.829,15.192,4.3536,30.819,80.623,1.87,0.369,
2026-07-22,17:30,0.01332,0.02,46.74824,28.48076,120.68,34.06396,227.39313,0.0,0.00061,0.0,8.19755,9.55398,1.105,0.84,0.33,,0.66,0.1197,149.5,132.218,0.198,0.081,0.1902,30.823,83.344,0.0,0.0,
2026-07-22,18:00,0.0,0.0,44.80605,28.23491,117.519,34.10062,222.07071,0.0,0.02511,0.0,5.24346,7.11459,0.0,0.0,0.0,,0.0,0.0,147.761,129.596,0.0,0.0,0.0,30.817,85.216,0.0,0.0,
2026-07-22,18:30,0.0,0.0,40.03543,27.4903,90.226,29.4921,223.82453,0.0,0.0,0.0,5.44662,7.25228,0.0,0.0,0.0,,0.0,0.0,137.97,128.157,0.0,0.0,0.0,23.386,76.7,0.0,0.0,
2026-07-22,19:00,0.0,0.0,37.86904,26.78116,90.453,26.24984,211.72901,0.0,0.0,0.0,7.8863,8.52664,0.0,0.0,0.0,,0.0,0.0,121.585,125.316,0.0,0.0,0.0,23.472,76.542,0.0,0.0,
2026-07-22,19:30,0.0,0.0,39.28555,22.86573,90.253,25.19815,219.40784,0.0,0.0,0.0,5.93882,9.37999,0.0,0.0,0.0,,0.0,0.0,129.825,125.819,0.0,0.0,0.0,23.525,76.273,0.0,0.0,
2026-07-22,20:00,0.0,0.0,40.0532,23.09974,89.624,15.54549,194.56855,0.0,0.0,0.0,9.59517,11.78092,0.0,0.0,0.0,,0.0,0.0,84.383,95.55,0.0,0.0,0.0,23.545,75.892,0.0,0.0,
2026-07-22,20:30,0.0,0.0,36.86825,19.31426,89.07,13.44236,176.54048,0.0,0.0,0.0,11.8493,12.6694,0.0,0.0,0.0,,0.0,0.0,63.643,59.538,0.0,0.0,0.0,23.523,75.359,0.0,0.0,
2026-07-22,21:00,0.0,0.0,21.71196,13.73742,88.593,6.26451,142.45599,0.0,0.0,0.0,8.74742,12.1488,0.0,0.0,0.0,,0.0,0.0,36.711,28.974,0.0,0.0,0.0,23.458,74.676,0.0,0.0,
2026-07-22,21:30,0.0,0.0,14.93465,14.24684,87.625,5.85792,163.14315,0.0,0.0,0.0,9.56446,12.57997,0.0,0.0,0.0,,0.0,0.0,16.084,14.53,0.0,0.0,0.0,23.34,73.93,0.0,0.0,
2026-07-22,22:00,0.0,0.0,8.73687,11.32356,86.166,13.71442,186.97379,0.0,0.0,0.0,11.06303,13.3704,0.0,0.0,0.0,,0.0,0.0,13.809,12.133,0.0,0.0,0.0,23.168,73.123,0.0,0.0,
2026-07-22,22:30,0.0,0.0,8.04377,9.14665,84.683,17.34864,183.73625,0.0,0.0,0.0,12.65786,13.1857,0.0,0.0,0.0,,0.0,0.0,40.994,41.102,0.0,0.0,0.0,22.976,72.18,0.0,0.0,
2026-07-22,23:00,0.0,0.0,9.34817,7.50736,83.177,18.7636,164.21327,0.0,0.0,0.0,11.9178,12.08746,0.0,0.0,0.0,,0.0,0.0,78.763,94.339,0.0,0.0,0.0,22.765,71.103,0.0,0.0,
2026-07-22,23:30,0.0,0.0,9.66854,7.68661,81.682,15.50094,156.44681,0.0,0.0,0.0,11.37338,12.03983,0.0,0.0,0.0,,0.0,0.0,101.424,110.66,0.0,0.0,0.0,22.52,69.816,0.0,0.0,
2026-07-22,0:00,0.0,0.0,10.49574,13.30571,80.198,14.14138,158.70252,0.0,0.0,0.0,10.63489,11.49382,0.0,0.0,0.0,,0.0,0.0,115.053,104.386,0.0,0.0,0.0,22.243,68.319,0.0,0.0,
2026-07-23,0:30,0.0,0.0,12.2,11.5,124.6,13.9,141.4,0.0,0.0,0.0,8.7,10.4,0.0,0.0,0.0,0.0,0.0,0.0,103.3,96.0,0.0,0.0,0.0,30.8,84.8,0.0,0.0,
2026-07-23,1:00,0.0,0.0,12.3,9.1,120.8,13.7,152.4,0.0,0.0,0.0,11.6,12.3,0.0,0.0,0.0,0.0,0.0,0.0,112.4,99.0,0.0,0.0,0.0,30.8,83.7,0.0,0.0,
2026-07-23,1:30,0.0,0.0,11.7,11.7,120.3,16.3,147.9,0.0,0.0,0.0,11.3,11.1,0.0,0.0,0.0,0.0,0.0,0.0,116.8,123.7,0.0,0.0,0.0,30.8,81.0,0.0,0.0,
2026-07-23,2:00,0.0,0.0,16.3,17.1,110.2,14.0,155.0,0.0,0.0,0.0,7.1,10.5,0.0,0.0,0.0,0.0,0.0,0.0,94.4,114.0,0.0,0.0,0.0,30.7,82.3,0.0,0.0,
2026-07-23,2:30,0.0,0.0,12.9,18.4,113.0,11.1,157.5,0.0,0.0,0.0,9.3,10.5,0.0,0.0,0.0,0.0,0.0,0.0,107.4,109.9,0.0,0.0,0.0,30.7,80.5,0.0,0.0,
2026-07-23,3:00,0.0,0.0,7.7,17.7,111.8,16.8,183.4,0.0,0.0,0.0,6.5,7.7,0.0,0.0,0.0,0.0,0.0,0.0,119.6,117.2,0.0,0.0,0.0,30.6,80.0,0.0,0.0,
2026-07-23,3:30,0.0,0.0,6.4,15.3,121.2,16.6,201.8,0.0,0.0,0.0,5.0,9.9,0.0,0.0,0.0,0.0,0.0,0.0,134.0,124.4,0.0,0.0,0.0,30.8,83.0,0.0,0.0,
2026-07-23,4:00,0.0,0.0,2.3,15.6,122.0,20.3,170.6,0.0,0.0,0.0,2.0,4.2,0.0,0.0,0.0,0.0,0.0,0.0,150.8,126.0,0.0,0.0,0.0,30.8,83.2,0.0,0.0,
2026-07-23,4:30,0.0,0.0,1.7,17.3,124.4,25.2,213.5,0.0,0.0,0.0,5.4,7.3,0.0,0.0,0.0,0.0,0.0,0.0,144.3,123.6,0.0,0.0,0.0,30.7,82.3,0.0,0.0,
2026-07-23,5:00,0.0,0.0,0.7,18.0,124.9,17.1,176.2,0.0,0.0,0.0,8.6,10.2,0.0,0.0,0.0,0.0,0.0,0.0,141.6,121.3,0.0,0.0,0.0,30.7,82.0,0.0,0.0,
2026-07-23,5:30,0.0,0.0,0.6,19.6,125.6,12.6,164.5,0.0,0.0,0.0,9.2,12.2,0.0,0.0,0.0,0.0,0.0,0.0,130.1,108.3,0.0,0.0,0.0,30.8,82.2,0.0,0.0,
2026-07-23,6:00,0.0,0.0,2.8,20.7,123.5,18.2,153.4,0.0,0.0,0.0,9.8,12.5,0.0,0.0,0.0,0.0,0.0,0.0,85.2,86.0,0.0,0.0,0.0,30.8,84.8,0.0,0.0,
2026-07-23,6:30,0.0,0.0,2.7,23.0,124.0,18.4,127.9,0.3,0.0,0.0,9.8,11.6,2.4,1.1,0.9,0.0,0.0,0.6,59.3,53.4,2.0,2.6,0.2,30.8,82.3,0.0,3.4,
2026-07-23,7:00,0.0,0.0,3.1,21.2,126.3,10.1,115.8,6.4,0.4,19.5,10.8,14.0,57.5,43.4,19.0,0.0,1.8,5.4,40.5,34.8,26.9,31.7,5.0,30.8,82.2,2.6,10.7,
2026-07-23,7:30,0.0,0.1,3.2,23.1,125.5,5.0,73.8,16.9,10.1,43.9,12.4,14.1,141.6,108.4,46.9,0.0,4.4,10.9,20.3,22.1,63.9,76.8,12.4,30.8,84.3,5.1,14.7,
2026-07-23,8:00,0.1,0.1,2.9,22.1,118.2,7.8,66.9,26.1,20.1,63.9,13.4,14.0,203.8,164.7,82.9,0.0,7.0,12.2,14.8,21.1,85.7,115.8,15.2,30.8,81.3,7.5,15.6,
2026-07-23,8:30,0.1,0.2,8.0,24.2,104.6,4.2,62.7,30.7,38.3,68.0,14.7,12.9,209.0,169.1,85.2,0.0,9.3,12.5,11.8,10.6,89.0,121.1,15.8,30.5,78.3,9.5,16.1,
2026-07-23,9:00,0.1,0.9,9.4,22.9,93.8,4.7,69.7,31.1,39.4,68.8,12.3,11.9,213.4,172.0,87.2,0.0,11.2,12.6,14.9,10.0,90.1,122.2,15.9,30.6,78.9,11.5,16.2,
2026-07-23,9:30,0.1,0.9,10.8,18.1,114.0,4.0,86.6,30.9,40.1,70.2,9.0,10.1,214.7,174.3,87.9,0.0,12.9,12.6,24.4,9.1,89.9,121.6,15.9,27.2,70.2,13.3,16.2,
2026-07-23,10:00,0.1,0.9,16.1,16.2,85.4,7.5,101.3,30.7,40.2,70.9,8.8,9.7,216.5,175.3,88.5,0.0,14.5,12.5,29.0,11.3,89.5,120.2,15.8,27.6,69.6,14.6,16.1,
2026-07-23,10:30,0.2,1.2,20.4,15.9,86.9,9.0,106.1,30.7,40.2,70.9,12.8,11.8,216.0,174.9,88.5,0.2,15.7,12.4,27.8,0.1,89.0,118.9,15.7,25.5,61.3,15.6,16.1,
2026-07-23,11:00,0.2,1.2,32.4,13.4,79.7,15.3,86.7,30.3,40.2,70.7,11.4,12.5,215.4,174.7,88.0,0.1,16.5,12.3,15.8,0.0,88.3,117.5,15.5,19.8,51.0,16.3,16.0,
2026-07-23,11:30,0.2,1.3,39.3,13.0,60.1,10.6,77.3,30.4,39.9,70.4,14.6,14.6,216.0,175.1,88.5,0.1,16.9,12.4,10.1,1.2,88.3,117.3,15.5,18.2,50.3,16.8,15.9,
2026-07-23,12:00,0.2,1.3,46.0,13.6,60.7,12.9,126.9,30.5,40.0,70.5,16.6,14.3,215.6,175.0,88.3,0.2,17.0,12.4,9.1,3.1,88.7,118.2,15.6,18.8,49.1,16.9,15.8,
2026-07-23,12:30,0.3,1.3,63.0,12.8,62.9,20.2,162.3,30.2,40.0,70.7,17.0,15.6,217.3,176.3,89.1,0.1,16.7,12.6,12.4,3.1,89.5,119.2,15.8,19.2,49.8,16.6,16.0,
2026-07-23,13:00,0.4,1.3,63.3,13.3,63.4,19.0,178.8,30.4,40.0,71.7,16.2,14.7,219.5,177.2,89.5,0.1,16.3,12.7,17.5,5.5,89.7,120.9,15.9,17.5,51.2,16.2,16.0,
2026-07-23,13:30,0.3,1.2,64.4,25.9,61.0,23.9,189.2,30.6,40.2,72.2,17.0,14.5,221.8,179.0,90.4,0.1,15.8,12.8,28.5,14.2,90.3,122.3,16.1,19.8,57.0,15.4,16.0,
2026-07-23,14:00,0.4,1.2,68.0,26.1,66.9,19.9,188.1,30.9,40.3,72.7,17.0,15.5,222.2,179.1,90.4,0.1,14.9,12.9,66.3,49.4,90.7,122.9,16.4,21.4,58.1,14.3,15.9,
2026-07-23,14:30,0.3,1.1,71.5,24.6,66.1,20.8,185.2,31.0,40.4,71.9,15.9,13.9,222.2,179.0,90.2,0.1,13.6,13.0,82.3,71.1,90.6,124.0,16.4,21.0,61.0,12.8,15.8,
2026-07-23,15:00,0.3,0.9,71.7,22.1,67.5,22.0,178.2,31.0,40.3,70.7,14.9,14.6,219.7,177.1,89.1,0.1,11.8,12.9,95.4,101.1,90.2,124.1,16.3,19.4,55.7,11.0,15.5,
2026-07-23,15:30,0.2,0.8,62.8,21.2,64.9,22.3,178.9,30.3,39.8,68.5,16.7,15.2,214.7,173.3,87.2,0.1,9.8,12.6,96.1,96.3,88.4,122.4,16.0,18.2,47.2,9.0,14.6,
2026-07-23,16:00,0.2,0.6,58.8,16.4,66.5,21.8,193.1,24.4,38.9,58.8,17.0,15.4,202.0,163.4,82.0,0.1,7.6,11.9,95.5,92.1,81.8,98.9,15.2,19.2,51.8,6.7,12.2,
2026-07-23,16:30,0.2,0.4,62.6,13.7,71.7,21.6,198.4,14.6,35.8,31.2,14.1,14.1,128.8,88.1,47.6,0.1,5.1,9.2,88.0,91.2,46.0,58.1,12.0,18.8,51.5,4.3,5.5,
2026-07-23,17:00,0.1,0.1,60.5,12.0,71.1,23.7,191.3,4.4,21.2,10.1,14.5,12.7,41.8,33.7,17.5,0.0,2.6,3.4,101.6,100.9,16.0,16.5,4.6,18.0,52.3,1.8,0.4,
2026-07-23,17:30,0.1,0.0,63.8,10.0,58.6,21.6,187.1,0.0,6.1,0.0,13.8,13.9,1.2,1.3,0.6,0.0,0.2,0.1,100.2,113.0,0.2,0.2,0.2,15.8,43.0,0.0,0.0,
2026-07-23,18:00,0.0,0.0,56.4,7.1,44.5,14.2,155.8,0.0,0.0,0.0,13.3,12.4,0.0,0.0,0.0,0.0,0.0,0.0,93.0,108.6,0.0,0.0,0.0,14.1,44.1,0.0,0.0,
2026-07-23,18:30,0.0,0.0,42.9,6.3,47.3,14.7,149.9,0.0,0.0,0.0,10.8,11.7,0.0,0.0,0.0,0.0,0.0,0.0,83.1,99.0,0.0,0.0,0.0,13.1,40.3,0.0,0.0,
2026-07-23,19:00,0.0,0.0,30.7,5.8,41.8,18.1,143.5,0.0,0.0,0.0,9.3,11.0,0.0,0.0,0.0,0.0,0.0,0.0,94.5,107.5,0.0,0.0,0.0,11.1,30.9,0.0,0.0,
2026-07-23,19:30,0.0,0.0,21.6,5.4,34.1,10.2,110.2,0.0,0.0,0.0,6.8,8.5,0.0,0.0,0.0,0.0,0.0,0.0,79.9,93.8,0.0,0.0,0.0,9.3,26.8,0.0,0.0,
2026-07-23,20:00,0.0,0.0,24.1,4.1,25.8,4.8,100.6,0.0,0.0,0.0,7.0,9.6,0.0,0.0,0.0,0.0,0.0,0.0,80.5,88.2,0.0,0.0,0.0,7.8,21.9,0.0,0.0,
2026-07-23,20:30,0.0,0.0,19.2,5.6,32.8,5.1,101.3,0.0,0.0,0.0,5.4,7.9,0.0,0.0,0.0,0.0,0.0,0.0,69.6,73.4,0.0,0.0,0.0,9.3,23.2,0.0,0.0,
2026-07-23,21:00,0.0,0.0,14.3,5.3,42.3,8.7,87.7,0.0,0.0,0.0,4.7,7.5,0.0,0.0,0.0,0.0,0.0,0.0,49.4,57.9,0.0,0.0,0.0,13.0,33.4,0.0,0.0,
2026-07-23,21:30,0.0,0.0,15.9,5.6,35.1,6.2,58.8,0.0,0.0,0.0,5.2,6.4,0.0,0.0,0.0,0.0,0.0,0.0,58.5,60.3,0.0,0.0,0.0,13.0,34.6,0.0,0.0,
2026-07-23,22:00,0.0,0.0,21.5,4.6,37.8,4.1,57.9,0.0,0.0,0.0,6.6,8.7,0.0,0.0,0.0,0.0,0.0,0.0,45.2,55.1,0.0,0.0,0.0,12.2,29.5,0.0,0.0,
2026-07-23,22:30,0.0,0.0,24.5,3.2,48.9,6.1,68.0,0.0,0.0,0.0,5.2,6.4,0.0,0.0,0.0,0.0,0.0,0.0,50.1,48.7,0.0,0.0,0.0,14.2,35.0,0.0,0.0,
2026-07-23,23:00,0.0,0.0,19.5,2.6,53.9,6.6,60.1,0.0,0.0,0.0,8.3,10.3,0.0,0.0,0.0,0.0,0.0,0.0,48.7,50.4,0.0,0.0,0.0,11.9,35.7,0.0,0.0,
2026-07-23,23:30,0.0,0.0,22.8,2.7,39.9,5.1,66.4,0.0,0.0,0.0,8.1,11.2,0.0,0.0,0.0,0.0,0.0,0.0,34.5,35.4,0.0,0.0,0.0,11.9,38.3,0.0,0.0,
2026-07-23,0:00,0.0,0.0,26.0,2.2,42.0,4.9,78.4,0.0,0.0,0.0,5.9,9.3,0.0,0.0,0.0,0.0,0.0,0.0,28.8,31.4,0.0,0.0,0.0,14.0,42.0,0.0,0.0,
2026-07-24,0:30,0.0,0.0,26.2,1.0,43.5,6.0,74.7,0.0,0.0,0.0,10.6,11.9,0.0,0.0,0.0,0.0,0.0,0.0,27.9,31.4,0.0,0.0,0.0,13.3,42.4,0.0,0.0,
2026-07-24,1:00,0.0,0.0,21.4,1.0,50.1,7.6,77.3,0.0,0.0,0.0,11.6,11.4,0.0,0.0,0.0,0.0,0.0,0.0,36.0,30.3,0.0,0.0,0.0,14.0,43.9,0.0,0.0,
2026-07-24,1:30,0.0,0.0,16.3,1.2,48.5,6.4,69.6,0.0,0.0,0.0,9.7,11.2,0.0,0.0,0.0,0.0,0.0,0.0,31.4,28.5,0.0,0.0,0.0,15.1,45.2,0.0,0.0,
2026-07-24,2:00,0.0,0.0,14.2,1.6,40.7,12.3,89.4,0.0,0.0,0.0,7.9,8.8,0.0,0.0,0.0,0.0,0.0,0.0,20.3,17.6,0.0,0.0,0.0,11.6,39.6,0.0,0.0,
2026-07-24,2:30,0.0,0.0,12.3,1.7,25.4,6.3,67.7,0.0,0.0,0.0,8.3,9.3,0.0,0.0,0.0,0.0,0.0,0.0,13.1,8.5,0.0,0.0,0.0,8.5,29.3,0.0,0.0,
2026-07-24,3:00,0.0,0.0,14.3,2.1,21.1,6.0,58.1,0.0,0.0,0.0,6.6,9.7,0.0,0.0,0.0,0.0,0.0,0.0,12.6,11.7,0.0,0.0,0.0,8.9,24.7,0.0,0.0,
2026-07-24,3:30,0.0,0.0,11.6,2.8,20.8,7.0,44.6,0.0,0.0,0.0,5.0,6.2,0.0,0.0,0.0,0.0,0.0,0.0,5.1,5.2,0.0,0.0,0.0,11.8,23.0,0.0,0.0,
2026-07-24,4:00,0.0,0.0,6.7,5.6,24.9,3.9,24.4,0.0,0.0,0.0,5.4,8.0,0.0,0.0,0.0,0.0,0.0,0.0,4.8,3.4,0.0,0.0,0.0,9.8,23.8,0.0,0.0,
2026-07-24,4:30,0.0,0.0,5.5,8.3,34.4,0.6,1.2,0.0,0.0,0.0,5.3,8.4,0.0,0.0,0.0,0.0,0.0,0.0,4.4,2.2,0.0,0.0,0.0,10.1,26.7,0.0,0.0,
2026-07-24,5:00,0.0,0.0,6.2,9.5,21.8,0.1,0.2,0.0,0.0,0.0,5.5,8.5,0.0,0.0,0.0,0.0,0.0,0.0,6.4,8.2,0.0,0.0,0.0,7.8,29.0,0.0,0.0,
2026-07-24,5:30,0.0,0.0,3.2,12.8,23.0,0.0,0.4,0.0,0.0,0.0,6.4,10.1,0.0,0.0,0.0,0.0,0.0,0.0,0.0,12.3,0.0,0.0,0.0,7.5,21.2,0.0,0.0,
2026-07-24,6:00,0.0,0.0,4.7,14.3,26.6,0.0,1.2,0.0,0.0,0.0,6.2,9.1,0.0,0.0,0.0,0.0,0.0,0.0,0.0,4.7,0.0,0.0,0.0,8.9,22.6,0.0,0.0,
2026-07-24,6:30,0.0,0.0,6.5,11.9,21.3,0.0,5.1,0.3,0.0,0.0,6.5,10.7,2.5,2.2,1.1,0.0,0.0,0.6,0.0,2.2,2.0,2.7,0.2,5.5,13.1,0.0,0.1,
2026-07-24,7:00,0.0,0.0,6.2,10.9,19.8,0.0,9.5,6.5,0.4,17.4,7.4,9.9,53.2,43.4,19.5,0.0,2.4,5.6,0.0,0.0,27.4,33.3,5.2,5.5,12.5,2.5,0.7,
2026-07-24,7:30,0.0,0.0,6.7,12.4,15.4,0.0,6.7,17.1,10.3,41.9,5.2,8.2,137.0,102.9,49.9,0.0,5.0,11.0,0.0,0.0,64.9,78.7,12.6,4.8,12.8,4.9,1.8,
2026-07-24,8:00,0.0,0.1,4.7,12.6,14.5,0.0,1.8,26.3,20.3,64.7,8.7,11.9,201.1,163.5,82.4,0.1,7.6,12.2,0.0,0.0,85.1,116.3,15.2,4.8,9.7,7.3,4.7,
2026-07-24,8:30,0.1,0.2,4.6,12.5,15.3,0.0,5.8,30.7,38.6,69.2,8.9,11.2,208.3,168.8,85.3,0.1,9.8,12.6,0.0,0.0,87.9,120.0,15.8,5.7,12.8,9.5,8.0,
2026-07-24,9:00,0.1,0.3,11.0,10.9,12.3,0.0,4.9,30.9,39.6,70.4,9.7,8.2,211.1,171.8,87.2,0.1,11.6,12.7,0.0,0.0,88.3,120.2,16.0,3.8,9.2,11.4,13.0,
2026-07-24,9:30,0.1,1.0,16.9,5.4,8.8,0.0,4.6,30.9,40.2,70.6,11.1,10.0,212.6,173.4,88.0,0.3,13.1,12.7,0.0,0.0,88.4,120.3,16.1,2.8,7.4,12.9,16.5,
2026-07-24,10:00,0.1,1.1,16.9,2.9,6.9,0.0,6.7,30.7,40.4,70.7,8.1,10.0,213.2,174.4,88.8,0.3,14.4,12.6,0.0,0.0,88.0,119.3,15.9,3.4,7.4,14.3,16.3,
2026-07-24,10:30,0.2,1.2,25.3,1.9,13.2,0.2,7.1,30.6,40.4,70.2,11.0,9.2,214.3,174.4,88.6,0.4,15.5,12.5,0.0,0.0,88.2,119.1,15.9,2.7,9.8,15.3,16.1,
2026-07-24,11:00,0.3,1.2,27.9,0.1,15.7,0.3,10.3,30.5,40.1,70.1,9.7,10.8,213.4,174.4,88.3,0.4,16.4,12.5,0.0,0.0,87.4,117.6,16.0,3.2,10.3,16.1,16.1,
2026-07-24,11:30,0.3,1.3,32.1,0.5,19.1,1.2,14.7,30.5,40.1,71.1,12.1,9.5,212.3,173.9,87.9,0.5,16.9,12.3,0.0,0.0,87.9,117.7,15.9,3.8,15.2,16.4,16.0,
2026-07-24,12:00,0.3,1.3,38.2,1.2,23.7,2.2,25.5,30.6,40.0,70.8,10.8,10.9,212.6,172.6,87.6,0.4,17.0,12.3,0.0,0.0,88.6,119.2,15.8,5.3,19.9,16.6,15.9,
2026-07-24,12:30,0.4,1.3,41.9,0.2,29.0,1.7,30.7,30.4,40.1,71.5,13.4,11.5,216.2,175.9,89.3,0.4,17.0,12.3,0.0,0.0,89.0,119.8,15.6,5.1,19.3,16.2,16.0,
2026-07-24,13:00,0.4,1.3,45.4,0.1,34.0,3.3,36.8,30.6,40.2,72.1,15.8,13.6,219.2,177.6,90.1,0.4,16.6,12.3,0.0,0.0,89.2,120.3,15.5,4.5,20.8,15.8,16.1,
2026-07-24,13:30,0.3,1.2,54.5,0.5,42.3,3.5,34.9,30.9,40.3,72.3,16.9,14.4,220.6,178.9,90.5,0.4,15.9,12.5,0.0,0.0,90.1,122.0,15.7,7.3,26.3,15.2,16.3,
2026-07-24,14:00,0.3,1.1,51.5,1.2,46.1,3.2,27.9,31.6,40.4,72.3,17.4,15.2,222.1,179.7,90.8,0.3,14.7,12.6,0.0,0.0,90.5,123.1,15.8,7.9,32.2,14.0,16.3,
2026-07-24,14:30,0.3,1.1,46.9,6.1,46.4,2.2,25.9,31.9,40.7,72.2,18.1,15.5,222.0,179.4,90.4,0.1,13.3,12.7,0.0,0.0,90.5,123.9,15.9,7.9,31.1,12.8,16.2,
2026-07-24,15:00,0.3,1.0,45.8,5.8,35.9,2.4,29.5,31.8,41.1,71.5,17.9,15.6,220.6,178.4,89.8,0.1,11.5,12.8,0.0,0.0,90.1,123.8,15.9,8.1,28.8,11.0,15.8,
2026-07-24,15:30,0.2,0.8,48.3,5.2,31.0,2.0,32.7,31.1,40.8,69.1,15.0,13.6,215.5,173.8,87.2,0.2,9.5,12.6,0.0,0.0,88.0,121.6,15.8,7.9,27.3,8.9,14.9,
2026-07-24,16:00,0.2,0.6,44.9,3.9,32.6,2.3,39.9,24.9,39.7,59.2,16.3,14.2,201.4,162.9,81.7,0.1,7.1,11.9,22.2,0.0,81.1,98.7,15.1,9.0,28.2,6.6,12.3,
2026-07-24,16:30,0.1,0.4,40.0,2.7,30.4,2.2,43.4,14.5,36.5,31.2,15.4,13.7,128.4,89.0,46.7,0.1,4.5,8.9,69.4,0.0,46.4,58.0,12.0,6.7,26.3,4.1,5.5,
2026-07-24,17:00,0.0,0.1,26.4,3.3,26.7,2.7,60.0,4.3,21.3,10.1,11.4,12.6,41.7,33.8,17.4,0.0,1.8,3.3,70.9,0.0,16.5,17.0,4.7,7.4,25.8,1.7,0.4,
2026-07-24,17:30,0.0,0.0,30.0,4.6,24.9,4.2,65.1,0.0,5.8,0.0,10.0,9.7,1.4,1.3,0.6,0.0,0.0,0.1,72.1,0.0,0.3,0.2,0.2,6.7,25.1,0.0,0.0,
2026-07-24,18:00,0.0,0.0,30.7,5.0,26.0,4.7,63.0,0.0,0.0,0.0,6.9,6.0,0.0,0.0,0.0,0.0,0.0,0.0,76.7,0.0,0.0,0.0,0.0,6.5,25.2,0.0,0.0,
2026-07-24,18:30,0.0,0.0,36.2,5.2,25.4,4.1,60.4,0.0,0.0,0.0,7.5,8.4,0.0,0.0,0.0,0.0,0.0,0.0,68.7,0.0,0.0,0.0,0.0,5.6,23.1,0.0,0.0,
2026-07-24,19:00,0.0,0.0,37.9,7.6,24.5,4.9,63.3,0.0,0.0,0.0,8.8,8.9,0.0,0.0,0.0,0.0,0.0,0.0,61.2,0.0,0.0,0.0,0.0,5.4,19.8,0.0,0.0,
2026-07-24,19:30,0.0,0.0,43.0,6.6,15.7,4.0,70.4,0.0,0.0,0.0,7.8,9.3,0.0,0.0,0.0,0.0,0.0,0.0,41.1,0.0,0.0,0.0,0.0,4.3,15.0,0.0,0.0,
2026-07-24,20:00,0.0,0.0,39.1,4.7,11.9,2.8,61.6,0.0,0.0,0.0,8.8,10.9,0.0,0.0,0.0,0.0,0.0,0.0,31.6,0.0,0.0,0.0,0.0,3.2,12.0,0.0,0.0,
2026-07-24,20:30,0.0,0.0,35.4,3.6,13.3,2.9,59.1,0.0,0.0,0.0,6.5,9.8,0.0,0.0,0.0,0.0,0.0,0.0,23.7,0.0,0.0,0.0,0.0,2.7,10.1,0.0,0.0,
2026-07-24,21:00,0.0,0.0,30.0,1.7,13.2,1.3,53.0,0.0,0.0,0.0,5.5,10.8,0.0,0.0,0.0,0.0,0.0,0.0,7.4,0.0,0.0,0.0,0.0,2.6,10.9,0.0,0.0,
2026-07-24,21:30,0.0,0.0,26.4,2.8,12.0,0.8,51.4,0.0,0.0,0.0,4.4,8.8,0.0,0.0,0.0,0.0,0.0,0.0,1.3,0.0,0.0,0.0,0.0,2.3,9.7,0.0,0.0,
2026-07-24,22:00,0.0,0.0,27.5,3.3,12.1,0.9,42.2,0.0,0.0,0.0,7.1,10.5,0.0,0.0,0.0,0.0,0.0,0.0,0.6,0.0,0.0,0.0,0.0,2.4,9.9,0.0,0.0,
2026-07-24,22:30,0.0,0.0,21.1,3.7,12.0,0.2,53.5,0.0,0.0,0.0,10.5,13.3,0.0,0.0,0.0,0.0,0.0,0.0,0.0,0.0,0.0,0.0,0.0,2.5,9.0,0.0,0.0,
2026-07-24,23:00,0.0,0.0,18.2,3.0,15.4,1.2,59.9,0.0,0.0,0.0,13.3,14.1,0.0,0.0,0.0,0.0,0.0,0.0,0.0,0.0,0.0,0.0,0.0,3.2,13.7,0.0,0.0,
2026-07-24,23:30,0.0,0.0,16.3,2.7,20.0,1.2,64.3,0.0,0.0,0.0,13.5,14.7,0.0,0.0,0.0,0.0,0.0,0.0,0.0,0.0,0.0,0.0,0.0,4.7,15.2,0.0,0.0,
2026-07-24,0:00,0.0,0.0,16.0,2.9,22.8,2.5,19.0,0.0,0.0,0.0,12.4,13.0,0.0,0.0,0.0,0.0,0.0,0.0,0.2,0.0,0.0,0.0,0.0,4.6,16.3,0.0,0.0,
2026-07-25,0:30,0.0,0.0,17.9,3.5,23.4,1.7,49.1,0.0,0.0,0.0,12.3,12.3,0.0,0.0,0.0,0.0,0.0,0.0,5.4,9.1,0.0,0.0,0.0,4.9,15.9,0.0,0.0,
2026-07-25,1:00,0.0,0.0,16.2,1.6,27.5,0.9,49.0,0.0,0.0,0.0,10.6,12.1,0.0,0.0,0.0,0.0,0.0,0.0,12.0,15.9,0.0,0.0,0.0,5.3,16.3,0.0,0.0,
2026-07-25,1:30,0.0,0.0,10.5,1.3,26.2,0.5,52.5,0.0,0.0,0.0,12.9,14.4,0.0,0.0,0.0,0.0,0.0,0.0,8.9,0.4,0.0,0.0,0.0,5.3,15.1,0.0,0.0,
2026-07-25,2:00,0.0,0.0,12.6,2.1,26.5,0.7,52.3,0.0,0.0,0.0,10.5,12.1,0.0,0.0,0.0,0.0,0.0,0.0,2.6,6.2,0.0,0.0,0.0,5.2,14.5,0.0,0.0,
2026-07-25,2:30,0.0,0.0,18.5,3.5,21.8,0.6,46.0,0.0,0.0,0.0,9.1,11.9,0.0,0.0,0.0,0.0,0.0,0.0,1.0,3.1,0.0,0.0,0.0,4.9,14.7,0.0,0.0,
2026-07-25,3:00,0.0,0.0,22.9,6.5,21.1,0.3,58.1,0.0,0.0,0.0,10.2,11.8,0.0,0.0,0.0,0.0,0.0,0.0,0.8,1.0,0.0,0.0,0.0,4.2,12.4,0.0,0.0,
2026-07-25,3:30,0.0,0.0,23.8,8.7,22.8,1.6,62.8,0.0,0.0,0.0,11.3,11.7,0.0,0.0,0.0,0.0,0.0,0.0,3.0,4.6,0.0,0.0,0.0,4.5,13.0,0.0,0.0,
2026-07-25,4:00,0.0,0.0,18.6,9.5,18.5,2.2,63.6,0.0,0.0,0.0,12.9,12.7,0.0,0.0,0.0,0.0,0.0,0.0,3.5,5.6,0.0,0.0,0.0,3.4,13.4,0.0,0.0,
2026-07-25,4:30,0.0,0.0,23.8,12.0,17.9,1.7,71.4,0.0,0.0,0.0,11.3,12.3,0.0,0.0,0.0,0.0,0.0,0.0,3.6,5.6,0.0,0.0,0.0,3.3,12.3,0.0,0.0,
2026-07-25,5:00,0.0,0.0,28.5,11.7,25.9,0.9,63.3,0.0,0.0,0.0,12.0,10.8,0.0,0.0,0.0,0.0,0.0,0.0,2.4,5.6,0.0,0.0,0.0,3.6,13.2,0.0,0.0,
2026-07-25,5:30,0.0,0.0,21.1,10.9,28.2,1.4,69.3,0.0,0.0,0.0,11.2,12.1,0.0,0.0,0.0,0.0,0.0,0.0,1.3,0.3,0.0,0.0,0.0,4.7,17.3,0.0,0.0,
2026-07-25,6:00,0.0,0.0,19.1,14.5,28.6,2.1,78.6,0.0,0.0,0.0,11.9,12.5,0.0,0.0,0.0,0.0,0.0,0.0,0.0,0.0,0.0,0.0,0.0,5.4,17.9,0.0,0.0,
2026-07-25,6:30,0.0,0.0,24.8,13.5,21.6,4.3,88.3,0.3,0.0,0.6,13.4,13.9,2.7,2.4,1.3,0.0,0.0,0.6,0.0,0.0,2.0,2.7,0.3,3.5,12.4,0.0,0.0,
2026-07-25,7:00,0.0,0.0,26.0,14.2,13.1,4.9,86.9,6.7,0.5,17.4,15.8,14.4,52.3,33.7,17.9,0.0,2.5,5.6,0.0,0.0,28.6,34.0,5.3,1.9,7.8,2.4,0.3,
2026-07-25,7:30,0.1,0.1,24.5,11.9,11.0,3.1,89.7,17.3,10.1,43.3,15.2,14.9,134.5,71.3,38.7,0.0,5.1,11.1,0.0,0.0,65.4,79.6,12.7,2.1,6.6,4.9,0.7,
2026-07-25,8:00,0.1,0.2,16.7,6.6,5.9,3.0,87.1,26.5,20.5,63.0,12.7,13.5,195.9,155.9,78.9,0.1,7.6,12.3,0.0,0.0,85.0,116.7,15.5,1.6,1.7,7.2,1.4,
2026-07-25,8:30,0.2,0.7,16.1,4.9,18.8,2.9,74.3,31.1,38.7,68.0,10.1,10.5,203.3,164.7,83.3,0.1,9.8,13.0,0.0,0.0,87.6,119.8,16.5,3.1,0.0,9.4,2.2,
2026-07-25,9:00,0.2,1.0,20.6,7.1,34.1,4.2,90.2,31.4,39.9,69.5,11.5,13.0,208.7,169.9,86.0,0.1,11.6,13.3,0.0,0.0,88.4,120.9,16.8,3.4,0.0,11.3,2.7,
2026-07-25,9:30,0.3,0.9,24.4,7.8,39.3,5.1,105.4,31.4,40.5,69.9,14.4,13.8,211.3,172.5,87.5,0.2,13.3,13.2,0.0,0.0,89.1,121.1,16.6,5.8,0.0,13.0,3.9,
2026-07-25,10:00,0.3,1.2,46.0,7.0,43.0,6.9,114.3,31.3,40.8,70.5,14.3,14.7,212.6,172.9,87.8,0.3,14.7,13.0,0.0,0.0,88.9,120.2,16.4,5.9,0.0,14.3,5.0,
2026-07-25,10:30,0.3,1.0,62.1,10.0,39.7,6.8,104.6,30.8,40.9,70.2,17.1,14.8,213.0,173.9,88.1,0.3,15.7,12.7,0.0,0.0,88.6,119.2,16.2,5.7,0.0,15.3,9.1,
2026-07-25,11:00,0.4,1.3,64.2,10.3,45.1,6.4,94.5,30.6,40.5,70.0,17.6,15.5,212.7,174.0,88.3,0.4,16.4,12.5,0.0,0.0,87.9,117.5,15.9,6.1,0.0,15.9,13.3,
2026-07-25,11:30,0.4,1.3,62.7,8.8,45.1,5.4,92.1,30.5,40.3,69.9,15.5,14.9,212.9,173.4,88.1,0.2,16.7,12.4,0.0,0.0,87.9,116.8,15.9,5.4,0.0,16.4,16.0,
2026-07-25,12:00,0.4,1.3,68.6,7.3,48.6,5.9,94.4,30.6,40.3,69.4,17.0,14.5,213.1,173.8,87.7,0.1,16.8,12.5,0.0,0.0,87.6,117.4,16.0,5.7,0.0,16.5,16.2,
2026-07-25,12:30,0.4,1.3,67.5,6.1,50.6,6.8,89.8,30.5,40.4,68.7,16.2,15.6,211.7,173.0,87.6,0.1,16.7,12.6,0.5,0.0,88.0,118.9,15.8,5.1,0.0,16.3,16.1,
2026-07-25,13:00,0.4,1.3,64.8,6.6,49.7,6.9,90.1,30.6,40.4,69.7,17.3,15.2,211.7,173.7,88.0,0.1,16.2,12.7,19.7,0.1,89.0,119.0,15.7,4.8,0.0,15.8,16.1,
2026-07-25,13:30,0.4,1.2,63.2,11.1,53.2,6.4,88.5,30.9,40.6,70.9,14.9,15.2,213.7,174.3,88.4,0.1,15.8,12.7,33.5,22.7,89.2,119.8,15.8,5.5,0.0,15.0,16.2,
2026-07-25,14:00,0.3,1.1,57.8,16.5,54.7,6.3,83.7,31.1,40.7,71.4,16.5,15.3,217.0,176.1,89.5,0.1,14.6,12.8,55.1,46.7,89.2,121.0,15.9,5.2,8.7,13.8,16.1,
2026-07-25,14:30,0.3,1.1,53.5,16.6,60.3,6.1,77.5,31.2,40.7,71.2,17.1,15.1,216.8,176.0,89.1,0.0,13.1,12.8,71.2,54.9,89.2,121.5,15.9,5.8,18.3,12.4,16.0,
2026-07-25,15:00,0.3,0.9,51.1,21.3,62.0,5.1,75.3,31.1,40.5,70.5,17.6,15.6,214.3,173.3,87.8,0.0,11.3,12.7,75.9,64.6,88.3,120.7,15.8,6.5,20.8,10.4,15.7,
2026-07-25,15:30,0.2,0.8,55.7,24.5,69.5,5.5,87.8,30.3,40.0,68.3,17.8,15.6,209.5,169.0,85.4,0.0,9.2,12.3,74.0,65.0,83.5,118.0,15.4,7.1,26.7,8.5,14.6,
2026-07-25,16:00,0.2,0.6,50.7,22.0,63.0,6.2,96.7,24.5,38.9,59.0,17.4,15.6,195.4,156.7,79.3,0.1,6.8,11.5,67.1,71.3,77.7,95.7,14.5,6.0,25.1,6.4,11.7,
2026-07-25,16:30,0.1,0.4,58.1,22.9,45.5,7.0,93.0,14.7,35.8,31.1,17.3,14.9,124.4,87.2,46.5,0.1,4.3,8.5,72.4,73.6,44.1,56.0,11.5,3.4,20.3,3.9,4.6,
2026-07-25,17:00,0.1,0.1,54.4,24.6,35.5,6.6,76.2,4.5,21.4,9.9,17.5,15.1,39.2,31.7,16.7,0.0,1.8,3.1,60.0,67.4,15.7,16.1,4.4,2.4,16.0,1.6,0.2,
2026-07-25,17:30,0.0,0.0,55.4,21.3,37.9,3.9,50.0,0.0,6.2,0.0,16.6,14.8,1.2,1.6,0.6,0.0,0.0,0.1,44.3,48.7,0.3,0.2,0.2,3.3,18.0,0.0,0.0,
2026-07-25,18:00,0.0,0.0,57.6,21.0,42.4,1.0,38.7,0.0,0.0,0.0,11.8,13.6,0.0,0.0,0.0,0.0,0.0,0.0,32.1,42.5,0.0,0.0,0.0,4.4,17.5,0.0,0.0,
2026-07-25,18:30,0.0,0.0,61.1,19.5,68.2,0.5,36.0,0.0,0.0,0.0,12.8,12.6,0.0,0.0,0.0,0.0,0.0,0.0,23.6,27.7,0.0,0.0,0.0,7.2,21.7,0.0,0.0,
2026-07-25,19:00,0.0,0.0,70.5,17.5,93.1,0.3,27.7,0.0,0.0,0.0,10.2,13.0,0.0,0.0,0.0,0.0,0.0,0.0,15.0,19.9,0.0,0.0,0.0,13.5,34.1,0.0,0.0,
2026-07-25,19:30,0.0,0.0,56.8,15.5,102.3,0.1,42.2,0.0,0.0,0.0,12.5,11.4,0.0,0.0,0.0,0.0,0.0,0.0,12.5,20.2,0.0,0.0,0.0,20.0,44.3,0.0,0.0,
2026-07-25,20:00,0.0,0.0,54.2,15.6,103.6,0.3,57.5,0.0,0.0,0.0,4.3,9.1,0.0,0.0,0.0,0.0,0.0,0.0,11.6,13.4,0.0,0.0,0.0,15.7,36.9,0.0,0.0,
2026-07-25,20:30,0.0,0.0,56.8,15.1,105.6,0.2,48.2,0.0,0.0,0.0,4.3,5.8,0.0,0.0,0.0,0.0,0.0,0.0,14.8,24.7,0.0,0.0,0.0,18.6,37.3,0.0,0.0,
2026-07-25,21:00,0.0,0.0,58.8,18.5,110.4,0.6,49.6,0.0,0.0,0.0,2.6,5.9,0.0,0.0,0.0,0.0,0.0,0.0,10.3,19.4,0.0,0.0,0.0,17.9,39.9,0.0,0.0,
2026-07-25,21:30,0.0,0.0,43.5,20.2,110.8,0.6,57.5,0.0,0.0,0.0,6.0,9.7,0.0,0.0,0.0,0.0,0.0,0.0,5.4,6.1,0.0,0.0,0.0,22.7,49.5,0.0,0.0,
2026-07-25,22:00,0.0,0.0,26.2,18.9,107.7,2.7,67.2,0.0,0.0,0.0,5.2,10.0,0.0,0.0,0.0,0.0,0.0,0.0,10.5,4.4,0.0,0.0,0.0,25.8,54.0,0.0,0.0,
2026-07-25,22:30,0.0,0.0,17.4,16.8,111.9,3.4,89.7,0.0,0.0,0.0,8.4,10.8,0.0,0.0,0.0,0.0,0.0,0.0,27.9,22.9,0.0,0.0,0.0,23.4,56.7,0.0,0.0,
2026-07-25,23:00,0.0,0.0,17.6,13.8,110.5,5.5,106.2,0.0,0.0,0.0,7.9,10.5,0.0,0.0,0.0,0.0,0.0,0.0,32.8,31.7,0.0,0.0,0.0,21.1,58.3,0.0,0.0,
2026-07-25,23:30,0.0,0.0,16.1,13.8,100.2,4.8,116.8,0.0,0.0,0.0,8.6,10.7,0.0,0.0,0.0,0.0,0.0,0.0,33.5,31.6,0.0,0.0,0.0,18.0,51.4,0.0,0.0,
2026-07-25,0:00,0.0,0.0,14.9,13.6,96.9,9.1,50.4,0.0,0.0,0.0,9.0,10.3,0.0,0.0,0.0,0.0,0.0,0.0,58.4,52.0,0.0,0.0,0.0,15.3,37.7,0.0,0.0,
2026-07-26,0:30,0.0,0.0,19.7,15.9,95.1,2.3,106.9,0.0,0.0,0.0,11.5,11.5,0.0,0.0,0.0,0.0,0.0,0.0,0.0,38.4,0.0,0.0,0.0,19.8,39.6,0.0,0.0,
2026-07-26,1:00,0.0,0.0,13.6,15.5,90.2,0.0,54.3,0.0,0.0,0.0,12.3,12.5,0.0,0.0,0.0,0.0,0.0,0.0,0.0,26.4,0.0,0.0,0.0,18.2,37.5,0.0,0.0,
2026-07-26,1:30,0.0,0.0,10.4,16.6,84.9,3.3,90.6,0.0,0.0,0.0,12.0,12.1,0.0,0.0,0.0,0.0,0.0,0.0,0.0,9.9,0.0,0.0,0.0,14.8,28.8,0.0,0.0,
2026-07-26,2:00,0.0,0.0,11.8,17.6,99.4,1.8,70.8,0.0,0.0,0.0,11.3,12.8,0.0,0.0,0.0,0.0,0.0,0.0,0.0,4.4,0.0,0.0,0.0,19.8,38.3,0.0,0.0,
2026-07-26,2:30,0.0,0.0,11.6,23.5,101.8,1.5,65.6,0.0,0.0,0.0,10.5,12.0,0.0,0.0,0.0,0.0,0.0,0.0,0.0,0.0,0.0,0.0,0.0,21.7,59.2,0.0,0.0,
2026-07-26,3:00,0.0,0.0,8.2,22.0,80.3,3.3,102.8,0.0,0.0,0.0,8.1,10.5,0.0,0.0,0.0,0.0,0.0,0.0,0.0,0.0,0.0,0.0,0.0,16.6,48.3,0.0,0.0,
2026-07-26,3:30,0.0,0.0,7.4,13.5,84.5,3.3,110.8,0.0,0.0,0.0,9.5,10.6,0.0,0.0,0.0,0.0,0.0,0.0,0.0,0.0,0.0,0.0,0.0,18.5,47.2,0.0,0.0,
2026-07-26,4:00,0.0,0.0,8.9,16.7,61.0,2.4,109.0,0.0,0.0,0.0,9.9,11.8,0.0,0.0,0.0,0.0,0.0,0.0,0.0,0.0,0.0,0.0,0.0,14.0,43.2,0.0,0.0,
2026-07-26,4:30,0.0,0.0,3.2,14.6,51.6,3.1,99.6,0.0,0.0,0.0,9.3,11.3,0.0,0.0,0.0,0.0,0.0,0.0,0.0,40.9,0.0,0.0,0.0,12.4,35.3,0.0,0.0,
2026-07-26,5:00,0.0,0.0,1.3,14.6,62.7,1.2,99.1,0.0,0.0,0.0,11.0,12.4,0.0,0.0,0.0,0.0,0.0,0.0,0.0,35.6,0.0,0.0,0.0,15.8,40.0,0.0,0.0,
2026-07-26,5:30,0.0,0.0,6.5,13.0,52.1,2.4,71.2,0.0,0.0,0.0,11.4,12.3,0.0,0.0,0.0,0.0,0.0,0.0,0.0,9.5,0.0,0.0,0.0,14.7,30.6,0.0,0.0,
2026-07-26,6:00,0.0,0.0,10.6,11.1,58.0,0.0,46.5,0.0,0.0,0.0,10.3,12.3,0.0,0.0,0.0,0.3,0.0,0.0,0.0,0.0,0.0,0.0,0.0,13.4,27.8,0.0,0.0,
2026-07-26,6:30,0.0,0.0,11.1,12.9,58.6,0.0,37.5,0.3,0.5,0.6,12.9,12.2,2.8,2.5,1.3,0.3,0.0,0.6,0.0,0.0,2.2,2.9,0.2,10.7,24.7,0.0,3.5,
2026-07-26,7:00,0.0,0.0,11.1,9.0,56.7,0.0,17.4,6.4,10.2,16.6,14.3,13.3,55.4,45.5,23.3,0.3,2.3,5.6,0.0,0.0,28.0,33.2,5.2,11.4,22.4,2.4,11.1,
2026-07-26,7:30,0.1,0.0,9.7,5.5,50.8,0.0,23.4,16.9,20.4,42.4,13.4,14.4,139.4,107.2,51.5,0.4,4.9,10.9,0.0,0.0,64.5,78.7,12.5,10.6,18.6,4.9,14.6,
2026-07-26,8:00,0.1,0.1,11.2,2.7,28.7,0.4,36.6,26.4,38.8,63.0,12.1,12.6,202.2,163.0,82.2,0.4,7.5,12.1,0.0,0.0,83.8,115.5,15.0,5.9,10.9,7.4,15.5,
2026-07-26,8:30,0.2,0.7,17.3,7.0,10.0,1.0,54.3,31.0,39.8,67.6,16.2,13.0,206.9,168.2,85.0,0.4,9.6,12.5,0.0,0.0,86.9,119.4,15.6,2.0,3.7,9.5,16.0,
2026-07-26,9:00,0.3,0.8,23.0,15.9,8.1,2.7,43.1,31.1,40.2,68.9,17.4,14.9,209.6,171.7,87.2,0.4,11.5,12.7,0.0,0.0,88.5,121.0,15.8,1.0,1.1,11.4,16.3,
2026-07-26,9:30,0.3,1.0,25.5,26.2,5.8,0.7,22.2,31.0,40.4,70.1,17.4,14.7,212.1,174.1,88.6,0.3,13.1,12.6,0.0,0.0,89.3,121.7,15.9,0.3,0.1,13.1,15.8,
2026-07-26,10:00,0.3,1.1,27.3,27.0,8.9,0.0,18.0,30.9,40.5,70.1,17.4,15.4,213.5,174.6,88.7,0.2,14.4,12.5,0.0,0.0,89.4,121.2,15.8,0.8,0.8,14.3,15.9,
2026-07-26,10:30,0.4,1.2,27.7,23.4,11.5,1.7,49.4,30.5,40.3,70.5,15.5,14.9,212.6,175.0,88.8,0.2,15.3,12.5,0.0,0.0,89.1,120.0,16.0,1.2,4.8,15.3,15.9,
2026-07-26,11:00,0.4,1.2,37.2,20.4,13.1,4.6,53.8,30.5,40.3,69.6,17.1,15.1,212.9,174.8,88.8,0.1,16.0,12.5,0.0,0.7,88.9,119.3,15.6,1.8,7.3,16.0,16.1,
2026-07-26,11:30,0.4,1.3,32.0,20.2,14.6,4.2,65.1,30.7,40.5,69.4,15.7,14.3,214.4,175.3,88.8,0.1,16.5,12.5,0.0,0.3,89.5,119.6,15.6,2.6,9.8,16.4,16.0,
2026-07-26,12:00,0.4,1.3,38.6,21.4,20.4,5.6,72.4,30.7,40.5,69.6,17.2,13.3,214.9,175.5,88.5,0.1,17.4,12.5,0.0,0.0,89.4,119.5,15.7,4.4,13.6,16.6,15.9,
2026-07-26,12:30,0.4,1.3,45.2,20.6,24.8,7.8,79.6,30.6,40.5,70.7,14.4,13.0,216.8,176.0,88.9,0.1,17.4,12.6,48.1,0.0,89.5,119.4,15.8,4.7,12.7,16.4,16.0,
2026-07-26,13:00,0.4,1.3,43.6,23.9,32.8,7.9,75.5,30.6,40.5,71.6,14.7,14.7,218.6,178.3,90.4,0.1,16.8,12.7,102.2,99.1,89.7,120.1,15.8,7.7,18.9,16.0,16.0,
2026-07-26,13:30,0.4,1.2,50.3,23.4,28.0,8.0,69.2,30.8,40.6,71.6,15.9,14.6,220.4,178.8,90.8,0.0,16.0,12.7,107.2,97.0,89.9,121.1,15.8,6.2,17.6,15.2,16.1,
2026-07-26,14:00,0.4,1.2,45.9,23.0,28.7,8.6,69.6,31.0,40.6,71.6,15.1,15.3,220.1,178.6,90.6,0.0,14.7,12.6,104.1,114.1,90.3,122.2,15.9,7.1,19.5,14.1,16.3,
2026-07-26,14:30,0.3,1.1,42.1,20.7,31.4,11.9,83.4,31.3,40.7,71.5,14.0,14.0,219.1,178.0,90.0,0.0,13.2,12.5,97.0,110.7,89.5,121.9,15.9,7.0,21.5,12.6,16.1,
2026-07-26,15:00,0.3,0.9,33.9,17.2,23.5,11.6,84.7,31.1,40.0,70.3,15.3,15.2,214.5,174.8,88.6,0.0,11.2,12.4,91.3,95.1,88.4,121.0,16.0,6.4,19.1,10.8,15.6,
2026-07-26,15:30,0.2,0.8,29.4,15.9,19.7,10.0,68.7,30.2,38.9,67.8,13.6,14.5,208.6,169.8,85.9,0.0,9.1,12.1,86.8,99.5,84.9,118.2,15.7,5.1,16.1,8.6,14.3,
2026-07-26,16:00,0.2,0.6,26.3,19.5,16.7,7.3,50.7,24.7,35.6,58.5,13.8,12.8,193.0,157.3,79.3,0.0,6.9,11.2,82.6,95.0,77.1,94.9,14.5,5.0,19.3,6.4,11.2,
2026-07-26,16:30,0.1,0.5,37.7,26.3,11.9,4.2,43.8,14.4,20.5,31.2,14.2,13.7,118.6,79.1,42.5,0.0,4.3,8.5,141.0,126.2,43.5,55.5,11.1,3.1,11.2,3.9,3.3,
2026-07-26,17:00,0.0,0.0,45.6,24.7,17.0,2.8,27.0,4.2,5.6,10.1,14.8,11.5,40.6,34.6,17.8,0.0,1.7,3.0,109.2,116.3,15.1,15.7,4.1,3.8,13.3,1.6,0.0,
2026-07-26,17:30,0.0,0.0,44.7,21.4,23.3,0.8,19.4,0.0,0.1,0.0,11.4,12.7,1.4,1.6,0.6,0.0,0.0,0.1,126.9,88.8,0.4,0.2,0.2,5.7,18.4,0.0,0.0,
2026-07-26,18:00,0.0,0.0,36.0,25.2,20.2,1.3,17.2,0.0,0.0,0.0,8.3,8.7,0.0,0.0,0.0,0.0,0.0,0.0,140.6,122.4,0.0,0.0,0.0,6.0,20.2,0.0,0.0,
2026-07-26,18:30,0.0,0.0,46.9,20.1,19.4,1.9,20.5,0.0,0.0,0.0,4.4,5.9,0.0,0.0,0.0,0.0,0.0,0.0,92.5,95.0,0.0,0.0,0.0,5.4,18.3,0.0,0.0,
2026-07-26,19:00,0.0,0.0,48.2,19.0,13.6,2.3,18.6,0.0,0.0,0.0,2.1,2.5,0.0,0.0,0.0,0.0,0.0,0.0,78.7,75.2,0.0,0.0,0.0,4.4,16.4,0.0,0.0,
2026-07-26,19:30,0.0,0.0,35.3,17.7,13.4,2.3,23.4,0.0,0.0,0.0,2.1,3.0,0.0,0.0,0.0,0.0,0.0,0.0,42.4,46.8,0.0,0.0,0.0,3.8,13.1,0.0,0.0,
2026-07-26,20:00,0.0,0.0,31.5,18.9,10.7,1.2,27.5,0.0,0.0,0.0,2.7,2.7,0.0,0.0,0.0,0.0,0.0,0.0,20.0,23.0,0.0,0.0,0.0,3.4,11.5,0.0,0.0,
2026-07-26,20:30,0.0,0.0,27.8,15.6,9.5,2.8,40.8,0.0,0.0,0.0,2.8,2.3,0.0,0.0,0.0,0.0,0.0,0.0,22.1,17.6,0.0,0.0,0.0,2.8,9.7,0.0,0.0,
2026-07-26,21:00,0.0,0.0,25.0,16.3,7.6,2.5,27.5,0.0,0.0,0.0,1.8,1.8,0.0,0.0,0.0,0.0,0.0,0.0,18.1,15.2,0.0,0.0,0.0,1.7,6.9,0.0,0.0,
2026-07-26,21:30,0.0,0.0,32.4,17.9,5.1,0.4,17.5,0.0,0.0,0.0,2.3,4.4,0.0,0.0,0.0,0.0,0.0,0.0,1.5,1.3,0.0,0.0,0.0,1.5,5.5,0.0,0.0,
2026-07-26,22:00,0.0,0.0,28.5,18.8,4.2,2.0,26.3,0.0,0.0,0.0,4.3,6.0,0.0,0.0,0.0,0.0,0.0,0.0,0.0,0.0,0.0,0.0,0.0,1.2,4.6,0.0,0.0,
2026-07-26,22:30,0.0,0.0,17.5,18.1,2.5,2.2,28.9,0.0,0.0,0.0,4.2,7.1,0.0,0.0,0.0,0.0,0.0,0.0,0.0,0.0,0.0,0.0,0.0,0.6,2.5,0.0,0.0,
2026-07-26,23:00,0.0,0.0,15.8,20.4,2.6,2.0,37.6,0.0,0.0,0.0,5.6,8.4,0.0,0.0,0.0,0.0,0.0,0.0,0.0,0.0,0.0,0.0,0.0,0.5,1.3,0.0,0.0,
2026-07-26,23:30,0.0,0.0,18.2,22.9,3.6,0.1,13.6,0.0,0.0,0.0,7.1,8.1,0.0,0.0,0.0,0.0,0.0,0.0,0.0,0.0,0.0,0.0,0.0,0.5,2.0,0.0,0.0,
2026-07-26,0:00,0.0,0.0,17.9,26.0,5.1,0.0,11.8,0.0,0.0,0.0,8.0,9.8,0.0,0.0,0.0,0.0,0.0,0.0,0.0,0.0,0.0,0.0,0.0,0.5,4.6,0.0,0.0,
2026-07-27,0:30,0.0,0.0,11.9,28.5,7.0,1.6,25.5,0.0,0.0,0.0,8.9,11.6,0.0,0.0,0.0,0.0,0.0,0.0,0.0,0.0,0.0,0.0,0.0,1.4,6.5,0.0,0.0,
2026-07-27,1:00,0.0,0.0,10.0,28.4,8.2,0.5,28.7,0.0,0.0,0.0,11.9,11.5,0.0,0.0,0.0,0.0,0.0,0.0,0.0,0.0,0.0,0.0,0.0,1.2,5.3,0.0,0.0,
2026-07-27,1:30,0.0,0.0,10.9,27.8,11.9,0.3,21.5,0.0,0.0,0.0,9.2,11.7,0.0,0.0,0.0,0.0,0.0,0.0,4.3,2.3,0.0,0.0,0.0,1.5,4.7,0.0,0.0,
2026-07-27,2:00,0.0,0.0,13.3,27.8,11.1,0.0,16.8,0.0,0.0,0.0,8.0,9.1,0.0,0.0,0.0,0.0,0.0,0.0,14.4,15.5,0.0,0.0,0.0,1.8,4.4,0.0,0.0,
2026-07-27,2:30,0.0,0.0,13.6,26.4,7.5,0.0,21.3,0.0,0.0,0.0,8.8,9.4,0.0,0.0,0.0,0.0,0.0,0.0,11.5,12.0,0.0,0.0,0.0,1.5,2.8,0.0,0.0,
2026-07-27,3:00,0.0,0.0,13.4,27.1,4.1,0.0,14.0,0.0,0.0,0.0,11.5,12.0,0.0,0.0,0.0,0.0,0.0,0.0,3.0,2.3,0.0,0.0,0.0,0.4,0.8,0.0,0.0,
2026-07-27,3:30,0.0,0.0,13.7,29.3,3.4,0.0,10.3,0.0,0.0,0.0,6.6,9.9,0.0,0.0,0.0,0.0,0.0,0.0,0.0,0.0,0.0,0.0,0.0,0.6,0.9,0.0,0.0,
2026-07-27,4:00,0.0,0.0,11.8,30.0,3.8,0.7,26.8,0.0,0.0,0.0,8.6,10.5,0.0,0.0,0.0,0.0,0.0,0.0,0.0,0.0,0.0,0.0,0.0,0.6,0.9,0.0,0.0,
2026-07-27,4:30,0.0,0.0,10.7,30.0,5.5,1.4,32.2,0.0,0.0,0.0,6.8,11.4,0.0,0.0,0.0,0.0,0.0,0.0,0.0,0.0,0.0,0.0,0.0,0.2,1.1,0.0,0.0,
2026-07-27,5:00,0.0,0.0,10.6,29.5,6.9,1.5,35.6,0.0,0.0,0.0,8.1,11.4,0.0,0.0,0.0,0.0,0.0,0.0,0.0,0.0,0.0,0.0,0.0,0.0,1.4,0.0,0.0,
2026-07-27,5:30,0.0,0.0,9.2,29.5,4.5,1.7,26.6,0.0,0.0,0.0,7.4,11.1,0.0,0.0,0.0,0.0,0.0,0.0,0.0,0.0,0.0,0.0,0.0,0.0,0.6,0.0,0.0,
2026-07-27,6:00,0.0,0.0,11.1,29.4,6.5,1.5,18.8,0.0,0.0,0.0,6.6,8.9,0.0,0.0,0.0,0.0,0.0,0.0,0.0,0.0,0.0,0.0,0.0,0.0,0.0,0.0,0.0,
2026-07-27,6:30,0.0,0.0,13.4,29.6,5.0,1.0,13.2,0.4,0.6,1.2,8.3,11.6,3.5,3.1,1.5,0.0,0.0,0.6,0.0,0.0,2.4,3.1,0.3,0.0,0.2,0.0,2.1,
2026-07-27,7:00,0.0,0.0,15.0,28.9,3.9,1.8,38.7,6.2,9.8,16.1,7.9,9.7,51.9,40.6,18.2,0.0,2.4,5.3,0.0,0.0,26.5,31.4,4.8,0.0,0.0,2.5,1.8,
2026-07-27,7:30,0.0,0.0,9.0,29.5,2.0,2.7,49.8,16.2,19.8,42.2,4.5,7.0,133.7,105.1,51.1,0.0,4.9,10.5,0.0,0.0,62.6,75.8,11.6,0.0,0.0,4.8,2.2,
2026-07-27,8:00,0.0,0.1,4.3,27.2,3.8,2.0,49.9,25.4,37.3,62.9,4.6,6.8,197.5,159.3,80.4,0.1,7.4,11.7,0.0,0.0,82.5,113.0,14.2,0.0,0.0,7.2,2.9,
2026-07-27,8:30,0.1,0.7,8.6,27.0,2.5,1.5,47.2,30.0,38.8,67.5,8.6,10.0,208.2,167.7,84.7,0.2,9.5,12.2,0.0,0.0,86.0,117.6,15.0,0.0,0.2,9.4,3.7,
2026-07-27,9:00,0.1,0.8,11.7,23.1,0.0,2.8,59.1,30.4,39.5,68.3,11.6,12.0,211.5,171.3,86.7,0.2,11.3,12.7,0.0,0.0,87.8,120.3,15.4,0.0,0.0,11.3,6.1,
2026-07-27,9:30,0.1,1.0,24.9,22.6,0.1,2.4,52.3,30.5,39.8,68.9,9.9,10.7,212.5,173.0,87.7,0.3,12.9,12.8,0.0,0.0,88.6,120.6,15.7,0.0,0.0,12.9,9.0,
2026-07-27,10:00,0.2,1.1,36.3,24.5,0.0,1.4,34.6,30.6,40.1,69.7,11.6,10.2,213.3,173.5,88.3,0.3,14.6,12.8,0.7,0.0,88.6,120.0,16.0,0.0,0.0,14.1,14.2,
2026-07-27,10:30,0.2,1.2,40.2,24.6,0.2,4.4,59.2,30.9,40.4,69.9,12.1,13.4,213.7,174.9,88.7,0.4,15.8,12.7,0.0,0.0,88.5,119.7,15.8,0.0,0.0,15.1,15.7,
2026-07-27,11:00,0.3,1.2,36.7,22.4,2.4,5.9,71.5,30.7,40.3,69.3,12.9,14.0,213.0,174.1,88.3,0.4,16.7,12.5,0.0,0.0,88.6,119.1,15.6,0.1,0.7,15.9,15.5,
2026-07-27,11:30,0.4,1.3,37.1,18.7,5.7,8.4,74.9,30.7,40.3,70.3,14.5,13.1,212.6,173.7,88.1,0.4,17.2,12.5,0.0,0.0,89.3,119.7,15.5,0.6,2.9,16.0,15.4,
2026-07-27,12:00,0.4,1.3,43.9,17.3,10.3,9.2,96.2,30.6,40.3,71.4,13.7,12.8,215.3,175.3,88.8,0.5,17.3,12.6,0.0,0.0,89.3,119.1,15.6,1.3,3.6,16.4,15.7,
2026-07-27,12:30,0.4,1.3,54.9,14.7,15.3,12.6,116.7,30.4,40.3,71.6,12.1,12.7,215.1,176.2,89.1,0.4,17.1,12.7,0.0,0.0,89.0,118.3,15.7,2.0,4.9,16.3,15.9,
2026-07-27,13:00,0.4,1.3,56.3,21.1,32.0,10.4,117.8,30.5,40.3,71.9,12.7,12.4,215.5,176.2,89.2,0.4,16.6,12.7,0.0,0.0,88.9,118.9,15.7,3.8,14.4,15.9,16.0,
2026-07-27,13:30,0.4,1.2,57.8,21.0,52.4,9.2,101.4,30.7,40.4,72.0,15.1,15.1,215.2,175.5,89.2,0.4,15.9,12.7,0.0,0.0,88.6,119.3,15.7,7.8,20.2,14.9,15.9,
2026-07-27,14:00,0.3,1.2,57.9,18.1,49.0,7.9,91.2,31.1,40.5,71.8,14.4,11.5,215.5,175.4,89.1,0.4,14.6,12.7,2.1,0.0,88.0,119.3,15.8,6.9,26.9,13.6,15.8,
2026-07-27,14:30,0.3,1.1,55.7,17.3,54.3,11.0,116.6,31.0,40.3,70.7,15.1,13.4,215.5,174.5,88.5,0.4,13.1,12.6,27.3,1.3,87.8,119.3,15.7,7.9,30.2,12.1,15.7,
2026-07-27,15:00,0.3,1.0,49.1,16.4,53.9,15.1,133.8,30.5,39.2,69.0,15.3,12.6,213.2,171.8,86.9,0.4,11.3,12.4,36.4,23.7,86.2,117.6,15.7,7.6,32.5,10.6,15.3,
2026-07-27,15:30,0.2,0.8,38.8,17.4,60.9,10.1,128.1,29.7,38.1,66.0,13.6,13.5,204.7,164.9,83.3,0.2,9.2,12.0,30.6,22.7,83.2,114.4,15.4,8.3,33.4,8.5,14.3,
2026-07-27,16:00,0.2,0.7,36.0,17.8,64.1,14.0,138.1,24.4,35.2,56.8,12.3,10.2,189.3,152.8,77.0,0.1,6.8,11.2,54.7,42.2,75.5,92.4,14.3,10.5,38.0,6.3,11.2,
2026-07-27,16:30,0.1,0.5,31.8,14.2,62.7,16.9,140.8,14.5,20.9,30.0,12.6,11.5,120.6,80.7,42.7,0.1,4.3,8.5,74.9,66.2,43.1,53.8,11.1,12.2,39.7,3.9,4.3,
2026-07-27,17:00,0.1,0.0,27.7,12.9,58.1,17.7,157.9,4.4,5.8,9.6,13.5,12.3,39.5,33.0,16.9,0.1,1.8,3.0,116.9,107.8,14.8,15.4,4.0,12.4,36.3,1.6,0.1,
2026-07-27,17:30,0.0,0.0,21.4,13.0,58.6,16.0,163.5,0.0,0.1,0.0,11.2,10.9,1.4,1.7,0.6,0.0,0.0,0.1,135.0,127.3,0.3,0.2,0.2,12.5,35.3,0.0,0.0,
2026-07-27,18:00,0.0,0.0,18.5,8.9,61.8,15.5,159.9,0.0,0.0,0.0,8.3,10.3,0.0,0.0,0.0,0.0,0.0,0.0,124.7,127.8,0.0,0.0,0.0,11.9,36.8,0.0,0.0,
2026-07-27,18:30,0.0,0.0,16.7,10.6,57.6,15.1,145.4,0.0,0.0,0.0,5.5,8.3,0.0,0.0,0.0,0.0,0.0,0.0,119.6,128.2,0.0,0.0,0.0,8.8,33.5,0.0,0.0,
2026-07-27,19:00,0.0,0.0,14.0,8.6,58.2,11.0,131.9,0.0,0.0,0.0,2.7,5.1,0.0,0.0,0.0,0.0,0.0,0.0,108.5,123.8,0.0,0.0,0.0,7.2,30.3,0.0,0.0,
2026-07-27,19:30,0.0,0.0,13.7,12.6,54.3,10.6,138.5,0.0,0.0,0.0,3.8,6.2,0.0,0.0,0.0,0.0,0.0,0.0,123.5,121.7,0.0,0.0,0.0,10.4,32.1,0.0,0.0,
2026-07-27,20:00,0.0,0.0,12.5,10.0,48.8,11.1,124.5,0.0,0.0,0.0,4.7,6.1,0.0,0.0,0.0,0.0,0.0,0.0,135.3,125.1,0.0,0.0,0.0,10.2,33.3,0.0,0.0,
2026-07-27,20:30,0.0,0.0,13.5,11.2,43.9,10.3,124.0,0.0,0.0,0.0,4.7,7.3,0.0,0.0,0.0,0.0,0.0,0.0,88.2,107.0,0.0,0.0,0.0,11.8,35.4,0.0,0.0,
2026-07-27,21:00,0.0,0.0,14.1,10.1,35.4,11.0,111.3,0.0,0.0,0.0,5.1,8.4,0.0,0.0,0.0,0.0,0.0,0.0,75.8,72.3,0.0,0.0,0.0,12.7,30.6,0.0,0.0,
2026-07-27,21:30,0.0,0.0,14.7,11.1,52.0,9.0,110.0,0.0,0.0,0.0,6.9,10.0,0.0,0.0,0.0,0.0,0.0,0.0,87.0,75.0,0.0,0.0,0.0,12.8,32.0,0.0,0.0,
2026-07-27,22:00,0.0,0.0,19.3,9.4,66.4,10.1,122.2,0.0,0.0,0.0,5.9,9.2,0.0,0.0,0.0,0.0,0.0,0.0,101.6,103.7,0.0,0.0,0.0,14.4,32.8,0.0,0.0,
2026-07-27,22:30,0.0,0.0,19.8,13.2,52.0,11.6,139.4,0.0,0.0,0.0,7.9,11.1,0.0,0.0,0.0,0.0,0.0,0.0,92.1,90.6,0.0,0.0,0.0,12.0,32.8,0.0,0.0,
2026-07-27,23:00,0.0,0.0,20.2,14.8,57.6,9.6,127.1,0.0,0.0,0.0,10.0,11.1,0.0,0.0,0.0,0.0,0.0,0.0,76.4,70.7,0.0,0.0,0.0,13.1,33.7,0.0,0.0,
2026-07-27,23:30,0.0,0.0,16.2,16.6,64.8,17.9,168.6,0.0,0.0,0.0,7.2,9.9,0.0,0.0,0.0,0.0,0.0,0.0,86.8,78.3,0.0,0.0,0.0,15.6,39.1,0.0,0.0,
2026-07-27,0:00,0.0,0.0,10.6,18.3,59.9,9.2,137.4,0.0,0.0,0.0,7.9,10.1,0.0,0.0,0.0,0.0,0.0,0.0,61.6,64.8,0.0,0.0,0.0,15.5,46.4,0.0,0.0,
2026-07-28,0:30,0.0,0.0,12.1,14.8,52.2,6.7,109.3,0.0,0.0,0.0,10.5,12.0,0.0,0.0,0.0,0.0,0.0,0.0,65.0,58.5,0.0,0.0,0.0,18.0,50.0,0.0,0.0,
2026-07-28,1:00,0.0,0.0,11.1,14.4,54.0,3.5,79.4,0.0,0.0,0.0,10.8,12.7,0.0,0.0,0.0,0.0,0.0,0.0,23.4,22.9,0.0,0.0,0.0,17.8,56.8,0.0,0.0,
2026-07-28,1:30,0.0,0.0,15.7,14.5,38.7,1.1,34.3,0.0,0.0,0.0,10.0,11.5,0.0,0.0,0.0,0.0,0.0,0.0,0.9,3.6,0.0,0.0,0.0,12.8,46.8,0.0,0.0,
2026-07-28,2:00,0.0,0.0,18.5,16.5,31.5,2.9,38.1,0.0,0.0,0.0,12.3,12.1,0.0,0.0,0.0,0.0,0.0,0.0,0.0,0.0,0.0,0.0,0.0,9.1,31.2,0.0,0.0,
2026-07-28,2:30,0.0,0.0,18.3,19.4,23.9,5.4,59.8,0.0,0.0,0.0,10.8,12.0,0.0,0.0,0.0,0.0,0.0,0.0,0.0,0.0,0.0,0.0,0.0,5.1,13.2,0.0,0.0,
2026-07-28,3:00,0.0,0.0,18.6,21.9,13.0,6.4,52.0,0.0,0.0,0.0,12.3,11.2,0.0,0.0,0.0,0.0,0.0,0.0,0.0,0.0,0.0,0.0,0.0,2.1,5.0,0.0,0.0,
2026-07-28,3:30,0.0,0.0,16.7,24.4,12.1,2.7,28.2,0.0,0.0,0.0,13.1,12.9,0.0,0.0,0.0,0.0,0.0,0.0,0.0,0.0,0.0,0.0,0.0,1.8,3.1,0.0,0.0,
2026-07-28,4:00,0.0,0.0,15.2,24.4,10.6,2.5,20.8,0.0,0.0,0.0,9.6,10.4,0.0,0.0,0.0,0.0,0.0,0.0,2.0,3.8,0.0,0.0,0.0,0.7,0.7,0.0,0.0,
2026-07-28,4:30,0.0,0.0,17.0,23.3,6.8,1.1,0.5,0.0,0.0,0.0,8.5,10.9,0.0,0.0,0.0,0.0,0.0,0.0,4.6,3.6,0.0,0.0,0.0,0.1,0.0,0.0,0.0,
2026-07-28,5:00,0.0,0.0,18.7,19.2,4.7,0.0,0.0,0.0,0.0,0.0,8.3,10.7,0.0,0.0,0.0,0.0,0.0,0.0,0.0,0.0,0.0,0.0,0.0,0.0,0.0,0.0,0.0,
2026-07-28,5:30,0.0,0.0,18.3,22.9,0.7,0.0,0.0,0.0,0.0,0.0,10.5,12.0,0.0,0.0,0.0,0.0,0.0,0.0,0.0,0.0,0.0,0.0,0.0,0.0,0.0,0.0,0.0,
2026-07-28,6:00,0.0,0.0,31.4,20.1,0.0,0.0,0.0,0.0,0.0,0.0,9.3,10.5,0.0,0.0,0.0,0.0,0.0,0.0,0.0,0.0,0.0,0.0,0.0,0.0,0.0,0.0,0.0,
2026-07-28,6:30,0.0,0.0,27.4,18.8,1.9,0.0,0.0,0.3,0.0,1.6,10.5,10.8,2.9,2.7,1.4,0.0,0.0,0.6,0.0,0.0,2.3,3.1,0.3,0.0,0.0,0.0,0.2,
2026-07-28,7:00,0.0,0.0,18.2,17.7,9.3,0.0,0.0,6.2,0.3,18.7,10.0,10.1,57.3,44.7,21.1,0.0,2.5,5.1,0.0,0.0,27.0,32.8,5.0,1.6,0.2,2.5,0.4,
2026-07-28,7:30,0.0,0.1,14.9,16.9,9.0,0.0,0.0,16.5,0.5,44.2,11.2,10.9,138.7,105.5,51.3,0.0,5.0,10.7,0.0,0.0,62.7,76.7,12.1,1.7,1.0,5.0,0.7,
2026-07-28,8:00,0.0,0.1,12.5,21.8,6.9,0.0,4.4,25.9,1.4,65.0,10.1,10.2,200.0,161.1,80.4,0.0,7.5,12.1,0.0,0.0,82.9,113.9,15.1,0.7,2.7,7.4,0.9,
2026-07-28,8:30,0.1,0.3,11.2,28.7,6.1,0.2,5.5,30.7,1.5,68.0,12.3,11.6,207.2,168.0,84.7,0.1,9.6,9.5,0.0,0.0,86.5,118.3,15.0,1.5,2.4,9.6,1.5,
2026-07-28,9:00,0.1,0.8,9.7,26.7,6.2,0.4,8.3,30.8,1.5,72.9,11.1,10.3,218.2,177.0,89.6,0.3,12.1,4.1,0.0,0.0,87.6,119.7,7.7,1.6,2.8,11.6,4.0,
2026-07-28,9:30,0.1,1.0,9.3,28.3,11.1,1.4,7.9,30.8,1.6,71.9,14.8,12.6,213.3,175.7,89.3,0.3,13.6,7.8,0.7,0.0,88.4,120.3,9.4,4.1,8.3,13.4,7.3,
2026-07-28,10:00,0.2,1.1,11.8,26.1,16.5,0.1,3.1,30.4,1.7,70.3,13.3,11.5,212.7,173.9,88.2,0.3,14.6,13.2,9.0,4.8,88.0,119.2,16.5,5.8,11.5,14.5,10.3,
2026-07-28,10:30,0.4,1.2,17.0,19.9,14.9,0.9,19.6,30.3,1.6,69.3,13.8,13.2,214.5,175.8,89.0,0.4,15.4,12.7,11.6,8.4,87.6,117.7,16.1,4.3,11.1,15.4,14.2,
2026-07-28,11:00,0.4,1.3,22.8,17.1,22.6,1.8,28.3,30.1,1.5,69.4,14.4,14.4,214.6,175.6,88.9,0.4,16.5,12.3,2.4,0.3,88.0,118.1,15.4,6.4,14.6,16.3,15.8,
2026-07-28,11:30,0.4,1.3,30.5,12.3,19.1,3.7,43.3,30.3,1.7,69.8,12.9,13.9,215.6,175.9,89.1,0.4,16.9,11.9,1.2,0.0,88.4,118.7,15.6,5.6,18.1,16.7,15.8,
2026-07-28,12:00,0.4,1.3,43.3,10.8,23.4,6.1,57.9,30.5,1.7,70.8,13.5,13.5,214.5,175.8,88.8,0.4,16.8,11.6,0.5,0.0,89.0,119.0,15.5,7.2,17.5,16.6,15.9,
2026-07-28,12:30,0.4,1.3,55.2,9.9,29.7,5.9,58.0,30.4,1.6,69.7,13.4,13.9,212.4,174.4,88.3,0.4,16.7,12.1,0.0,0.0,88.7,118.1,15.7,8.4,25.5,16.4,16.1,
2026-07-28,13:00,0.4,1.3,62.2,15.3,20.9,6.0,71.8,30.3,1.7,69.7,15.4,14.6,212.6,175.4,88.7,0.4,16.1,12.7,0.0,0.0,89.0,119.1,16.1,7.7,29.1,15.9,16.2,
2026-07-28,13:30,0.4,1.2,59.0,16.4,22.5,8.5,96.0,30.7,1.6,72.1,16.6,15.2,216.6,176.6,89.3,0.4,15.9,12.7,0.0,0.0,89.2,119.8,16.2,6.7,21.4,15.1,16.2,
2026-07-28,14:00,0.4,1.1,60.0,14.9,22.4,9.3,97.4,31.3,1.6,73.2,17.8,15.3,219.3,177.1,90.2,0.4,14.8,12.7,0.0,0.0,90.1,121.7,16.0,4.7,17.6,14.0,16.1,
2026-07-28,14:30,0.3,1.0,63.5,16.2,24.1,9.4,87.5,32.0,1.7,72.3,16.7,14.9,222.0,179.4,90.9,0.4,13.2,12.9,0.0,0.0,89.8,121.9,15.9,6.2,19.6,12.5,16.1,
2026-07-28,15:00,0.3,0.9,62.5,16.7,23.6,7.8,81.3,31.3,1.6,70.3,15.5,15.1,219.0,176.6,89.5,0.3,11.4,13.0,0.0,0.0,88.5,121.6,16.2,5.9,23.9,10.9,15.5,
2026-07-28,15:30,0.3,0.8,63.0,13.5,27.3,8.4,73.0,30.2,1.5,67.5,13.5,14.6,211.6,171.4,86.5,0.3,9.2,12.7,0.0,0.0,85.9,118.4,16.0,6.4,27.4,8.9,14.4,
2026-07-28,16:00,0.2,0.6,67.2,10.8,31.3,9.8,66.5,25.1,1.6,58.0,11.4,13.2,197.0,160.1,80.6,0.2,6.8,11.9,0.0,0.0,77.7,95.1,15.0,7.5,30.1,6.6,11.9,
2026-07-28,16:30,0.1,0.4,67.3,8.8,33.8,7.4,62.9,15.2,1.3,31.4,14.5,14.0,127.6,85.7,45.9,0.2,4.3,9.1,11.1,0.0,44.4,56.4,11.7,10.3,36.6,4.1,5.2,
2026-07-28,17:00,0.1,0.1,61.0,10.0,33.9,7.8,70.4,5.1,0.5,10.5,16.7,15.5,42.0,31.7,17.5,0.1,1.9,3.3,51.5,29.3,15.8,16.7,4.5,12.1,37.4,1.7,0.3,
2026-07-28,17:30,0.0,0.0,67.4,8.1,40.3,7.4,64.8,0.0,0.0,0.0,15.4,15.1,1.6,1.3,0.7,0.0,0.0,0.2,127.2,117.7,0.4,0.2,0.2,12.3,41.5,0.0,0.0,
2026-07-28,18:00,0.0,0.0,62.5,5.9,42.3,6.4,72.0,0.0,0.0,0.0,17.3,14.9,0.0,0.0,0.0,0.0,0.0,0.0,123.2,121.5,0.0,0.0,0.0,13.6,44.8,0.0,0.0,
2026-07-28,18:30,0.0,0.0,53.9,4.5,44.1,7.5,62.3,0.0,0.0,0.0,15.5,14.1,0.0,0.0,0.0,0.0,0.0,0.0,103.1,119.7,0.0,0.0,0.0,14.1,44.4,0.0,0.0,
2026-07-28,19:00,0.0,0.0,51.4,4.9,41.0,6.9,70.9,0.0,0.0,0.0,13.6,15.0,0.0,0.0,0.0,0.0,0.0,0.0,110.9,108.2,0.0,0.0,0.0,12.8,44.1,0.0,0.0,
2026-07-28,19:30,0.0,0.0,46.9,4.6,49.9,5.3,66.6,0.0,0.0,0.0,11.7,13.3,0.0,0.0,0.0,0.0,0.0,0.0,97.8,106.0,0.0,0.0,0.0,15.4,47.5,0.0,0.0,
2026-07-28,20:00,0.0,0.0,50.9,7.5,57.5,8.5,63.8,0.0,0.0,0.0,12.1,14.2,0.0,0.0,0.0,0.0,0.0,0.0,113.0,116.0,0.0,0.0,0.0,18.4,54.2,0.0,0.0,
2026-07-28,20:30,0.0,0.0,56.4,9.5,58.5,6.1,73.7,0.0,0.0,0.0,14.3,12.8,0.0,0.0,0.0,0.0,0.0,0.0,112.9,120.9,0.0,0.0,0.0,17.5,57.4,0.0,0.0,
2026-07-28,21:00,0.0,0.0,55.4,10.9,54.6,5.5,64.8,0.0,0.0,0.0,12.7,12.6,0.0,0.0,0.0,0.0,0.0,0.0,95.2,109.7,0.0,0.0,0.0,16.1,46.4,0.0,0.0,
2026-07-28,21:30,0.0,0.0,53.2,10.1,59.6,2.2,41.6,0.0,0.0,0.0,12.5,13.3,0.0,0.0,0.0,0.0,0.0,0.0,44.0,69.1,0.0,0.0,0.0,12.0,41.0,0.0,0.0,
2026-07-28,22:00,0.0,0.0,45.5,7.8,45.9,4.3,50.2,0.0,0.0,0.0,14.8,13.6,0.0,0.0,0.0,0.0,0.0,0.0,15.2,16.1,0.0,0.0,0.0,11.1,32.7,0.0,0.0,
2026-07-28,22:30,0.0,0.0,42.1,8.9,41.3,5.4,54.3,0.0,0.0,0.0,15.6,15.3,0.0,0.0,0.0,0.0,0.0,0.0,25.7,23.1,0.0,0.0,0.0,10.3,27.6,0.0,0.0,
2026-07-28,23:00,0.0,0.0,40.3,10.3,31.8,4.8,53.3,0.0,0.0,0.0,13.2,13.1,0.0,0.0,0.0,0.0,0.0,0.0,35.9,27.4,0.0,0.0,0.0,8.5,23.1,0.0,0.0,
2026-07-28,23:30,0.0,0.0,31.7,7.3,37.0,2.7,37.7,0.0,0.0,0.0,16.0,14.3,0.0,0.0,0.0,0.0,0.0,0.0,35.4,33.2,0.0,0.0,0.0,8.2,20.5,0.0,0.0,
2026-07-28,0:00,0.0,0.0,24.9,5.9,31.0,3.2,33.5,0.0,0.0,0.0,16.1,14.6,0.0,0.0,0.0,0.0,0.0,0.0,25.8,26.4,0.0,0.0,0.0,7.5,17.3,0.0,0.0,
2026-07-29,0:30,0.0,0.0,24.3,3.3,29.1,1.5,31.7,0.0,0.0,0.0,9.9,10.3,0.0,0.0,0.0,0.0,0.0,0.0,24.3,20.8,0.0,0.0,0.0,9.0,16.9,0.0,0.0,
2026-07-29,1:00,0.0,0.0,14.3,4.2,32.6,1.4,42.9,0.0,0.0,0.0,12.4,11.9,0.0,0.0,0.0,0.0,0.0,0.0,24.2,26.9,0.0,0.0,0.0,8.9,20.3,0.0,0.0,
2026-07-29,1:30,0.0,0.0,6.9,4.5,30.3,1.6,22.6,0.0,0.0,0.0,12.8,10.9,0.0,0.0,0.0,0.0,0.0,0.0,28.4,26.7,0.0,0.0,0.0,8.8,21.0,0.0,0.0,
2026-07-29,2:00,0.0,0.0,4.1,6.3,23.7,1.0,13.9,0.0,0.0,0.0,11.4,11.8,0.0,0.0,0.0,0.0,0.0,0.0,7.5,5.0,0.0,0.0,0.0,9.0,15.5,0.0,0.0,
2026-07-29,2:30,0.0,0.0,4.4,7.5,28.9,0.4,7.8,0.0,0.0,0.0,13.4,10.9,0.0,0.0,0.0,0.0,0.0,0.0,0.0,0.0,0.0,0.0,0.0,7.4,11.1,0.0,0.0,
2026-07-29,3:00,0.0,0.0,4.3,6.2,21.5,0.3,3.0,0.0,0.0,0.0,12.0,10.4,0.0,0.0,0.0,0.0,0.0,0.0,0.0,0.0,0.0,0.0,0.0,4.9,5.7,0.0,0.0,
2026-07-29,3:30,0.0,0.0,4.8,8.4,18.8,0.0,0.7,0.0,0.0,0.0,11.9,10.5,0.0,0.0,0.0,0.0,0.0,0.0,0.0,0.0,0.0,0.0,0.0,4.7,6.4,0.0,0.0,
2026-07-29,4:00,0.0,0.0,3.1,11.2,15.2,0.0,3.9,0.0,0.0,0.0,11.5,12.1,0.0,0.0,0.0,0.0,0.0,0.0,0.0,0.0,0.0,0.0,0.0,2.7,4.8,0.0,0.0,
2026-07-29,4:30,0.0,0.0,2.6,10.2,8.9,0.4,11.3,0.0,0.0,0.0,12.3,13.2,0.0,0.0,0.0,0.0,0.0,0.0,0.0,0.0,0.0,0.0,0.0,2.1,6.2,0.0,0.0,
2026-07-29,5:00,0.0,0.0,2.3,11.1,6.1,1.0,9.2,0.0,0.0,0.0,12.8,12.8,0.0,0.0,0.0,0.0,0.0,0.0,0.0,0.0,0.0,0.0,0.0,1.7,4.6,0.0,0.0,
2026-07-29,5:30,0.0,0.0,2.0,10.1,4.3,1.0,11.3,0.0,0.0,0.0,12.5,13.7,0.0,0.0,0.0,0.0,0.0,0.0,0.0,0.0,0.0,0.0,0.0,0.6,2.1,0.0,0.0,
2026-07-29,6:00,0.0,0.0,2.0,13.9,5.0,0.0,12.1,0.0,0.0,0.0,12.4,12.6,0.0,0.0,0.0,0.0,0.0,0.0,0.0,0.0,0.0,0.0,0.0,1.2,2.9,0.0,0.0,
2026-07-29,6:30,0.0,0.0,4.2,13.5,4.4,0.0,9.5,0.3,0.0,1.8,12.2,13.9,3.0,2.9,1.5,0.0,0.0,0.7,0.0,0.0,2.5,3.1,0.3,0.8,1.8,0.0,0.1,
2026-07-29,7:00,0.0,0.0,3.9,11.5,4.1,0.2,7.5,6.9,0.3,20.2,12.6,12.2,59.4,45.7,21.9,0.0,2.5,5.6,0.0,0.0,28.8,35.0,5.4,1.4,1.7,2.7,0.4,
2026-07-29,7:30,0.0,0.1,3.4,7.9,5.2,0.0,6.6,17.3,0.5,45.6,11.2,12.3,143.6,112.2,57.7,0.0,5.1,11.0,0.0,0.0,65.5,79.8,12.6,1.4,2.8,5.1,0.7,
2026-07-29,8:00,0.0,0.1,2.4,8.4,2.2,0.0,2.0,26.6,1.5,65.5,10.2,11.9,202.9,164.3,82.5,0.0,7.6,12.3,0.0,0.0,84.9,116.2,15.1,0.3,1.4,7.4,1.3,
2026-07-29,8:30,0.1,0.7,4.8,9.1,3.6,0.0,0.0,30.8,1.5,68.9,14.1,13.3,208.4,169.9,85.6,0.1,9.8,12.5,0.0,0.0,87.2,118.8,15.5,1.8,3.2,9.5,2.5,
2026-07-29,9:00,0.1,0.8,6.1,4.3,14.1,0.0,0.0,31.1,1.5,69.6,12.4,12.1,212.2,173.5,87.6,0.1,11.7,12.6,0.0,0.0,87.8,119.6,15.7,4.4,7.0,11.3,4.6,
2026-07-29,9:30,0.1,1.0,4.2,0.8,19.5,0.0,0.0,31.2,1.5,69.7,12.0,12.3,214.8,174.9,88.5,0.2,13.3,12.6,1.9,0.0,88.9,120.1,15.9,5.5,9.1,13.1,10.6,
2026-07-29,10:00,0.1,1.1,3.0,0.0,21.1,0.0,0.6,30.9,1.5,69.5,13.0,13.8,216.4,176.7,89.5,0.2,14.6,12.7,0.0,0.0,88.9,119.9,16.0,8.1,9.6,14.4,16.0,
2026-07-29,10:30,0.2,1.2,3.8,0.0,26.8,0.0,2.5,30.9,1.5,70.1,15.2,14.8,216.5,176.6,89.6,0.2,15.8,12.7,0.0,0.0,88.7,119.3,15.7,7.2,9.3,15.6,16.5,
2026-07-29,11:00,0.4,1.2,5.9,0.0,25.0,0.4,9.1,30.6,1.6,70.3,16.2,15.0,217.1,177.9,90.0,0.2,16.5,12.5,0.0,0.0,86.6,118.7,15.8,7.0,20.0,16.2,16.3,
2026-07-29,11:30,0.4,1.3,13.4,0.0,12.5,0.9,12.3,30.6,1.7,71.6,17.0,15.3,217.4,177.7,90.0,0.2,16.9,12.6,0.0,0.0,87.0,118.3,15.8,6.2,18.9,16.8,16.2,
2026-07-29,12:00,0.4,1.3,23.3,1.3,12.9,1.6,10.5,30.6,1.7,72.3,16.4,14.3,218.9,178.7,90.5,0.2,17.0,12.7,0.0,0.0,87.8,119.2,15.8,7.6,18.4,16.9,16.1,
2026-07-29,12:30,0.4,1.3,30.2,5.2,14.9,1.6,14.1,30.6,1.6,72.7,17.5,15.3,219.9,179.5,90.8,0.1,16.9,12.9,0.0,0.0,89.1,121.0,15.9,7.1,18.3,16.7,16.0,
2026-07-29,13:00,0.4,1.3,34.8,6.0,14.8,1.7,13.0,30.5,1.6,72.9,16.4,15.2,220.8,180.1,91.1,0.2,16.3,13.0,0.0,0.0,90.0,122.3,16.2,4.8,16.6,16.2,16.1,
2026-07-29,13:30,0.4,1.2,41.1,4.4,13.9,1.0,10.8,30.8,1.6,72.9,17.8,15.5,221.7,180.7,91.5,0.2,15.6,13.0,0.0,0.0,90.9,123.5,16.3,5.0,16.3,15.3,16.1,
2026-07-29,14:00,0.4,1.2,43.5,5.8,10.6,1.0,8.8,31.0,1.7,72.3,15.9,14.5,221.6,180.4,91.6,0.5,14.6,13.0,0.0,0.0,91.3,124.5,16.3,3.9,13.1,14.2,16.1,
2026-07-29,14:30,0.3,1.1,49.5,6.1,8.0,0.6,2.4,31.4,1.8,72.4,16.2,14.7,222.4,180.0,91.2,0.3,13.1,12.9,0.0,0.0,91.1,124.8,16.2,2.6,8.5,12.7,16.1,
2026-07-29,15:00,0.3,0.9,50.6,4.4,6.7,0.7,1.6,31.4,1.6,71.9,16.2,13.6,221.0,178.8,90.5,0.4,11.4,12.8,0.0,0.0,90.2,124.0,16.0,2.3,6.9,11.0,15.7,
2026-07-29,15:30,0.2,0.8,53.6,4.0,5.5,0.2,0.4,30.5,1.5,70.2,15.6,15.1,216.3,175.0,88.6,0.3,9.3,12.6,0.0,0.0,88.0,121.6,15.7,1.8,6.6,9.0,14.7,
2026-07-29,16:00,0.2,0.6,54.8,5.2,3.9,0.3,1.3,25.3,1.4,61.1,16.0,14.3,205.3,166.4,83.8,0.3,7.0,11.9,21.0,0.0,81.2,100.2,14.9,1.3,5.3,6.8,12.5,
2026-07-29,16:30,0.1,0.4,51.0,7.4,5.4,0.2,1.5,15.5,1.3,33.3,17.8,15.6,135.9,92.7,50.0,0.2,4.4,9.4,43.3,18.7,46.4,59.4,12.1,1.2,5.8,4.3,5.8,
2026-07-29,17:00,0.1,0.1,53.8,7.5,5.3,0.0,2.3,5.2,0.5,11.1,18.0,15.5,45.3,37.3,19.2,0.1,1.8,3.6,52.9,47.8,16.0,17.7,4.9,1.0,6.4,1.8,0.5,
2026-07-29,17:30,0.0,0.0,51.2,9.6,4.2,0.0,0.0,0.0,0.0,0.0,17.6,15.6,1.4,1.5,0.5,0.0,0.0,0.2,60.9,57.1,0.4,0.2,0.3,0.8,4.8,0.0,0.0,
2026-07-29,18:00,0.0,0.0,47.4,10.1,5.3,0.0,0.0,0.0,0.0,0.0,17.3,15.5,0.0,0.0,0.0,0.0,0.0,0.0,68.9,60.3,0.0,0.0,0.0,0.6,3.1,0.0,0.0,
2026-07-29,18:30,0.0,0.0,42.9,8.9,4.9,0.0,0.0,0.0,0.0,0.0,15.3,14.5,0.0,0.0,0.0,0.0,0.0,0.0,59.0,54.6,0.0,0.0,0.0,0.3,2.1,0.0,0.0,
2026-07-29,19:00,0.0,0.0,38.0,9.1,1.8,0.0,0.0,0.0,0.0,0.0,10.6,11.7,0.0,0.0,0.0,0.0,0.0,0.0,50.1,50.3,0.0,0.0,0.0,0.0,1.5,0.0,0.0,
2026-07-29,19:30,0.0,0.0,28.5,7.6,0.1,0.0,0.2,0.0,0.0,0.0,12.9,12.3,0.0,0.0,0.0,0.0,0.0,0.0,52.9,57.5,0.0,0.0,0.0,0.0,0.6,0.0,0.0,
2026-07-29,20:00,0.0,0.0,23.6,6.6,0.0,0.0,0.0,0.0,0.0,0.0,9.8,12.3,0.0,0.0,0.0,0.0,0.0,0.0,42.7,46.0,0.0,0.0,0.0,0.0,0.0,0.0,0.0,
2026-07-29,20:30,0.0,0.0,23.5,7.8,0.0,0.0,2.0,0.0,0.0,0.0,9.1,12.3,0.0,0.0,0.0,0.0,0.0,0.0,30.0,35.7,0.0,0.0,0.0,0.0,0.0,0.0,0.0,
2026-07-29,21:00,0.0,0.0,24.6,10.0,0.0,0.0,3.2,0.0,0.0,0.0,9.9,9.1,0.0,0.0,0.0,0.0,0.0,0.0,18.7,21.3,0.0,0.0,0.0,0.0,0.0,0.0,0.0,
2026-07-29,21:30,0.0,0.0,21.2,12.5,0.0,0.0,5.5,0.0,0.0,0.0,11.2,10.6,0.0,0.0,0.0,0.0,0.0,0.0,8.5,11.1,0.0,0.0,0.0,0.0,0.0,0.0,0.0,
2026-07-29,22:00,0.0,0.0,19.7,12.4,0.0,0.0,5.6,0.0,0.0,0.0,12.2,12.9,0.0,0.0,0.0,0.0,0.0,0.0,0.5,1.6,0.0,0.0,0.0,0.0,0.0,0.0,0.0,
2026-07-29,22:30,0.0,0.0,16.0,10.9,0.0,0.0,3.9,0.0,0.0,0.0,15.3,15.0,0.0,0.0,0.0,0.0,0.0,0.0,0.0,0.0,0.0,0.0,0.0,0.0,0.0,0.0,0.0,
2026-07-29,23:00,0.0,0.0,17.4,6.3,0.0,0.0,4.2,0.0,0.0,0.0,13.1,15.5,0.0,0.0,0.0,0.0,0.0,0.0,0.0,0.0,0.0,0.0,0.0,0.0,1.0,0.0,0.0,
2026-07-29,23:30,0.0,0.0,16.2,6.0,0.0,0.0,5.3,0.0,0.0,0.0,16.5,15.6,0.0,0.0,0.0,0.0,0.0,0.0,0.0,0.0,0.0,0.0,0.0,0.0,0.8,0.0,0.0,
2026-07-29,0:00,0.0,0.0,13.2,4.9,0.0,0.0,4.8,0.0,0.0,0.0,16.7,15.6,0.0,0.0,0.0,0.0,0.0,0.0,0.0,0.0,0.0,0.0,0.0,0.4,1.7,0.0,0.0,
2026-07-30,0:30,0.0,0.0,15.6,6.1,1.3,0.0,7.5,0.0,0.0,0.0,16.1,15.2,0.0,0.0,0.0,0.0,0.0,0.0,0.0,0.0,0.0,0.0,0.0,0.6,2.2,0.0,0.0,
2026-07-30,1:00,0.0,0.0,18.5,7.2,2.6,0.0,7.6,0.0,0.0,0.0,13.2,14.7,0.0,0.0,0.0,0.0,0.0,0.0,0.0,0.0,0.0,0.0,0.0,0.6,2.8,0.0,0.0,
2026-07-30,1:30,0.0,0.0,11.7,8.0,1.9,0.0,9.5,0.0,0.0,0.0,13.2,12.3,0.0,0.0,0.0,0.0,0.0,0.0,0.0,0.0,0.0,0.0,0.0,0.8,2.7,0.0,0.0,
2026-07-30,2:00,0.0,0.0,8.3,8.7,1.2,0.0,10.2,0.0,0.0,0.0,13.3,14.1,0.0,0.0,0.0,0.0,0.0,0.0,0.0,0.0,0.0,0.0,0.0,0.8,2.0,0.0,0.0,
2026-07-30,2:30,0.0,0.0,8.7,11.3,1.1,0.0,14.5,0.0,0.0,0.0,14.7,14.3,0.0,0.0,0.0,0.0,0.0,0.0,0.5,0.0,0.0,0.0,0.0,0.8,1.3,0.0,0.0,
2026-07-30,3:00,0.0,0.0,7.4,11.3,1.9,0.0,16.4,0.0,0.0,0.0,15.1,13.1,0.0,0.0,0.0,0.0,0.0,0.0,0.2,0.0,0.0,0.0,0.0,0.8,1.4,0.0,0.0,
2026-07-30,3:30,0.0,0.0,4.5,12.7,0.5,0.0,15.0,0.0,0.0,0.0,15.2,14.2,0.0,0.0,0.0,0.0,0.0,0.0,0.0,0.0,0.0,0.0,0.0,0.5,1.5,0.0,0.0,
2026-07-30,4:00,0.0,0.0,4.9,17.4,2.1,0.0,18.6,0.0,0.0,0.0,11.9,12.6,0.0,0.0,0.0,0.0,0.0,0.0,0.0,0.0,0.0,0.0,0.0,1.0,4.3,0.0,0.0,
2026-07-30,4:30,0.0,0.0,2.2,13.0,4.4,0.0,23.7,0.0,0.0,0.0,16.0,13.9,0.0,0.0,0.0,0.0,0.0,0.0,0.0,0.0,0.0,0.0,0.0,1.4,7.6,0.0,0.0,
2026-07-30,5:00,0.0,0.0,2.4,10.9,5.6,0.0,22.4,0.0,0.0,0.0,15.5,15.4,0.0,0.0,0.0,0.0,0.0,0.0,0.0,0.0,0.0,0.0,0.0,1.5,7.4,0.0,0.0,
2026-07-30,5:30,0.0,0.0,4.7,8.4,7.9,0.0,17.9,0.0,0.0,0.0,16.2,15.0,0.0,0.0,0.0,0.0,0.0,0.0,0.0,0.0,0.0,0.0,0.0,1.9,9.5,0.0,0.0,
2026-07-30,6:00,0.0,0.0,5.4,11.0,8.6,0.0,13.9,0.0,0.0,0.0,14.4,14.3,0.0,0.0,0.0,0.0,0.0,0.0,0.0,0.0,0.0,0.0,0.0,2.1,7.5,0.0,0.0,
2026-07-30,6:30,0.0,0.0,6.2,18.5,10.5,0.0,11.2,0.4,0.0,1.7,11.8,11.1,3.5,3.3,1.6,0.0,0.0,0.7,1.0,0.0,2.4,3.3,0.3,2.7,8.4,0.0,0.6,
2026-07-30,7:00,0.0,0.0,8.0,19.8,8.2,0.0,6.0,6.8,0.6,19.3,16.2,14.1,56.1,46.6,24.5,0.0,2.4,5.7,0.0,0.0,26.9,34.2,5.4,2.0,5.9,2.6,2.6,
2026-07-30,7:30,0.1,0.0,4.8,20.5,8.3,0.0,2.2,16.6,10.0,42.2,14.7,14.0,140.7,108.5,52.0,0.0,5.0,11.1,0.0,0.0,64.4,78.1,12.6,2.0,4.7,4.9,9.6,
2026-07-30,8:00,0.2,0.1,2.9,23.1,6.4,0.0,0.0,25.8,20.1,63.5,15.5,14.2,197.8,160.0,80.5,0.0,7.4,12.3,0.0,0.0,83.9,115.3,15.1,1.3,3.0,7.2,15.5,
2026-07-30,8:30,0.2,0.7,12.3,25.4,5.5,0.0,0.0,30.0,37.3,67.7,14.2,13.8,204.9,165.8,83.8,0.1,9.5,12.9,0.3,0.0,87.7,120.1,15.9,1.1,2.6,9.2,16.2,
2026-07-30,9:00,0.3,0.8,18.6,25.1,2.6,0.0,4.8,30.4,38.8,68.6,14.8,12.3,209.1,169.3,85.8,0.1,11.3,12.9,3.5,0.0,88.2,120.8,15.7,0.5,0.6,11.0,16.5,
2026-07-30,9:30,0.3,1.0,18.4,27.0,2.3,0.0,6.5,30.7,39.6,68.6,14.4,13.3,209.5,171.5,87.1,0.1,12.8,12.9,5.1,0.2,88.7,121.3,15.5,0.3,0.2,12.6,16.5,
2026-07-30,10:00,0.3,1.1,28.1,27.1,2.8,0.6,7.2,30.7,40.0,69.2,14.1,13.5,210.6,172.0,87.4,0.1,14.0,12.8,7.9,2.5,88.7,120.4,15.5,0.3,0.3,13.9,16.3,
2026-07-30,10:30,0.4,1.2,40.6,25.1,4.1,1.1,8.1,30.4,40.2,69.8,12.3,11.7,212.8,173.2,87.9,0.1,15.1,12.8,7.5,3.9,88.9,120.0,15.4,0.5,0.5,14.9,16.2,
2026-07-30,11:00,0.4,1.2,61.0,26.6,6.9,1.7,9.1,30.4,40.1,68.7,10.1,10.4,213.1,174.0,88.3,0.1,16.0,12.6,7.4,2.6,88.7,119.5,15.4,0.8,3.3,15.8,16.1,
2026-07-30,11:30,0.4,1.3,68.5,24.7,10.9,1.1,9.4,30.3,40.1,68.8,12.9,11.6,213.1,174.1,88.0,0.2,16.3,12.5,12.4,8.6,89.2,120.0,15.8,1.2,5.3,16.3,16.1,
2026-07-30,12:00,0.4,1.3,72.9,23.9,8.4,1.0,9.7,30.5,40.1,69.0,15.0,13.2,212.5,173.6,88.0,0.3,16.4,12.5,10.0,5.9,89.2,119.1,15.9,1.7,7.4,16.1,16.2,
2026-07-30,12:30,0.4,1.3,73.6,23.4,9.2,0.9,8.4,30.2,40.2,69.8,15.0,14.6,211.7,172.5,87.5,0.3,16.3,12.5,4.4,2.0,88.8,118.4,15.8,2.2,7.8,16.0,16.2,
2026-07-30,13:00,0.4,1.3,71.2,23.8,17.7,1.2,9.6,30.3,40.1,70.9,16.8,14.0,211.4,172.7,87.2,0.3,16.0,12.6,0.8,0.0,88.4,118.3,15.6,3.5,12.4,15.5,16.1,
2026-07-30,13:30,0.4,1.2,69.8,24.7,14.5,0.6,5.8,30.6,40.3,70.0,15.3,12.6,213.5,174.0,88.3,0.2,15.1,12.7,0.0,0.0,87.5,117.5,15.8,4.1,14.4,14.7,16.1,
2026-07-30,14:00,0.4,1.2,70.9,22.1,10.6,0.6,5.9,30.7,40.4,69.5,15.2,13.0,212.5,173.1,87.2,0.2,13.9,12.7,21.0,0.0,87.4,117.9,15.7,3.6,14.2,13.5,16.1,
2026-07-30,14:30,0.3,1.1,73.2,22.2,7.8,1.4,6.3,30.8,40.4,69.5,16.2,14.7,209.6,170.6,86.5,0.1,12.5,12.6,72.3,78.6,86.8,117.7,15.6,2.4,9.0,12.0,16.0,
2026-07-30,15:00,0.3,0.9,75.7,24.1,10.1,2.2,10.4,30.2,40.1,68.3,16.4,14.4,206.8,167.3,84.9,0.1,10.8,12.3,82.4,90.9,85.6,116.5,15.4,3.0,9.2,10.4,15.8,
2026-07-30,15:30,0.2,0.8,75.7,26.4,1.8,2.3,7.5,29.1,39.1,65.1,13.8,12.9,201.1,161.7,81.7,0.1,8.9,11.9,102.1,102.0,82.5,112.9,14.8,2.2,6.6,8.2,14.5,
2026-07-30,16:00,0.2,0.6,76.0,29.8,4.5,1.0,3.0,23.4,37.5,55.9,16.5,14.9,185.0,149.5,75.1,0.1,6.7,10.9,97.9,95.1,74.6,92.5,13.7,0.4,1.4,6.1,12.2,
2026-07-30,16:30,0.1,0.4,79.8,30.1,5.2,1.1,3.6,13.4,33.7,30.1,15.7,14.6,119.9,83.7,44.5,0.0,4.2,6.3,64.9,83.1,43.3,54.3,10.7,0.4,0.0,3.8,5.6,
2026-07-30,17:00,0.1,0.1,78.2,30.1,5.6,0.6,4.5,3.9,19.9,10.1,17.5,13.1,39.1,31.6,16.1,0.1,1.7,1.1,59.6,69.9,15.0,15.7,4.1,0.9,3.2,1.5,0.5,
2026-07-30,17:30,0.0,0.0,71.3,29.5,11.3,0.0,8.0,0.0,5.6,0.0,15.3,15.0,1.8,1.7,0.6,0.0,0.0,0.1,52.9,50.0,0.5,0.4,0.2,1.9,7.6,0.0,0.0,
2026-07-30,18:00,0.0,0.0,68.2,27.2,18.9,0.5,6.6,0.0,0.1,0.0,14.6,15.2,0.0,0.0,0.0,0.0,0.0,0.0,27.2,22.5,0.0,0.0,0.0,2.1,8.7,0.0,0.0,
2026-07-30,18:30,0.0,0.0,56.5,19.1,11.3,0.6,6.3,0.0,0.0,0.0,14.1,14.2,0.0,0.0,0.0,0.0,0.0,0.0,11.4,12.7,0.0,0.0,0.0,1.8,9.6,0.0,0.0,
2026-07-30,19:00,0.0,0.0,36.5,8.1,10.3,1.5,8.4,0.0,0.0,0.0,14.3,13.9,0.0,0.0,0.0,0.0,0.0,0.0,12.9,14.6,0.0,0.0,0.0,1.7,10.8,0.0,0.0,
2026-07-30,19:30,0.0,0.0,23.3,8.4,4.7,1.1,7.0,0.0,0.0,0.0,14.4,14.2,0.0,0.0,0.0,0.0,0.0,0.0,54.0,52.2,0.0,0.0,0.0,1.1,5.1,0.0,0.0,
2026-07-30,20:00,0.0,0.0,24.4,7.8,4.4,0.7,5.5,0.0,0.0,0.0,12.2,13.7,0.0,0.0,0.0,0.0,0.0,0.0,73.6,86.9,0.0,0.0,0.0,1.0,2.9,0.0,0.0,
2026-07-30,20:30,0.0,0.0,27.3,10.4,8.1,0.2,4.4,0.0,0.0,0.0,12.8,12.3,0.0,0.0,0.0,0.0,0.0,0.0,46.3,54.8,0.0,0.0,0.0,1.7,3.4,0.0,0.0,
2026-07-30,21:00,0.0,0.0,23.7,13.4,11.8,0.0,10.7,0.0,0.0,0.0,12.5,12.4,0.0,0.0,0.0,0.0,0.0,0.0,44.3,44.4,0.0,0.0,0.0,3.2,5.8,0.0,0.0,
2026-07-30,21:30,0.0,0.0,15.9,12.7,13.9,0.5,14.3,0.0,0.0,0.0,16.2,15.0,0.0,0.0,0.0,0.0,0.0,0.0,48.8,52.2,0.0,0.0,0.0,3.2,8.1,0.0,0.0,
2026-07-30,22:00,0.0,0.0,21.5,9.7,10.6,1.7,14.9,0.0,0.0,0.0,13.7,15.3,0.0,0.0,0.0,0.0,0.0,0.0,42.5,48.1,0.0,0.0,0.0,1.9,8.3,0.0,0.0,
2026-07-30,22:30,0.0,0.0,42.2,8.0,11.2,1.3,12.8,0.0,0.0,0.0,13.7,14.3,0.0,0.0,0.0,0.0,0.0,0.0,29.5,22.4,0.0,0.0,0.0,2.1,9.5,0.0,0.0,
2026-07-30,23:00,0.0,0.0,38.5,8.3,14.7,0.6,10.5,0.0,0.0,0.0,16.9,13.9,0.0,0.0,0.0,0.0,0.0,0.0,8.3,8.7,0.0,0.0,0.0,4.0,14.8,0.0,0.0,
2026-07-30,23:30,0.0,0.0,35.7,9.5,24.6,0.0,44.6,0.0,0.0,0.0,16.3,14.8,0.0,0.0,0.0,0.0,0.0,0.0,0.0,1.5,0.0,0.0,0.0,8.9,22.9,0.0,0.0,
2026-07-30,0:00,0.0,0.0,38.5,9.9,15.3,5.8,34.8,0.0,0.0,0.0,16.5,15.4,0.0,0.0,0.0,0.0,0.0,0.0,0.0,0.0,0.0,0.0,0.0,7.4,21.8,0.0,0.0,
2026-07-31,0:30,0.0,0.0,44.1,13.5,22.8,1.6,64.7,0.0,0.0,0.0,15.8,15.2,0.0,0.0,0.0,0.0,0.0,0.0,0.0,0.0,0.0,0.0,0.0,6.6,21.7,0.0,0.0,
2026-07-31,1:00,0.0,0.0,46.5,14.1,28.2,1.4,23.4,0.0,0.0,0.0,15.3,14.7,0.0,0.0,0.0,0.0,0.0,0.0,0.0,0.0,0.0,0.0,0.0,6.5,11.6,0.0,0.0,
2026-07-31,1:30,0.0,0.0,50.2,20.9,33.0,0.0,22.1,0.0,0.0,0.0,16.4,15.4,0.0,0.0,0.0,0.0,0.0,0.0,0.0,0.0,0.0,0.0,0.0,6.0,6.2,0.0,0.0,
2026-07-31,2:00,0.0,0.0,54.6,24.9,27.2,5.1,43.3,0.0,0.0,0.0,14.8,14.8,0.0,0.0,0.0,0.0,0.0,0.0,0.0,0.0,0.0,0.0,0.0,4.7,7.2,0.0,0.0,
2026-07-31,2:30,0.0,0.0,68.9,21.4,13.2,2.5,37.8,0.0,0.0,0.0,16.2,15.1,0.0,0.0,0.0,0.0,0.0,0.0,0.0,0.0,0.0,0.0,0.0,3.1,9.2,0.0,0.0,
2026-07-31,3:00,0.0,0.0,67.6,16.2,6.8,0.8,33.5,0.0,0.0,0.0,14.8,14.8,0.0,0.0,0.0,0.0,0.0,0.0,0.0,0.0,0.0,0.0,0.0,1.5,3.0,0.0,0.0,
2026-07-31,3:30,0.0,0.0,60.3,16.7,8.6,2.5,48.5,0.0,0.0,0.0,14.4,14.5,0.0,0.0,0.0,0.0,0.0,0.0,0.0,0.0,0.0,0.0,0.0,2.1,5.3,0.0,0.0,
2026-07-31,4:00,0.0,0.0,48.3,21.4,10.6,3.8,46.9,0.0,0.0,0.0,13.6,14.6,0.0,0.0,0.0,0.0,0.0,0.0,92.1,48.2,0.0,0.0,0.0,3.0,7.4,0.0,0.0,
2026-07-31,4:30,0.0,0.0,42.1,21.2,16.6,3.4,63.5,0.0,0.0,0.0,14.2,14.2,0.0,0.0,0.0,0.0,0.0,0.0,126.8,115.7,0.0,0.0,0.0,5.2,14.7,0.0,0.0,
2026-07-31,5:00,0.0,0.0,46.6,24.6,26.3,8.9,86.6,0.0,0.0,0.0,14.2,15.1,0.0,0.0,0.0,0.0,0.0,0.0,134.2,120.2,0.0,0.0,0.0,8.7,23.1,0.0,0.0,
2026-07-31,5:30,0.0,0.0,44.3,24.2,31.5,7.8,95.7,0.0,0.0,0.0,14.4,14.5,0.0,0.0,0.0,0.0,0.0,0.0,120.0,113.7,0.0,0.0,0.0,9.6,25.6,0.0,0.0,
2026-07-31,6:00,0.0,0.0,36.7,22.7,36.3,7.3,127.4,0.0,0.0,0.0,13.8,14.1,0.0,0.0,0.0,0.0,0.0,0.0,101.8,86.5,0.0,0.0,0.0,10.1,32.3,0.0,0.0,
2026-07-31,6:30,0.0,0.0,25.7,21.8,42.3,12.5,162.7,0.8,0.0,1.6,15.3,14.9,5.3,4.5,2.2,0.0,0.0,0.4,82.7,67.2,2.9,3.4,0.1,12.2,36.6,0.0,0.0,
2026-07-31,7:00,0.0,0.0,19.9,19.8,46.4,14.0,175.2,7.5,1.2,3.8,15.6,15.6,61.5,50.5,25.7,0.0,2.4,1.3,109.1,91.1,29.0,34.6,1.1,14.1,37.7,2.6,0.3,
2026-07-31,7:30,0.1,0.0,19.7,22.1,50.2,23.3,199.0,8.0,11.6,30.7,16.8,15.6,62.2,62.6,21.8,0.0,5.0,1.3,143.7,117.9,45.5,49.7,1.0,15.3,35.5,5.0,0.6,
2026-07-31,8:00,0.1,0.1,16.1,26.9,81.1,23.6,195.7,26.6,12.7,11.1,17.4,15.6,219.7,178.2,91.0,0.1,7.5,1.5,153.4,121.3,83.4,113.5,1.3,22.3,47.0,7.3,0.8,
2026-07-31,8:30,0.1,0.7,10.5,29.3,92.7,23.2,196.8,30.5,38.2,70.5,17.7,15.6,91.7,54.9,34.6,0.1,9.7,2.3,114.1,115.5,87.1,119.0,2.0,25.9,60.7,10.0,1.1,
2026-07-31,9:00,0.2,0.8,6.8,29.6,86.5,28.5,184.7,30.9,39.4,69.0,17.6,14.4,210.0,170.3,86.4,0.1,11.7,2.6,131.4,119.9,88.3,120.3,2.6,27.7,69.3,11.4,1.8,
2026-07-31,9:30,0.1,1.0,8.1,29.1,86.1,22.2,191.0,31.0,40.2,71.2,17.5,15.4,214.6,174.8,88.3,0.3,13.7,3.8,107.0,114.0,89.7,122.0,3.8,28.6,77.5,13.1,3.2,
2026-07-31,10:00,0.4,1.1,21.6,27.3,98.4,28.5,222.5,22.9,40.8,71.3,17.4,15.4,212.4,174.0,88.7,0.3,14.6,5.6,78.8,72.8,87.9,118.9,6.5,30.2,80.7,14.1,4.2,
2026-07-31,10:30,0.4,1.2,45.7,25.8,114.7,25.3,214.8,33.0,33.1,70.7,18.2,15.6,210.3,174.2,87.9,0.4,15.5,10.2,76.1,58.4,87.0,117.2,12.7,27.9,79.6,15.0,6.2,
2026-07-31,11:00,0.4,1.3,60.6,22.8,110.6,30.0,215.0,30.3,38.4,71.4,18.2,15.6,213.1,174.8,88.9,0.4,16.3,13.0,77.9,51.5,87.8,117.6,16.1,27.6,78.3,15.7,14.8,
2026-07-31,11:30,0.4,1.3,75.5,22.6,117.4,28.9,223.1,30.6,40.2,70.9,18.1,14.8,216.0,176.8,89.6,0.4,16.7,12.9,77.2,59.1,89.0,119.3,15.9,27.8,77.6,16.6,16.1,
2026-07-31,12:00,0.4,1.3,77.9,21.4,123.8,29.5,213.9,30.6,40.6,71.6,18.2,15.5,214.6,177.3,89.8,0.4,17.0,12.9,118.6,95.3,88.3,118.0,16.0,28.5,81.3,16.7,14.7,
2026-07-31,12:30,0.4,1.3,77.9,16.8,120.6,29.5,215.1,30.5,40.5,71.9,17.6,15.5,215.9,177.7,90.0,0.4,16.7,13.1,150.0,102.4,89.3,119.0,16.4,28.3,77.3,16.4,15.9,
2026-07-31,13:00,0.4,1.3,78.2,13.1,123.0,32.3,201.3,30.6,40.7,71.3,18.1,15.6,215.9,178.0,90.1,0.4,16.0,13.3,152.2,102.3,88.2,119.2,16.5,29.5,79.0,16.0,16.0,
2026-07-31,13:30,0.4,1.2,77.8,26.2,124.9,34.0,218.5,30.7,40.8,70.7,18.2,15.3,215.9,177.4,89.6,0.4,15.1,13.3,149.8,119.9,88.3,119.2,16.6,30.8,79.3,15.0,15.8,
2026-07-31,14:00,0.3,1.2,78.9,28.1,126.8,35.6,231.1,30.7,40.7,57.5,18.0,15.6,217.9,177.8,90.2,0.4,12.0,13.2,155.7,119.3,89.4,122.4,16.5,30.8,80.9,13.8,16.2,
2026-07-31,14:30,0.3,1.1,79.6,30.3,126.8,34.4,226.3,31.0,40.5,27.9,18.2,15.6,140.4,92.5,62.7,0.4,11.5,13.1,153.9,122.6,82.0,119.5,16.2,30.8,81.0,12.4,15.5,
2026-07-31,15:00,0.2,0.9,80.0,30.3,126.9,34.5,223.8,31.1,40.8,13.8,18.1,15.5,98.3,108.6,58.0,0.3,4.5,12.3,153.4,123.0,84.3,116.6,15.7,30.8,80.9,7.1,9.2,
2026-07-31,15:30,0.2,0.8,78.9,30.3,120.8,34.5,233.9,30.7,40.4,15.8,17.7,15.5,99.9,145.5,72.5,0.3,3.7,11.9,154.1,124.9,75.1,103.7,15.2,30.8,82.3,6.5,1.0,
2026-07-31,16:00,0.2,0.6,78.5,30.3,120.1,34.5,234.0,25.2,39.7,23.3,18.0,15.6,53.7,132.5,68.1,0.2,2.0,11.7,139.9,124.1,73.5,90.5,14.3,30.8,82.0,4.0,0.5,
2026-07-31,16:30,0.1,0.4,77.8,27.9,120.4,34.7,233.9,15.2,36.7,27.9,18.1,15.1,81.5,68.0,36.3,0.2,3.9,8.9,136.9,112.8,41.5,51.6,11.5,30.8,82.0,2.3,0.1,
2026-07-31,17:00,0.0,0.1,78.9,27.8,120.2,32.6,235.1,5.0,22.5,8.6,17.9,15.6,31.6,23.6,11.7,0.1,1.6,3.1,145.1,119.0,12.4,12.9,4.2,30.8,82.2,0.8,0.0,
2026-07-31,17:30,0.0,0.0,79.8,26.1,119.4,34.2,234.3,0.0,7.1,0.0,17.6,15.3,1.5,1.6,0.6,0.1,0.0,0.1,143.7,126.7,0.4,0.3,0.2,30.8,82.4,0.0,0.0,
2026-07-31,18:00,0.0,0.0,78.6,27.3,116.6,32.3,228.5,0.0,0.1,0.0,15.3,14.8,0.0,0.0,0.0,0.0,0.0,0.0,144.8,124.8,0.0,0.0,0.0,30.8,82.2,0.0,0.0,
2026-07-31,18:30,0.0,0.0,80.0,28.4,118.0,32.8,226.9,0.0,0.0,0.0,15.2,14.5,0.0,0.0,0.0,0.0,0.0,0.0,126.0,118.3,0.0,0.0,0.0,28.7,81.2,0.0,0.0,
2026-07-31,19:00,0.0,0.0,79.5,26.5,123.7,33.0,227.5,0.0,0.0,0.0,16.0,14.9,0.0,0.0,0.0,0.0,0.0,0.0,132.0,117.9,0.0,0.0,0.0,27.7,82.3,0.0,0.0,
2026-07-31,19:30,0.0,0.0,79.8,27.6,124.7,33.6,227.0,0.0,0.0,0.0,14.1,13.8,0.0,0.0,0.0,0.0,0.0,0.0,141.0,128.8,0.0,0.0,0.0,27.7,82.5,0.0,0.0,
2026-07-31,20:00,0.0,0.0,78.7,28.1,124.6,28.9,229.6,0.0,0.0,0.0,12.4,12.9,0.0,0.0,0.0,0.0,0.0,0.0,129.8,127.1,0.0,0.0,0.0,27.7,82.4,0.0,0.0,
2026-07-31,20:30,0.0,0.0,73.0,27.8,127.2,28.6,221.5,0.0,0.0,0.0,10.9,13.1,0.0,0.0,0.0,0.0,0.0,0.0,131.6,123.2,0.0,0.0,0.0,27.7,82.1,0.0,0.0,
2026-07-31,21:00,0.0,0.0,58.3,25.7,127.4,30.1,216.0,0.0,0.0,0.0,9.2,11.8,0.0,0.0,0.0,0.0,0.0,0.0,151.4,125.1,0.0,0.0,0.0,27.7,82.4,0.0,0.0,
2026-07-31,21:30,0.0,0.0,44.4,20.2,127.4,31.5,227.2,0.0,0.0,0.0,9.5,11.1,0.0,0.0,0.0,0.0,0.0,0.0,163.7,127.6,0.0,0.0,0.0,27.7,82.4,0.0,0.0,
2026-07-31,22:00,0.0,0.0,29.4,17.0,127.2,28.1,230.0,0.0,0.0,0.0,9.3,9.9,0.0,0.0,0.0,0.0,0.0,0.0,159.2,127.9,0.0,0.0,0.0,27.7,82.5,0.0,0.0,
2026-07-31,22:30,0.0,0.0,34.7,18.3,126.0,31.1,234.1,0.0,0.0,0.0,10.1,11.7,0.0,0.0,0.0,0.0,0.0,0.0,130.6,117.2,0.0,0.0,0.0,27.7,82.5,0.0,0.0,
2026-07-31,23:00,0.0,0.0,41.0,15.1,127.2,25.4,227.0,0.0,0.0,0.0,12.5,11.8,0.0,0.0,0.0,0.0,0.0,0.0,134.8,117.2,0.0,0.0,0.0,27.7,82.4,0.0,0.0,
2026-07-31,23:30,0.0,0.0,33.2,18.2,126.4,30.0,226.5,0.0,0.0,0.0,12.5,12.8,0.0,0.0,0.0,0.0,0.0,0.0,150.2,126.9,0.0,0.0,0.0,27.7,82.5,0.0,0.0,
2026-07-31,0:00,0.0,0.0,27.7,17.9,126.5,28.6,117.0,0.0,0.0,0.0,13.0,14.2,0.0,0.0,0.0,0.0,0.0,0.0,155.7,125.6,0.0,0.0,0.0,27.7,82.4,0.0,0.0,
2026-08-01,0:30,0.0,0.0,24.9,16.5,125.1,34.5,234.8,0.0,0.0,0.0,15.3,14.8,0.0,0.0,0.0,0.0,0.0,0.0,159.3,127.8,0.0,0.0,0.0,27.7,82.2,0.0,0.0,
2026-08-01,1:00,0.0,0.0,24.7,21.8,123.8,33.6,234.6,0.0,0.0,0.0,13.4,14.6,0.0,0.0,0.0,0.0,0.0,0.0,165.7,128.1,0.0,0.0,0.0,27.7,82.3,0.0,0.0,
2026-08-01,1:30,0.0,0.0,25.0,24.7,125.1,29.4,225.6,0.0,0.0,0.0,14.5,14.7,0.0,0.0,0.0,0.0,0.0,0.0,155.9,128.4,0.0,0.0,0.0,27.7,82.4,0.0,0.0,
2026-08-01,2:00,0.0,0.0,25.2,23.4,124.4,28.8,223.2,0.0,0.0,0.0,14.0,13.1,0.0,0.0,0.0,0.0,0.0,0.0,158.0,128.5,0.0,0.0,0.0,27.7,82.4,0.0,0.0,
2026-08-01,2:30,0.0,0.0,28.2,24.2,125.4,34.3,221.3,0.0,0.0,0.0,13.9,14.6,0.0,0.0,0.0,0.0,0.0,0.0,147.8,122.9,0.0,0.0,0.0,27.7,82.4,0.0,0.0,
2026-08-01,3:00,0.0,0.0,25.9,23.6,125.3,32.1,213.5,0.0,0.0,0.0,13.8,13.6,0.0,0.0,0.0,0.0,0.0,0.0,150.8,124.5,0.0,0.0,0.0,27.7,82.3,0.0,0.0,
2026-08-01,3:30,0.0,0.0,22.0,27.3,126.8,32.8,221.9,0.0,0.0,0.0,14.4,13.2,0.0,0.0,0.0,0.0,0.0,0.0,156.8,125.1,0.0,0.0,0.0,27.7,82.4,0.0,0.0,
2026-08-01,4:00,0.0,0.0,20.6,23.8,126.9,32.9,225.9,0.0,0.0,0.0,14.7,14.5,0.0,0.0,0.0,0.0,0.0,0.0,148.6,124.2,0.0,0.0,0.0,27.7,82.5,0.0,0.0,
2026-08-01,4:30,0.0,0.0,21.8,21.3,126.8,27.7,216.0,0.0,0.0,0.0,16.0,15.0,0.0,0.0,0.0,0.0,0.0,0.0,120.9,102.1,0.0,0.0,0.0,27.7,82.4,0.0,0.0,
2026-08-01,5:00,0.0,0.0,24.9,18.0,125.4,23.0,193.9,0.0,0.0,0.0,15.3,15.1,0.0,0.0,0.0,0.0,0.0,0.0,127.5,100.6,0.0,0.0,0.0,27.7,82.4,0.0,0.0,
2026-08-01,5:30,0.0,0.0,22.3,19.9,122.8,15.7,156.7,0.0,0.0,0.0,16.7,15.3,0.0,0.0,0.0,0.0,0.0,0.0,75.5,67.1,0.0,0.0,0.0,27.7,82.3,0.0,0.0,
2026-08-01,6:00,0.0,0.0,18.3,22.3,127.4,10.5,120.1,0.0,0.0,0.0,17.5,15.1,0.0,0.0,0.0,0.0,0.0,0.0,36.9,33.2,0.0,0.0,0.0,27.7,82.4,0.0,0.0,
2026-08-01,6:30,0.0,0.0,14.3,25.4,125.1,6.1,60.4,0.3,0.0,1.9,17.6,15.2,4.3,3.9,1.9,0.0,0.0,0.4,22.0,22.1,3.2,4.1,0.1,27.6,81.7,0.0,0.1,
2026-08-01,7:00,0.0,0.0,14.5,26.0,120.1,3.6,45.5,7.9,0.5,16.9,17.1,15.5,55.6,44.4,22.8,0.0,2.1,1.3,13.8,20.7,30.7,36.4,1.1,27.2,79.1,2.2,0.5,
2026-08-01,7:30,0.0,0.1,15.6,24.8,115.4,4.2,46.6,18.3,11.6,40.8,15.0,15.2,132.7,106.3,53.4,0.0,4.5,1.3,7.9,12.0,66.0,80.3,1.0,26.5,69.0,4.5,1.1,
2026-08-01,8:00,0.1,0.1,27.9,27.2,104.5,1.1,45.0,27.6,21.7,61.5,17.7,15.7,190.2,153.3,76.5,0.0,7.1,1.5,6.7,6.7,85.3,117.6,1.3,25.6,74.5,6.8,1.9,
2026-08-01,8:30,0.1,0.6,36.0,27.4,117.1,3.6,95.0,31.5,39.7,66.2,17.6,15.5,198.4,161.4,81.7,0.0,9.2,2.3,7.4,5.2,89.5,122.0,2.0,27.0,73.7,8.8,3.7,
2026-08-01,9:00,0.1,0.8,42.4,27.4,120.4,9.4,116.6,31.6,40.8,67.6,17.7,14.1,204.8,166.1,84.5,0.1,11.2,2.6,5.1,1.9,90.3,122.7,2.6,27.3,72.0,10.6,4.7,
2026-08-01,9:30,0.2,0.9,46.5,27.7,115.2,13.7,144.5,31.9,41.3,68.8,16.7,14.4,206.5,167.2,85.3,0.1,12.8,3.8,7.6,2.2,90.9,123.1,3.8,27.0,62.7,12.3,7.0,
2026-08-01,10:00,0.3,1.1,41.5,27.4,123.5,16.9,134.8,31.8,41.8,69.6,17.4,14.2,208.1,167.5,85.2,0.1,14.7,5.6,38.3,11.9,91.7,123.9,6.5,30.6,77.3,13.6,9.8,
2026-08-01,10:30,0.2,1.2,45.0,27.0,123.0,19.5,163.9,31.5,41.8,70.4,18.1,15.1,209.0,168.2,85.6,0.1,15.5,10.2,82.5,65.8,91.6,123.1,12.7,30.7,80.2,14.6,13.6,
2026-08-01,11:00,0.3,1.2,43.3,27.9,119.9,17.9,178.6,31.3,41.7,69.7,17.7,15.7,208.6,167.9,85.3,0.5,15.9,13.0,108.3,89.6,91.2,122.0,16.1,30.8,80.5,15.2,16.2,
2026-08-01,11:30,0.4,1.3,46.3,26.9,117.9,19.0,177.4,31.4,41.6,70.7,17.7,15.4,209.9,168.7,85.5,0.2,16.2,12.9,100.5,80.9,90.8,121.5,15.9,30.7,79.5,15.4,16.2,
2026-08-01,12:00,0.3,1.3,39.8,25.4,30.0,17.5,184.9,31.5,41.6,71.4,18.2,15.6,211.8,169.4,85.9,0.2,16.3,12.9,91.3,89.4,91.2,122.3,16.0,30.8,77.5,15.6,16.0,
2026-08-01,12:30,0.4,1.3,40.0,24.2,0.0,22.4,180.5,31.5,41.7,71.8,18.1,15.6,213.7,171.1,86.9,0.5,16.1,13.1,53.9,49.6,92.4,123.9,16.4,30.4,79.0,15.6,16.2,
2026-08-01,13:00,0.4,1.3,40.8,25.9,0.0,22.0,181.0,31.8,41.8,71.7,17.6,15.6,215.4,173.4,88.0,0.2,15.6,13.3,59.4,39.8,93.3,125.7,16.5,29.8,77.7,15.3,16.5,
2026-08-01,13:30,0.4,1.2,53.3,22.9,0.0,24.8,178.3,32.4,41.9,72.0,17.9,15.6,215.5,174.0,88.2,0.2,14.9,13.3,57.1,32.5,92.7,124.8,16.6,29.8,77.4,14.7,16.5,
2026-08-01,14:00,0.3,1.1,59.9,27.3,0.0,23.5,179.9,32.4,42.6,71.7,17.6,15.6,214.8,173.6,88.2,0.1,13.7,13.2,83.3,46.3,91.8,124.3,16.5,28.4,75.3,13.4,16.4,
2026-08-01,14:30,0.3,1.0,57.5,29.5,0.0,21.3,182.5,31.9,42.3,71.5,18.2,15.1,216.1,173.8,87.8,0.1,12.4,13.1,105.6,101.5,91.5,124.5,16.2,25.5,68.4,12.0,16.3,
2026-08-01,15:00,0.3,0.9,58.5,28.2,0.0,26.1,202.5,31.4,41.5,70.9,18.2,15.5,215.3,172.9,87.7,0.1,11.0,12.3,125.3,120.5,90.4,123.7,15.7,25.0,67.6,10.3,16.2,
2026-08-01,15:30,0.2,0.8,59.6,28.6,0.0,23.0,216.4,31.2,41.0,68.9,18.2,15.5,211.5,169.9,86.0,0.1,9.0,11.9,138.9,128.6,88.8,122.3,15.2,24.3,66.9,8.4,15.2,
2026-08-01,16:00,0.2,0.6,61.5,30.0,0.0,22.8,181.8,26.1,40.3,61.5,17.4,15.6,200.2,161.3,81.4,0.1,6.8,11.7,150.8,130.8,82.3,101.8,14.3,23.8,64.0,6.3,13.0,
2026-08-01,16:30,0.1,0.4,61.4,30.0,0.0,21.6,163.4,15.9,37.7,34.1,18.2,15.6,133.4,96.8,49.5,0.1,4.3,8.9,165.3,131.6,49.5,61.7,11.5,25.6,64.9,3.9,6.0,
2026-08-01,17:00,0.1,0.1,67.4,30.0,0.0,22.2,173.9,5.4,23.6,11.9,17.2,15.4,45.4,36.7,18.9,0.0,1.9,3.1,160.8,131.4,18.7,19.7,4.2,24.8,60.7,1.6,0.1,
2026-08-01,17:30,0.0,0.0,48.1,30.2,22.5,15.6,151.4,0.0,7.6,0.0,16.6,15.1,2.0,1.7,0.7,0.0,0.0,0.1,154.1,131.2,0.5,0.4,0.2,22.3,59.6,0.0,0.0,
2026-08-01,18:00,0.0,0.0,29.9,30.3,32.7,18.4,176.2,0.0,0.1,0.0,17.0,15.5,0.0,0.0,0.0,0.0,0.0,0.0,158.1,131.8,0.0,0.0,0.0,22.5,56.9,0.0,0.0,
2026-08-01,18:30,0.0,0.0,24.9,29.8,43.7,21.9,190.7,0.0,0.0,0.0,14.5,14.1,0.0,0.0,0.0,0.0,0.0,0.0,146.6,127.3,0.0,0.0,0.0,23.1,54.8,0.0,0.0,
2026-08-01,19:00,0.0,0.0,25.5,29.0,55.1,22.7,203.5,0.0,0.0,0.0,14.8,14.1,0.0,0.0,0.0,0.0,0.0,0.0,153.9,128.5,0.0,0.0,0.0,25.8,69.4,0.0,0.0,
2026-08-01,19:30,0.0,0.0,30.5,29.3,58.6,25.4,207.1,0.0,0.0,0.0,12.9,13.4,0.0,0.0,0.0,0.0,0.0,0.0,124.4,119.2,0.0,0.0,0.0,22.9,64.4,0.0,0.0,
2026-08-01,20:00,0.0,0.0,31.5,29.7,45.9,25.8,205.9,0.0,0.0,0.0,11.4,14.3,0.0,0.0,0.0,0.0,0.0,0.0,126.0,118.3,0.0,0.0,0.0,16.6,48.1,0.0,0.0,
2026-08-01,20:30,0.0,0.0,36.7,28.6,68.3,21.6,198.9,0.0,0.0,0.0,10.1,11.1,0.0,0.0,0.0,0.0,0.0,0.0,115.7,114.2,0.0,0.0,0.0,16.1,47.4,0.0,0.0,
2026-08-01,21:00,0.0,0.0,42.9,24.8,50.5,18.4,188.6,0.0,0.0,0.0,13.0,13.1,0.0,0.0,0.0,0.0,0.0,0.0,119.2,109.3,0.0,0.0,0.0,19.8,56.5,0.0,0.0,
2026-08-01,21:30,0.0,0.0,54.0,18.6,67.0,19.2,187.4,0.0,0.0,0.0,13.1,12.5,0.0,0.0,0.0,0.0,0.0,0.0,128.6,102.6,0.0,0.0,0.0,24.5,63.8,0.0,0.0,
2026-08-01,22:00,0.0,0.0,64.5,12.9,85.8,21.8,201.7,0.0,0.0,0.0,8.8,11.6,0.0,0.0,0.0,0.0,0.0,0.0,118.1,95.8,0.0,0.0,0.0,23.1,61.5,0.0,0.0,
2026-08-01,22:30,0.0,0.0,51.7,13.8,84.9,14.5,197.0,0.0,0.0,0.0,10.3,10.6,0.0,0.0,0.0,0.0,0.0,0.0,94.2,84.1,0.0,0.0,0.0,25.1,63.0,0.0,0.0,
2026-08-01,23:00,0.0,0.0,36.9,12.5,94.1,15.5,186.9,0.0,0.0,0.0,9.9,12.5,0.0,0.0,0.0,0.0,0.0,0.0,62.05,55.6,0.0,0.0,0.0,26.6,66.3,0.0,0.0,
2026-08-01,23:30,0.0,0.0,28.9,15.1,87.5,20.3,192.0,0.0,0.0,0.0,14.7,15.2,0.0,0.0,0.0,0.0,0.0,0.0,63.4,65.3,0.0,0.0,0.0,25.9,68.7,0.0,0.0,
2026-08-01,0:00,0.0,0.0,22.0,15.1,86.6,22.9,212.1,0.0,0.0,0.0,12.9,13.0,0.0,0.0,0.0,0.0,0.0,0.0,57.66,56.1,0.0,0.0,0.0,27.1,69.1,0.0,0.0,
2026-08-02,0:30,0.0,0.0,17.3,18.6,79.9,23.3,200.8,0.0,0.0,0.0,11.8,12.3,0.0,0.0,0.0,0.0,0.0,0.0,70.5,57.2,0.0,0.0,0.0,28.2,70.9,0.0,0.0,
2026-08-02,1:00,0.0,0.0,11.2,19.3,94.9,19.9,182.8,0.0,0.0,0.0,12.9,12.0,0.0,0.0,0.0,0.0,0.0,0.0,75.7,67.7,0.0,0.0,0.0,28.4,73.0,0.0,0.0,
2026-08-02,1:30,0.0,0.0,13.5,21.8,114.0,26.5,184.6,0.0,0.0,0.0,13.3,14.3,0.0,0.0,0.0,0.0,0.0,0.0,87.7,68.6,0.0,0.0,0.0,28.4,72.1,0.0,0.0,
2026-08-02,2:00,0.0,0.0,15.3,27.8,104.0,19.4,168.4,0.0,0.0,0.0,13.1,14.2,0.0,0.0,0.0,0.0,0.0,0.0,101.2,90.7,0.0,0.0,0.0,28.9,74.9,0.0,0.0,
2026-08-02,2:30,0.0,0.0,15.2,29.4,118.8,20.0,182.7,0.0,0.0,0.0,8.7,10.5,0.0,0.0,0.0,0.0,0.0,0.0,125.4,111.9,0.0,0.0,0.0,30.7,79.1,0.0,0.0,
2026-08-02,3:00,0.0,0.0,14.3,29.6,119.0,17.9,194.5,0.0,0.0,0.0,11.1,12.8,0.0,0.0,0.0,0.0,0.0,0.0,121.1,107.7,0.0,0.0,0.0,30.8,78.4,0.0,0.0,
2026-08-02,3:30,0.0,0.0,12.7,29.9,121.0,21.8,197.9,0.0,0.0,0.0,9.0,10.1,0.0,0.0,0.0,0.0,0.0,0.0,120.7,99.9,0.0,0.0,0.0,30.8,80.0,0.0,0.0,
2026-08-02,4:00,0.0,0.0,13.8,29.9,121.5,26.2,207.4,0.0,0.0,0.0,7.9,9.3,0.0,0.0,0.0,0.0,0.0,0.0,120.0,111.9,0.0,0.0,0.0,30.8,81.3,0.0,0.0,
2026-08-02,4:30,0.0,0.0,14.3,28.2,120.8,26.5,210.1,0.0,0.0,0.0,11.2,11.0,0.0,0.0,0.0,0.0,0.0,0.0,121.9,123.7,0.0,0.0,0.0,30.8,80.8,0.0,0.0,
2026-08-02,5:00,0.0,0.0,14.0,27.4,121.2,25.8,212.2,0.0,0.0,0.0,11.9,13.7,0.0,0.0,0.0,0.0,0.0,0.0,121.1,126.3,0.0,0.0,0.0,30.7,77.4,0.0,0.0,
2026-08-02,5:30,0.0,0.0,10.8,28.0,120.9,23.4,220.4,0.0,0.0,0.0,10.3,11.2,0.0,0.0,0.0,0.0,0.0,0.0,121.1,119.2,0.0,0.0,0.0,30.8,81.7,0.0,0.0,
2026-08-02,6:00,0.0,0.0,8.3,27.6,117.9,32.9,199.3,0.0,0.0,0.0,9.5,9.4,0.0,0.0,0.0,0.0,0.0,0.0,83.8,67.7,0.0,0.0,0.0,30.3,78.6,0.0,0.0,
2026-08-02,6:30,0.0,0.0,8.3,28.4,120.2,25.7,167.3,0.4,0.0,0.9,10.6,9.9,4.0,4.2,2.0,0.0,0.0,0.0,0.0,75.9,3.0,4.1,0.0,30.6,80.1,0.0,0.0,
2026-08-02,7:00,0.0,0.0,11.4,26.3,119.6,18.7,156.0,8.1,0.6,5.3,9.2,12.3,60.7,46.7,22.2,0.0,2.7,0.5,0.0,64.4,27.4,36.6,0.3,30.8,81.4,2.5,0.2,
2026-08-02,7:30,0.0,0.1,15.6,23.9,118.1,21.6,154.9,18.7,11.7,22.2,11.9,13.2,144.5,109.6,53.3,0.0,3.7,1.8,0.0,87.0,64.5,82.5,1.6,30.8,81.6,4.9,0.7,
2026-08-02,8:00,0.0,0.3,20.7,24.7,117.4,19.4,154.1,28.1,22.1,61.9,12.7,12.1,203.6,167.3,83.8,0.1,6.6,5.2,0.0,85.6,84.8,118.5,4.5,30.8,81.8,7.1,1.1,
2026-08-02,8:30,0.1,0.6,23.2,25.6,110.1,23.0,153.0,32.0,40.1,63.9,11.5,11.3,210.3,173.8,87.9,0.1,9.9,5.1,0.0,47.7,87.9,122.2,6.4,30.8,81.5,9.3,1.8,
2026-08-02,9:00,0.1,0.9,23.0,26.0,114.9,25.9,153.2,32.0,41.3,68.6,10.7,11.4,215.1,178.3,90.5,0.1,11.9,5.9,0.0,38.9,89.4,123.8,11.0,30.8,81.2,11.1,3.7,
2026-08-02,9:30,0.1,0.6,31.1,24.2,116.0,14.8,160.9,31.7,41.6,74.1,13.0,13.2,217.0,180.6,91.9,0.4,13.6,12.9,0.0,42.6,90.4,124.7,16.3,30.7,81.0,13.0,6.5,
2026-08-02,10:00,0.1,0.9,38.2,21.3,118.7,14.3,136.8,31.6,41.6,74.9,11.3,13.1,220.3,183.5,93.3,0.1,15.1,13.5,0.0,27.3,90.2,125.8,16.3,30.7,81.5,14.3,12.2,
2026-08-02,10:30,0.1,1.2,55.5,19.0,118.8,17.4,118.6,32.2,41.7,75.2,14.5,14.2,222.9,184.8,93.8,0.1,16.3,13.5,0.0,18.2,93.1,126.2,16.3,30.7,80.9,15.5,16.2,
2026-08-02,11:00,0.1,1.2,68.6,23.0,114.6,20.1,105.9,31.9,42.5,74.8,17.0,14.7,221.8,184.2,93.3,0.2,17.1,13.6,0.0,20.1,92.5,124.4,16.3,30.6,81.1,16.5,16.3,
2026-08-02,11:30,0.1,1.3,72.4,25.2,100.5,14.2,112.0,31.0,42.2,74.2,16.8,15.6,221.0,183.7,92.8,0.3,17.3,13.4,0.0,14.4,92.8,124.3,16.2,28.2,73.4,16.6,16.2,
2026-08-02,12:00,0.1,1.3,78.0,27.7,88.2,18.7,117.1,31.3,41.6,74.2,17.0,15.6,220.2,183.4,92.9,0.5,17.4,13.3,0.0,25.7,92.9,124.9,16.1,26.9,71.1,16.7,16.1,
2026-08-02,12:30,0.2,1.3,79.0,28.8,80.6,19.9,128.4,31.5,41.8,74.6,17.5,15.4,221.0,183.8,93.1,0.4,17.1,13.1,26.7,12.7,93.2,125.0,16.1,26.5,69.7,16.3,16.4,
2026-08-02,13:00,0.2,1.3,72.9,28.4,68.6,19.5,156.7,31.6,42.0,74.4,14.6,14.9,221.0,183.5,93.0,0.2,16.3,13.3,45.6,13.7,92.9,125.0,16.1,23.0,61.9,15.8,16.6,
2026-08-02,13:30,0.2,1.2,77.7,28.4,66.8,17.3,164.1,32.1,42.1,73.8,15.7,15.5,220.4,182.7,92.7,0.4,15.4,13.3,39.6,24.3,92.8,126.0,16.1,21.5,58.7,14.9,16.7,
2026-08-02,14:00,0.2,1.2,80.8,29.5,65.7,22.5,165.3,32.1,42.5,73.5,14.6,15.3,221.9,182.8,92.4,0.3,14.5,13.4,76.2,64.7,93.2,127.1,16.2,20.1,58.4,13.8,16.9,
2026-08-02,14:30,0.3,1.1,81.6,30.2,68.8,20.5,165.3,32.1,42.2,72.9,15.3,14.5,221.7,182.5,92.0,0.1,13.0,13.5,111.1,114.8,93.4,127.4,16.2,20.7,61.5,12.3,16.8,
2026-08-02,15:00,0.3,1.0,81.3,30.1,78.3,21.5,162.0,32.3,41.8,72.5,17.3,15.1,219.9,180.7,91.4,0.1,11.3,13.5,115.5,119.4,92.9,127.2,16.1,21.4,58.9,10.6,14.4,
2026-08-02,15:30,0.2,0.8,80.8,29.9,77.4,24.0,162.6,31.5,41.8,70.8,17.5,14.5,215.0,176.8,89.4,0.1,9.2,13.2,117.9,124.4,91.2,125.5,15.6,20.3,59.2,8.5,8.7,
2026-08-02,16:00,0.2,0.6,80.8,29.9,78.3,22.4,164.0,26.3,40.5,62.7,14.9,14.6,203.7,167.2,84.4,0.1,7.0,12.7,122.0,127.5,84.9,104.8,15.2,19.5,57.9,6.3,1.7,
2026-08-02,16:30,0.1,0.4,79.5,30.0,70.7,21.2,164.6,16.3,38.0,35.0,16.2,14.7,136.8,92.2,52.0,0.0,4.4,11.5,124.1,129.7,51.3,64.0,13.8,20.1,50.6,4.0,0.5,
2026-08-02,17:00,0.1,0.1,79.3,30.1,63.0,19.9,165.7,5.6,24.0,12.5,16.9,15.3,46.0,39.9,20.4,0.0,1.9,5.4,119.4,128.8,19.2,20.3,6.8,15.4,51.0,1.7,0.0,
2026-08-02,17:30,0.0,0.0,80.2,29.8,57.2,21.3,165.6,0.0,7.8,0.0,18.2,15.6,2.2,1.9,1.0,0.0,0.0,0.4,118.0,125.3,0.6,0.4,0.6,15.6,45.7,0.0,0.0,
2026-08-02,18:00,0.0,0.0,78.5,29.9,52.8,20.0,168.2,0.0,0.1,0.0,17.2,15.6,0.0,0.0,0.0,0.0,0.0,0.0,101.5,114.5,0.0,0.0,0.0,14.8,49.1,0.0,0.0,
2026-08-02,18:30,0.0,0.0,77.7,29.6,63.2,14.7,172.0,0.0,0.0,0.0,17.1,15.6,0.0,0.0,0.0,0.0,0.0,0.0,100.1,112.1,0.0,0.0,0.0,15.0,49.2,0.0,0.0,
2026-08-02,19:00,0.0,0.0,75.2,28.8,61.7,17.7,167.2,0.0,0.0,0.0,17.2,15.3,0.0,0.0,0.0,0.0,0.0,0.0,121.4,124.1,0.0,0.0,0.0,16.2,47.7,0.0,0.0,
2026-08-02,19:30,0.0,0.0,69.5,29.5,63.7,19.1,166.9,0.0,0.0,0.0,16.0,13.1,0.0,0.0,0.0,0.0,0.0,0.0,120.9,128.3,0.0,0.0,0.0,20.2,60.2,0.0,0.0,
2026-08-02,20:00,0.0,0.0,68.2,27.9,69.3,20.5,165.4,0.0,0.0,0.0,16.1,14.7,0.0,0.0,0.0,0.0,0.0,0.0,122.5,131.1,0.0,0.0,0.0,24.0,62.1,0.0,0.0,
2026-08-02,20:30,0.0,0.0,56.5,24.3,99.3,18.3,169.3,0.0,0.0,0.0,15.4,13.7,0.0,0.0,0.0,0.0,0.0,0.0,121.5,129.7,0.0,0.0,0.0,27.2,71.0,0.0,0.0,
2026-08-02,21:00,0.0,0.0,47.9,22.8,104.4,18.5,169.5,0.0,0.0,0.0,14.9,15.3,0.0,0.0,0.0,0.0,0.0,0.0,121.2,125.6,0.0,0.0,0.0,29.8,75.8,0.0,0.0,
2026-08-02,21:30,0.0,0.0,35.5,23.2,94.4,15.4,170.5,0.0,0.0,0.0,16.0,15.6,0.0,0.0,0.0,0.0,0.0,0.0,115.6,102.4,0.0,0.0,0.0,28.8,73.7,0.0,0.0,
2026-08-02,22:00,0.0,0.0,31.0,21.3,95.1,17.7,164.3,0.0,0.0,0.0,15.1,14.6,0.0,0.0,0.0,0.0,0.0,0.0,94.6,76.2,0.0,0.0,0.0,29.9,76.9,0.0,0.0,
2026-08-02,22:30,0.0,0.0,30.1,22.7,93.2,11.9,145.2,0.0,0.0,0.0,13.3,13.5,0.0,0.0,0.0,0.0,0.0,0.0,113.1,88.1,0.0,0.0,0.0,29.5,76.5,0.0,0.0,
2026-08-02,23:00,0.0,0.0,27.6,23.0,82.5,15.7,142.3,0.0,0.0,0.0,15.3,15.0,0.0,0.0,0.0,0.0,0.0,0.0,122.8,92.6,0.0,0.0,0.0,27.8,73.3,0.0,0.0,
2026-08-02,23:30,0.0,0.0,30.1,19.6,103.4,14.0,134.2,0.0,0.0,0.0,14.6,12.7,0.0,0.0,0.0,0.0,0.0,0.0,125.3,93.9,0.0,0.0,0.0,30.3,77.2,0.0,0.0,
2026-08-02,0:00,0.0,0.0,36.7,20.8,113.4,13.7,56.3,0.0,0.0,0.0,13.5,13.4,0.0,0.0,0.0,0.0,0.0,0.0,105.6,72.9,0.0,0.0,0.0,30.5,77.8,0.0,0.0,
2026-08-03,0:30,0.0,0.0,32.6,24.3,118.2,14.3,130.8,0.0,0.0,0.0,11.8,12.6,0.0,0.0,0.0,0.0,0.0,0.0,85.7,64.4,0.0,0.0,0.0,30.3,76.8,0.0,0.0,
2026-08-03,1:00,0.0,0.0,30.1,28.6,112.4,18.0,160.6,0.0,0.0,0.0,12.5,12.3,0.0,0.0,0.0,0.0,0.0,0.0,69.2,51.1,0.0,0.0,0.0,28.8,70.7,0.0,0.0,
2026-08-03,1:30,0.0,0.0,19.5,28.0,111.0,20.6,156.4,0.0,0.0,0.0,12.2,11.0,0.0,0.0,0.0,0.0,0.0,0.0,49.9,34.1,0.0,0.0,0.0,27.1,65.1,0.0,0.0,
2026-08-03,2:00,0.0,0.0,14.3,24.8,90.8,16.4,136.3,0.0,0.0,0.0,12.0,11.4,0.0,0.0,0.0,0.0,0.0,0.0,35.1,33.0,0.0,0.0,0.0,25.0,64.9,0.0,0.0,
2026-08-03,2:30,0.0,0.0,14.1,26.4,96.5,18.1,145.6,0.0,0.0,0.0,16.0,13.3,0.0,0.0,0.0,0.0,0.0,0.0,22.5,15.6,0.0,0.0,0.0,19.8,54.9,0.0,0.0,
2026-08-03,3:00,0.0,0.0,13.5,24.9,103.9,18.2,104.8,0.0,0.0,0.0,14.4,13.2,0.0,0.0,0.0,0.0,0.0,0.0,20.4,15.0,0.0,0.0,0.0,21.8,46.9,0.0,0.0,
2026-08-03,3:30,0.0,0.0,11.8,26.4,90.3,9.3,75.9,0.0,0.0,0.0,13.8,14.3,0.0,0.0,0.0,0.0,0.0,0.0,14.2,12.9,0.0,0.0,0.0,20.4,54.1,0.0,0.0,
2026-08-03,4:00,0.0,0.0,13.9,29.4,48.6,8.2,55.7,0.0,0.0,0.0,13.0,13.8,0.0,0.0,0.0,0.0,0.0,0.0,11.6,10.3,0.0,0.0,0.0,21.3,54.5,0.0,0.0,
2026-08-03,4:30,0.0,0.0,15.5,28.5,56.6,11.0,70.4,0.0,0.0,0.0,9.7,9.7,0.0,0.0,0.0,0.0,0.0,0.0,8.8,7.4,0.0,0.0,0.0,20.6,53.0,0.0,0.0,
2026-08-03,5:00,0.0,0.0,13.3,28.8,64.1,8.0,103.3,0.0,0.0,0.0,9.4,12.0,0.0,0.0,0.0,0.0,0.0,0.0,5.0,3.8,0.0,0.0,0.0,18.9,51.8,0.0,0.0,
2026-08-03,5:30,0.0,0.0,7.2,27.8,51.1,11.7,138.1,0.0,0.0,0.0,10.7,12.7,0.0,0.0,0.0,0.0,0.0,0.0,12.1,6.6,0.0,0.0,0.0,14.6,44.2,0.0,0.0,
2026-08-03,6:00,0.0,0.0,6.6,25.9,76.3,11.2,102.6,0.0,0.0,0.0,10.6,11.8,0.0,0.0,0.0,0.0,0.0,0.0059,16.9,11.3,0.0,0.0,0.0,17.8,44.4,0.0,0.0,
2026-08-03,6:30,0.0,0.0,8.5,24.8,78.1,7.4,62.3,0.3,0.0,2.3,11.5,11.8,3.7,4.0,1.9,0.0,0.0,0.9238,13.8,10.9,2.6,4.2,0.4975,16.8,47.2,0.0,0.0,
2026-08-03,7:00,0.0,0.0,8.3,25.8,68.6,8.8,59.6,8.3,0.54,22.7,11.8,13.6,66.4,50.0,24.0,0.0,2.7,6.7427,23.1,14.5,29.3,39.5,6.1151,18.4,45.7,2.6,0.4,
2026-08-03,7:30,0.0,0.1,9.0,24.9,74.6,8.4,83.3,19.0,12.09,48.5,15.7,14.9,151.4,125.3,62.9,0.0,5.6,11.9621,28.9,24.3,65.5,85.4,13.2178,24.1,61.1,5.0,0.9,
2026-08-03,8:00,0.0,0.1,7.4,24.2,94.1,17.3,113.5,28.5,22.91,67.8,16.8,15.5,205.7,169.8,86.0,0.0,8.1,12.8104,52.3,30.4,87.4,120.8,15.3326,23.0,64.5,7.2,1.7,
2026-08-03,8:30,0.0,0.6,7.9,24.5,121.7,15.2,122.0,32.2,40.93,71.0,16.9,15.3,210.5,174.8,88.5,0.1,10.2,13.3212,74.4,54.8,90.6,123.9,16.0329,29.7,74.3,9.3,3.0,
2026-08-03,9:00,0.1,0.8,14.2,24.1,97.2,20.5,144.4,32.3,41.62,71.9,17.9,15.1,213.8,178.0,90.3,0.1,12.2,13.7639,64.0,57.8,92.1,125.5,16.8917,28.0,74.2,11.2,4.6,
2026-08-03,9:30,0.1,1.0,22.7,25.3,102.9,19.7,155.7,32.2,42.08,72.1,18.2,15.4,214.1,178.4,90.7,0.1,13.8,13.8045,52.0,40.2,92.9,126.1,17.2363,28.9,70.6,12.8,7.1,
2026-08-03,10:00,0.1,1.1,30.0,21.0,111.1,26.3,135.0,32.1,42.13,71.5,17.8,15.6,213.6,177.9,90.7,0.1,15.1,13.6319,43.8,37.4,92.7,124.9,16.9847,29.9,73.7,14.1,12.6,
2026-08-03,10:30,0.1,1.2,38.4,18.2,106.9,24.6,149.9,31.6,42.24,71.5,17.0,13.8,216.5,179.8,91.3,0.1,16.2,13.3591,45.3,38.7,92.0,123.5,16.548,25.6,70.4,15.2,15.6,
2026-08-03,11:00,0.1,1.2,37.2,15.2,104.2,27.3,159.2,31.4,41.96,71.4,16.1,15.2,216.8,180.5,91.5,0.2,17.0,13.1744,57.8,43.2,92.2,123.2,16.2388,26.2,73.0,16.0,16.5,
2026-08-03,11:30,0.2,1.3,38.0,12.0,95.6,29.0,156.6,31.7,42.03,72.1,16.0,14.1,216.9,180.6,91.6,0.2,17.5,12.9478,59.3,49.1,92.5,123.1,16.2114,26.3,74.9,16.3,16.5,
2026-08-03,12:00,0.2,1.3,43.6,12.9,90.3,28.3,157.3,31.6,42.1,73.6,17.0,14.2,219.7,182.4,92.2,0.2,17.9,13.1136,87.4,75.1,92.7,123.7,16.3196,26.7,76.1,16.6,16.5,
2026-08-03,12:30,0.3,1.3,44.7,20.3,94.7,24.4,159.4,31.5,42.11,74.8,15.8,14.4,221.9,184.5,93.6,0.4,17.8,13.1854,107.9,99.9,93.4,125.3,16.3031,26.5,75.1,16.3,16.6,
2026-08-03,13:00,0.5,1.3,40.4,24.1,106.7,23.1,162.5,31.6,42.08,75.1,14.8,14.4,223.7,185.0,93.8,0.2,17.3,13.4977,130.4,123.3,94.3,127.0,16.5094,26.5,76.3,15.9,16.7,
2026-08-03,13:30,0.4,1.2,47.6,22.8,102.8,22.4,162.7,31.8,42.06,74.7,17.8,13.0,224.9,185.7,94.0,0.2,16.4,13.5036,121.0,123.0,94.7,127.8,16.8216,26.8,75.7,15.1,16.6,
2026-08-03,14:00,0.4,1.2,53.1,19.3,106.5,25.4,160.3,32.1,42.18,74.2,17.7,13.0,224.7,185.4,93.9,0.4,15.2,13.5183,108.2,115.6,95.1,128.8,16.8453,26.1,75.3,13.9,16.8,
2026-08-03,14:30,0.3,1.1,52.5,20.8,96.6,25.1,160.6,32.1,42.16,73.9,18.2,12.1,225.0,184.7,93.6,0.1,13.7,13.5466,119.1,115.9,95.4,129.5,16.7596,25.5,73.9,12.4,16.6,
2026-08-03,15:00,0.3,0.9,51.9,21.8,85.6,24.4,161.2,31.8,41.87,73.1,17.3,13.7,223.3,183.1,92.8,0.1,12.0,13.4939,120.5,120.9,94.4,129.0,16.776,23.4,70.0,10.7,16.5,
2026-08-03,15:30,0.2,0.8,52.0,23.5,72.7,23.4,162.4,31.5,41.56,71.3,17.6,15.1,217.4,179.3,90.6,0.1,9.9,13.2445,134.1,126.0,92.0,126.4,16.5088,21.6,66.0,8.8,15.1,
2026-08-03,16:00,0.2,0.6,53.7,23.8,74.7,22.8,163.2,26.4,40.46,63.1,15.7,15.1,206.1,169.7,85.5,0.1,7.5,12.561,148.0,124.8,85.5,105.7,15.6631,22.4,68.9,6.5,12.4,
2026-08-03,16:30,0.1,0.4,55.9,25.3,69.0,31.4,207.5,16.5,37.82,35.2,13.8,12.5,139.5,101.4,51.4,0.1,4.9,10.1696,141.0,124.1,51.3,65.1,12.8984,22.0,69.9,4.0,5.6,
2026-08-03,17:00,0.1,0.1,54.9,27.6,70.7,20.4,197.2,5.8,24.13,12.5,16.2,14.6,48.1,42.3,21.9,0.1,2.2,4.161,139.7,127.8,20.1,21.7,5.5037,21.6,70.9,1.7,0.4,
2026-08-03,17:30,0.0,0.0,51.3,28.2,75.7,26.1,211.3,0.0,7.87,0.1,13.9,14.3,2.9,1.9,1.1,0.0,0.1,0.2546,143.1,128.1,0.7,0.4,0.3888,22.4,69.8,0.0,0.0,
2026-08-03,18:00,0.0,0.0,50.0,24.9,76.6,23.5,185.2,0.0,0.13,0.0,15.1,14.0,0.0,0.0,0.0,0.0,0.0,0.0,140.9,127.1,0.0,0.0,0.0,23.0,67.2,0.0,0.0,
2026-08-03,18:30,0.0,0.0,52.7,24.3,66.8,17.0,180.6,0.0,0.0,0.0,15.9,15.3,0.0,0.0,0.0,0.0,0.0,0.0,144.5,127.1,0.0,0.0,0.0,24.2,69.3,0.0,0.0,
2026-08-03,19:00,0.0,0.0,52.7,21.7,67.1,23.7,178.1,0.0,0.0,0.0,14.6,15.2,0.0,0.0,0.0,0.0,0.0,0.0,139.8,126.0,0.0,0.0,0.0,23.2,68.0,0.0,0.0,
2026-08-03,19:30,0.0,0.0,56.8,23.8,79.2,23.6,189.8,0.0,0.0,0.0,11.1,13.0,0.0,0.0,0.0,0.0,0.0,0.0,136.1,125.2,0.0,0.0,0.0,24.7,69.1,0.0,0.0,
2026-08-03,20:00,0.0,0.0,42.8,21.9,88.7,18.7,174.4,0.0,0.0,0.0,13.6,14.2,0.0,0.0,0.0,0.0,0.0,0.0,117.4,120.1,0.0,0.0,0.0,26.4,69.1,0.0,0.0,
2026-08-03,20:30,0.0,0.0,32.5,20.7,82.8,22.1,203.1,0.0,0.0,0.0,12.5,13.6,0.0,0.0,0.0,0.0,0.0,0.0,123.4,120.3,0.0,0.0,0.0,24.3,66.0,0.0,0.0,
2026-08-03,21:00,0.0,0.0,24.3,18.5,83.4,23.5,197.1,0.0,0.0,0.0,10.1,12.2,0.0,0.0,0.0,0.0,0.0,0.0,145.3,123.5,0.0,0.0,0.0,26.3,67.1,0.0,0.0,
2026-08-03,21:30,0.0,0.0,18.1,17.5,90.7,22.3,202.8,0.0,0.0,0.0,10.0,11.8,0.0,0.0,0.0,0.0,0.0,0.0,128.6,118.8,0.0,0.0,0.0,25.7,68.5,0.0,0.0,
2026-08-03,22:00,0.0,0.0,18.9,17.9,99.1,26.3,202.1,0.0,0.0,0.0,10.1,11.2,0.0,0.0,0.0,0.0,0.0,0.0,115.9,106.0,0.0,0.0,0.0,26.9,68.9,0.0,0.0,
2026-08-03,22:30,0.0,0.0,18.9,15.3,87.3,25.7,202.8,0.0,0.0,0.0,13.9,15.1,0.0,0.0,0.0,0.0,0.0,0.0,109.5,103.9,0.0,0.0,0.0,25.9,70.4,0.0,0.0,
2026-08-03,23:00,0.0,0.0,19.0,15.0,78.2,23.3,198.7,0.0,0.0,0.0,11.3,12.3,0.0,0.0,0.0,0.0,0.0,0.0,87.6,94.8,0.0,0.0,0.0,26.5,67.8,0.0,0.0,
2026-08-03,23:30,0.0,0.0,19.7,13.7,88.4,18.5,169.2,0.0,0.0,0.0,9.0,9.9,0.0,0.0,0.0,0.0,0.0,0.0,99.0,85.8,0.0,0.0,0.0,26.7,67.9,0.0,0.0,
2026-08-03,0:00,0.0,0.0,21.8,13.7,85.3,18.3,184.6,0.0,0.0,0.0,10.7,12.7,0.0,0.0,0.0,0.0,0.0,0.0,94.7,86.3,0.0,0.0,0.0,28.1,68.3,0.0,0.0,
2026-08-04,0:30,0.0,0.0,23.8,14.1,71.5,17.3,181.2,0.0,0.0,0.0,7.6,10.1,0.0,0.0,0.0,0.0,0.0,0.0,87.8,85.6,0.0,0.0,0.0,25.9,64.8,0.0,0.0,
2026-08-04,1:00,0.0,0.0,22.4,20.4,77.8,13.3,161.3,0.0,0.0,0.0,5.2,9.1,0.0,0.0,0.0,0.0,0.0,0.0,91.0,80.3,0.0,0.0,0.0,25.0,60.0,0.0,0.0,
2026-08-04,1:30,0.0,0.0,20.1,24.7,79.1,14.4,160.6,0.0,0.0,0.0,5.3,7.6,0.0,0.0,0.0,0.0,0.0,0.0,81.9,83.6,0.0,0.0,0.0,23.5,58.2,0.0,0.0,
2026-08-04,2:00,0.0,0.0,21.4,20.2,71.0,16.2,160.3,0.0,0.0,0.0,7.4,9.7,0.0,0.0,0.0,0.0,0.0,0.0,78.0,74.0,0.0,0.0,0.0,24.5,58.0,0.0,0.0,
2026-08-04,2:30,0.0,0.0,26.7,22.8,71.1,13.9,145.4,0.0,0.0,0.0,8.8,10.3,0.0,0.0,0.0,0.0,0.0,0.0,47.4,42.9,0.0,0.0,0.0,24.7,52.0,0.0,0.0,
2026-08-04,3:00,0.0,0.0,30.9,23.0,70.4,13.2,143.3,0.0,0.0,0.0,9.9,11.1,0.0,0.0,0.0,0.0,0.0,0.0,36.7,39.9,0.0,0.0,0.0,18.6,46.0,0.0,0.0,
2026-08-04,3:30,0.0,0.0,25.0,24.8,83.9,17.3,145.0,0.0,0.0,0.0,9.9,10.1,0.0,0.0,0.0,0.0,0.0,0.0,37.4,41.9,0.0,0.0,0.0,20.7,45.6,0.0,0.0,
2026-08-04,4:00,0.0,0.0,17.9,20.9,100.4,15.2,154.6,0.0,0.0,0.0,8.4,11.3,0.0,0.0,0.0,0.0,0.0,0.0,35.4,32.5,0.0,0.0,0.0,22.4,51.4,0.0,0.0,
2026-08-04,4:30,0.0,0.0,17.0,19.0,93.6,18.6,165.4,0.0,0.0,0.0,8.3,11.2,0.0,0.0,0.0,0.0,0.0,0.0,34.1,35.5,0.0,0.0,0.0,22.8,50.9,0.0,0.0,
2026-08-04,5:00,0.0,0.0,15.0,19.5,89.7,11.8,140.9,0.0,0.0,0.0,9.4,12.5,0.0,0.0,0.0,0.0,0.0,0.0,40.6,35.3,0.0,0.0,0.0,23.1,46.1,0.0,0.0,
2026-08-04,5:30,0.0,0.0,11.6,17.0,87.5,9.9,130.1,0.0,0.0,0.0,9.5,11.0,0.0,0.0,0.0,0.0,0.0,0.0,45.2,44.6,0.0,0.0,0.0,18.2,41.1,0.0,0.0,
2026-08-04,6:00,0.0,0.0,14.3,17.9,79.9,5.6,120.3,0.0,0.0,0.0,6.7,9.3,0.0,0.0,0.0,0.0,0.0,0.0,43.8,34.4,0.0,0.0,0.0,17.0,38.7,0.0,0.0,
2026-08-04,6:30,0.0,0.0,15.9,13.1,71.2,5.9,111.5,0.3,0.0,2.3,8.3,9.0,4.1,4.7,2.1,0.0,0.0,1.0,44.0,41.4,3.0,4.7,0.6,20.5,43.4,0.0,0.2,
2026-08-04,7:00,0.0,0.0,13.8,7.5,68.2,3.1,80.2,8.2,0.6,23.9,7.9,9.4,68.3,57.2,24.8,0.0,2.8,6.8,33.1,32.7,31.1,41.0,6.5,18.3,43.8,2.6,0.7,
2026-08-04,7:30,0.0,0.0,14.3,7.0,70.2,3.5,88.8,18.8,12.1,49.1,11.0,9.2,153.8,118.0,62.3,0.0,5.6,12.0,32.3,35.5,67.3,87.0,13.9,18.9,44.3,5.0,1.1,
2026-08-04,8:00,0.0,0.1,10.9,9.7,66.8,3.2,102.6,28.5,23.0,68.3,10.3,9.8,208.6,170.9,86.3,0.0,8.2,13.0,43.1,43.7,89.3,122.8,16.1,18.9,38.6,7.3,2.1,
2026-08-04,8:30,0.1,0.2,5.8,10.1,72.6,11.8,106.3,32.1,40.8,70.9,13.4,12.6,212.5,175.6,88.7,0.0,10.4,13.1,45.0,49.8,92.3,125.6,16.4,18.9,36.6,9.3,3.7,
2026-08-04,9:00,0.1,0.2,5.4,9.3,80.6,9.9,95.8,32.3,41.6,72.3,17.1,13.9,214.1,177.8,90.1,0.0,12.2,13.4,57.3,54.0,92.6,126.2,16.8,24.2,48.4,11.2,5.2,
2026-08-04,9:30,0.1,0.7,8.2,11.2,109.8,13.0,114.4,32.2,42.3,72.3,16.4,14.7,215.4,179.0,90.8,0.1,13.8,13.7,96.0,87.2,92.5,125.3,17.2,28.2,55.9,12.9,8.2,
2026-08-04,10:00,0.2,1.1,4.7,11.6,115.6,20.1,155.1,32.5,42.5,72.7,17.3,15.1,215.4,179.2,91.3,0.1,15.4,13.7,134.8,115.1,91.7,124.0,17.2,25.6,66.3,14.3,11.6,
2026-08-04,10:30,0.4,1.2,6.7,9.8,118.7,27.2,172.7,32.3,42.8,71.9,16.9,15.4,216.9,179.9,91.3,0.1,16.4,13.5,131.3,114.9,91.8,123.4,17.0,26.7,69.0,15.3,16.1,
2026-08-04,11:00,0.4,1.2,8.9,10.7,114.7,28.4,192.0,31.7,42.7,73.9,14.8,15.1,217.9,180.6,91.6,0.2,17.1,13.2,132.0,119.8,91.0,121.8,16.8,23.8,64.6,15.9,16.4,
2026-08-04,11:30,0.4,1.3,14.9,9.4,112.1,32.2,202.3,31.7,42.3,74.3,17.4,15.3,219.3,182.2,92.4,0.3,17.8,13.2,133.0,119.2,90.9,121.5,16.5,26.0,69.1,16.3,16.4,
2026-08-04,12:00,0.4,1.3,23.5,14.1,105.0,33.0,200.4,31.7,42.4,74.2,18.1,15.6,219.0,182.3,92.3,0.3,17.9,13.3,104.8,97.2,91.1,121.9,16.3,23.5,58.9,16.4,16.4,
2026-08-04,12:30,0.4,1.3,26.7,15.4,109.5,30.0,205.0,31.6,42.4,74.4,17.3,15.6,221.2,183.2,92.9,0.4,17.7,13.3,107.3,95.0,91.5,123.2,16.3,23.8,63.7,16.3,16.5,
2026-08-04,13:00,0.4,1.3,30.1,16.9,118.7,28.8,205.1,31.6,42.4,74.0,17.2,15.5,221.9,184.0,93.3,0.4,17.1,13.3,110.3,105.5,92.1,124.6,16.4,26.5,68.2,15.8,16.6,
2026-08-04,13:30,0.4,1.2,25.7,18.0,101.8,30.9,213.3,32.0,42.4,74.7,18.2,15.7,224.3,185.6,94.2,0.4,16.1,13.3,116.8,114.7,92.5,125.5,16.4,25.0,72.5,15.0,16.8,
2026-08-04,14:00,0.4,1.2,21.0,16.1,103.7,32.3,224.0,32.4,42.5,74.9,18.2,15.4,226.3,186.6,94.4,0.4,15.0,13.4,112.4,107.2,92.6,127.1,16.7,25.5,75.6,13.9,16.7,
2026-08-04,14:30,0.3,1.1,27.6,16.1,106.4,33.0,223.6,32.5,42.8,75.3,17.1,15.2,225.3,186.1,94.0,0.4,13.8,13.4,133.5,118.0,93.4,128.2,16.8,25.4,77.3,12.6,16.6,
2026-08-04,15:00,0.3,0.9,30.6,14.5,110.3,35.4,225.6,32.0,42.6,74.8,15.9,15.6,224.6,184.6,93.5,0.3,12.0,13.4,163.1,122.3,91.7,124.1,16.6,25.8,75.9,10.8,16.3,
2026-08-04,15:30,0.2,0.8,32.8,16.4,115.0,34.2,225.1,31.7,41.8,72.6,16.4,14.9,221.2,181.4,91.7,0.3,10.0,13.2,165.3,122.9,89.4,120.4,16.3,25.8,74.3,8.8,15.0,
2026-08-04,16:00,0.2,0.6,23.3,13.5,109.7,33.0,227.1,26.9,41.1,64.4,17.5,15.4,208.6,171.5,86.4,0.2,7.5,12.6,148.2,125.7,83.9,103.4,15.5,26.4,76.3,6.5,12.5,
2026-08-04,16:30,0.1,0.4,22.2,16.0,107.7,35.2,226.1,17.2,38.6,36.7,17.1,15.0,142.8,102.6,53.9,0.2,4.8,10.3,156.0,125.9,50.1,63.4,12.9,28.1,76.2,4.1,5.2,
2026-08-04,17:00,0.1,0.1,33.2,17.6,106.7,35.1,227.2,6.4,25.2,13.3,16.3,15.6,50.6,42.8,22.3,0.1,2.2,4.2,149.8,124.4,19.8,21.5,5.6,29.5,77.0,1.8,0.1,
2026-08-04,17:30,0.0,0.0,38.9,14.9,99.0,33.0,218.9,0.0,8.7,0.1,14.5,15.1,3.0,1.7,0.9,0.0,0.1,0.3,152.4,124.4,0.7,0.4,0.4,29.5,76.2,0.0,0.0,
2026-08-04,18:00,0.0,0.0,42.4,13.3,96.2,34.2,221.4,0.0,0.1,0.0,16.6,14.5,0.0,0.0,0.0,0.0,0.0,0.0,138.7,126.5,0.0,0.0,0.0,26.3,75.0,0.0,0.0,
2026-08-04,18:30,0.0,0.0,39.4,12.0,93.5,33.3,215.8,0.0,0.0,0.0,11.1,12.6,0.0,0.0,0.0,0.0,0.0,0.0,118.0,118.5,0.0,0.0,0.0,25.1,72.7,0.0,0.0,
2026-08-04,19:00,0.0,0.0,41.4,9.5,95.0,28.6,214.9,0.0,0.0,0.0,9.0,10.4,0.0,0.0,0.0,0.0,0.0,0.0,101.2,109.5,0.0,0.0,0.0,22.2,67.0,0.0,0.0,
2026-08-04,19:30,0.0,0.0,39.5,8.7,91.1,27.1,199.3,0.0,0.0,0.0,6.8,7.9,0.0,0.0,0.0,0.0,0.0,0.0,82.7,93.9,0.0,0.0,0.0,23.8,65.3,0.0,0.0,
2026-08-04,20:00,0.0,0.0,31.1,10.2,93.0,25.1,202.8,0.0,0.0,0.0,4.7,5.9,0.0,0.0,0.0,0.0,0.0,0.0,101.8,95.5,0.0,0.0,0.0,23.5,61.0,0.0,0.0,
2026-08-04,20:30,0.0,0.0,29.9,12.5,91.6,19.0,193.0,0.0,0.0,0.0,3.3,3.7,0.0,0.0,0.0,0.0,0.0,0.0,91.1,90.2,0.0,0.0,0.0,24.7,57.1,0.0,0.0,
2026-08-04,21:00,0.0,0.0,22.6,9.4,88.1,16.0,176.6,0.0,0.0,0.0,3.3,5.0,0.0,0.0,0.0,0.0,0.0,0.0,80.3,78.5,0.0,0.0,0.0,25.5,55.0,0.0,0.0,
2026-08-04,21:30,0.0,0.0,21.4,9.5,80.9,14.5,165.9,0.0,0.0,0.0,4.9,7.0,0.0,0.0,0.0,0.0,0.0,0.0,82.3,80.8,0.0,0.0,0.0,22.7,50.7,0.0,0.0,
2026-08-04,22:00,0.0,0.0,17.0,7.7,78.0,10.3,171.1,0.0,0.0,0.0,5.9,7.8,0.0,0.0,0.0,0.0,0.0,0.0,72.1,73.2,0.0,0.0,0.0,20.3,50.2,0.0,0.0,
2026-08-04,22:30,0.0,0.0,13.2,8.0,74.2,9.2,154.8,0.0,0.0,0.0,4.7,8.9,0.0,0.0,0.0,0.0,0.0,0.0,48.8,56.6,0.0,0.0,0.0,21.3,50.3,0.0,0.0,
2026-08-04,23:00,0.0,0.0,9.8,4.9,81.2,10.9,180.3,0.0,0.0,0.0,8.6,11.2,0.0,0.0,0.0,0.0,0.0,0.0,50.3,52.3,0.0,0.0,0.0,21.5,54.8,0.0,0.0,
2026-08-04,23:30,0.0,0.0,8.0,4.1,80.1,11.2,174.6,0.0,0.0,0.0,7.6,11.2,0.0,0.0,0.0,0.0,0.0,0.0,39.3,42.1,0.0,0.0,0.0,22.7,58.5,0.0,0.0,
2026-08-04,0:00,0.0,0.0,5.8,4.5,78.0,6.3,136.5,0.0,0.0,0.0,9.5,11.9,0.0,0.0,0.0,0.0,0.0,0.0,30.3,40.3,0.0,0.0,0.0,24.1,62.9,0.0,0.0,
2026-08-05,0:30,0.0,0.0,4.7,6.4,72.1,6.1,103.6,0.0,0.0,0.0,8.1,12.3,0.0,0.0,0.0,0.0,0.0,0.0,37.8,47.8,0.0,0.0,0.0,22.4,57.2,0.0,0.0,
2026-08-05,1:00,0.0,0.0,3.7,6.3,60.9,4.1,107.3,0.0,0.0,0.0,7.4,11.0,0.0,0.0,0.0,0.0,0.0,0.0,30.5,33.1,0.0,0.0,0.0,18.4,46.4,0.0,0.0,
2026-08-05,1:30,0.0,0.0,2.4,5.2,45.8,3.9,89.6,0.0,0.0,0.0,7.9,11.0,0.0,0.0,0.0,0.0,0.0,0.0,13.9,18.7,0.0,0.0,0.0,14.4,36.7,0.0,0.0,
2026-08-05,2:00,0.0,0.0,1.3,4.6,42.5,1.9,81.7,0.0,0.0,0.0,8.3,11.1,0.0,0.0,0.0,0.0,0.0,0.0,3.1,6.9,0.0,0.0,0.0,11.2,36.0,0.0,0.0,
2026-08-05,2:30,0.0,0.0,1.2,3.5,43.0,2.1,78.8,0.0,0.0,0.0,7.5,11.3,0.0,0.0,0.0,0.0,0.0,0.0,0.4,2.1,0.0,0.0,0.0,10.3,29.6,0.0,0.0,
2026-08-05,3:00,0.0,0.0,0.8,3.4,41.7,1.1,57.7,0.0,0.0,0.0,6.5,11.4,0.0,0.0,0.0,0.0,0.0,0.0,0.0,0.5,0.0,0.0,0.0,10.0,26.7,0.0,0.0,
2026-08-05,3:30,0.0,0.0,0.2,3.9,38.7,0.7,53.2,0.0,0.0,0.0,9.3,11.6,0.0,0.0,0.0,0.0,0.0,0.0,0.8,2.1,0.0,0.0,0.0,8.9,20.1,0.0,0.0,
2026-08-05,4:00,0.0,0.0,0.2,4.4,34.0,0.8,46.4,0.0,0.0,0.0,8.6,10.2,0.0,0.0,0.0,0.0,0.0,0.0,4.4,6.1,0.0,0.0,0.0,7.6,20.6,0.0,0.0,
2026-08-05,4:30,0.0,0.0,0.9,4.2,31.9,1.7,61.8,0.0,0.0,0.0,9.4,11.7,0.0,0.0,0.0,0.0,0.0,0.0,11.4,12.5,0.0,0.0,0.0,6.9,16.5,0.0,0.0,
2026-08-05,5:00,0.0,0.0,2.6,2.6,29.8,1.9,59.3,0.0,0.0,0.0,8.2,10.3,0.0,0.0,0.0,0.0,0.0,0.0,15.9,17.4,0.0,0.0,0.0,5.4,16.1,0.0,0.0,
2026-08-05,5:30,0.0,0.0,5.3,3.2,23.5,1.2,50.3,0.0,0.0,0.0,8.8,10.8,0.0,0.0,0.0,0.0,0.0,0.0,9.5,14.7,0.0,0.0,0.0,5.8,16.8,0.0,0.0,
2026-08-05,6:00,0.0,0.0,8.1,5.7,24.1,1.0,56.4,0.0,0.0,0.0,9.8,10.2,3.4,0.0,0.0,0.0,0.0,0.0,2.7,5.3,0.0,0.0,0.0,6.3,15.9,0.0,0.0,
2026-08-05,6:30,0.0,0.0,13.6,4.7,19.7,2.0,47.9,0.3,0.0,2.8,11.3,13.5,39.0,0.7,0.6,0.0,0.0,1.1,1.0,3.0,3.4,5.3,0.6,5.2,12.8,0.0,0.4,
2026-08-05,7:00,0.0,0.0,16.1,4.8,18.7,0.3,18.1,8.6,0.5,25.0,10.1,12.4,109.0,48.4,30.4,0.0,2.8,7.0,0.3,0.0,32.7,42.9,6.6,4.9,12.1,2.7,2.1,
2026-08-05,7:30,0.0,0.1,18.2,5.4,17.7,0.1,11.6,19.4,0.6,50.1,10.8,12.7,180.4,126.7,65.1,0.0,5.6,12.0,1.0,0.0,68.4,88.6,13.7,3.7,10.7,5.1,8.6,
2026-08-05,8:00,0.0,0.2,15.7,4.4,21.3,0.1,19.9,28.6,1.7,69.4,14.7,14.0,211.4,170.9,86.3,0.1,8.3,12.7,3.4,2.4,90.0,124.3,15.7,4.8,14.3,7.4,16.4,
2026-08-05,8:30,0.1,0.4,15.1,2.8,23.9,0.6,35.4,32.1,1.7,72.0,14.4,14.6,217.2,175.6,89.0,0.2,10.5,13.0,12.8,11.5,91.1,124.5,16.0,5.9,13.6,9.5,16.7,
2026-08-05,9:00,0.1,0.3,18.4,1.5,33.0,0.4,29.4,32.5,1.8,72.0,15.4,13.9,220.4,178.1,90.4,0.2,12.3,13.0,24.2,13.8,91.3,124.5,16.1,7.4,15.0,11.4,16.9,
2026-08-05,9:30,0.2,0.4,14.6,2.0,29.6,2.1,38.2,32.5,1.8,71.4,16.9,13.4,221.2,182.3,92.4,0.3,13.8,13.0,35.7,18.1,91.4,124.0,16.2,5.8,13.3,12.8,16.9,
2026-08-05,10:00,0.2,0.7,8.9,2.2,21.9,5.2,39.7,32.2,1.8,72.3,14.7,13.0,222.0,184.3,93.4,0.3,15.0,13.1,27.9,6.9,91.7,122.9,16.3,2.5,6.5,14.5,16.8,
2026-08-05,10:30,0.3,1.2,10.8,0.8,10.6,6.0,51.2,32.0,1.7,72.8,15.4,15.0,222.8,184.4,93.4,0.4,16.5,13.0,14.3,0.0,91.3,122.7,16.4,0.3,0.1,15.7,16.7,
2026-08-05,11:00,0.4,1.2,11.8,3.4,34.7,8.8,54.7,31.9,1.7,73.3,16.8,15.6,223.6,183.3,93.1,0.4,17.5,13.1,7.6,0.0,90.9,122.5,16.6,5.4,13.9,16.5,16.6,
2026-08-05,11:30,0.4,1.3,13.6,4.8,43.0,8.0,76.5,31.9,1.8,73.6,16.9,15.0,224.4,182.6,92.5,0.4,17.9,13.0,8.2,0.0,91.5,122.8,16.5,8.2,26.7,16.8,16.6,
2026-08-05,12:00,0.4,1.3,12.9,4.2,49.1,11.5,92.6,31.7,1.6,73.9,17.2,15.6,225.8,184.1,93.2,0.4,16.9,13.1,8.9,0.0,92.2,123.7,16.5,9.6,34.7,16.8,16.5,
2026-08-05,12:30,0.4,1.3,18.0,6.2,43.7,10.0,69.9,31.6,1.6,73.9,18.1,15.2,226.6,185.3,93.2,0.4,16.9,13.3,9.7,0.0,92.9,124.4,16.3,8.4,35.6,16.6,16.5,
2026-08-05,13:00,0.4,1.3,14.0,11.1,46.4,10.2,76.0,31.8,1.9,73.9,17.4,15.6,227.6,185.9,93.9,0.4,17.5,13.4,14.4,0.0,92.9,124.3,16.4,8.9,37.1,16.1,16.6,
2026-08-05,13:30,0.4,1.2,20.4,10.5,47.4,10.4,78.9,32.1,1.9,74.9,18.2,15.6,228.2,185.9,94.3,0.4,16.6,13.4,20.8,3.0,93.7,125.3,16.4,11.1,42.9,15.3,16.7,
2026-08-05,14:00,0.4,1.1,33.5,5.8,39.2,10.2,73.0,32.5,2.0,74.0,18.2,15.7,228.2,186.1,94.1,0.4,15.4,13.4,34.7,23.4,94.0,127.4,16.6,8.5,36.2,14.0,16.8,
2026-08-05,14:30,0.3,1.0,41.2,6.7,40.3,9.0,70.4,32.9,2.0,73.9,18.2,15.6,226.0,186.9,94.4,0.4,13.9,13.4,60.7,40.2,94.1,128.9,16.6,8.2,35.9,12.6,16.7,
2026-08-05,15:00,0.3,0.9,41.9,7.9,41.4,12.0,93.8,32.8,2.0,73.3,18.1,15.2,221.8,184.7,94.4,0.3,12.1,13.4,90.5,86.4,93.0,128.1,16.5,7.2,33.8,11.0,16.4,
2026-08-05,15:30,0.2,0.8,37.7,9.2,41.9,9.4,92.9,32.2,2.0,71.2,18.1,15.6,220.5,180.8,93.1,0.2,10.0,13.2,85.5,87.1,90.7,125.4,16.1,8.1,39.3,9.0,15.3,
2026-08-05,16:00,0.2,0.6,32.7,10.3,38.7,10.3,78.8,27.4,2.0,64.7,17.9,14.3,210.2,172.7,91.3,0.1,7.5,12.6,91.7,93.2,84.6,105.1,15.0,7.1,35.6,6.7,12.8,
2026-08-05,16:30,0.1,0.4,38.6,8.1,39.0,9.0,68.0,17.2,1.7,36.5,17.5,15.0,145.2,100.1,86.7,0.0,4.8,10.3,95.2,97.0,51.0,64.8,12.7,7.8,34.8,4.3,6.0,
2026-08-05,17:00,0.1,0.1,45.1,8.0,38.5,5.9,56.9,6.4,0.7,13.1,14.0,15.3,51.9,44.2,55.9,0.0,2.1,4.3,113.1,112.9,20.0,21.8,5.6,9.5,35.6,1.9,0.5,
2026-08-05,17:30,0.0,0.0,48.5,8.1,46.0,4.8,52.1,0.0,0.0,0.1,16.9,15.1,2.8,1.6,22.7,0.0,0.1,0.3,127.9,120.8,0.8,0.6,0.4,10.8,38.1,0.0,0.0,
2026-08-05,18:00,0.0,0.0,43.9,8.9,44.1,4.0,34.3,0.0,0.0,0.0,14.9,15.1,0.0,0.0,0.8,0.0,0.0,0.0,133.0,125.9,0.0,0.0,0.0,10.3,35.2,0.0,0.0,
2026-08-05,18:30,0.0,0.0,44.0,8.1,41.0,4.7,42.4,0.0,0.0,0.0,13.4,14.6,0.0,0.0,0.0,0.0,0.0,0.0,102.4,124.5,0.0,0.0,0.0,10.7,37.2,0.0,0.0,
2026-08-05,19:00,0.0,0.0,37.7,5.9,42.1,3.3,33.6,0.0,0.0,0.0,13.7,13.1,0.0,0.0,0.0,0.0,0.0,0.0,92.7,114.8,0.0,0.0,0.0,10.6,38.1,0.0,0.0,
2026-08-05,19:30,0.0,0.0,31.9,4.6,39.9,2.9,26.5,0.0,0.0,0.0,12.5,13.7,0.0,0.0,0.0,0.0,0.0,0.0,89.6,108.8,0.0,0.0,0.0,11.2,36.4,0.0,0.0,
2026-08-05,20:00,0.0,0.0,28.3,5.5,44.3,4.1,40.8,0.0,0.0,0.0,11.3,13.2,0.0,0.0,0.0,0.0,0.0,0.0,77.2,95.6,0.0,0.0,0.0,12.4,33.0,0.0,0.0,
2026-08-05,20:30,0.0,0.0,32.5,7.4,43.1,3.6,51.5,0.0,0.0,0.0,9.4,12.3,0.0,0.0,0.0,0.0,0.0,0.0,70.8,84.7,0.0,0.0,0.0,13.2,38.3,0.0,0.0,
2026-08-05,21:00,0.0,0.0,27.9,5.7,46.7,4.6,52.5,0.0,0.0,0.0,9.5,11.3,0.0,0.0,0.0,0.0,0.0,0.0,62.4,65.7,0.0,0.0,0.0,12.4,34.3,0.0,0.0,
2026-08-05,21:30,0.0,0.0,19.9,8.2,47.6,6.4,70.4,0.0,0.0,0.0,9.2,11.2,0.0,0.0,0.0,0.0,0.0,0.0,43.9,46.3,0.0,0.0,0.0,13.0,34.4,0.0,0.0,
2026-08-05,22:00,0.0,0.0,23.4,11.7,45.3,5.9,59.6,0.0,0.0,0.0,8.3,11.0,0.0,0.0,0.0,0.0,0.0,0.0,50.1,40.3,0.0,0.0,0.0,11.5,32.9,0.0,0.0,
2026-08-05,22:30,0.0,0.0,31.2,9.0,46.0,5.8,72.4,0.0,0.0,0.0,6.5,8.7,0.0,0.0,0.0,0.0,0.0,0.0,68.8,52.7,0.0,0.0,0.0,12.5,35.4,0.0,0.0,
2026-08-05,23:00,0.0,0.0,33.8,8.5,51.4,6.2,83.7,0.0,0.0,0.0,7.8,10.0,0.0,0.0,0.0,0.0,0.0,0.0,103.4,86.4,0.0,0.0,0.0,14.9,42.8,0.0,0.0,
2026-08-05,23:30,0.0,0.0,39.9,8.9,50.0,7.5,102.5,0.0,0.0,0.0,9.5,10.2,0.0,0.0,0.0,0.0,0.0,0.0,114.7,109.6,0.0,0.0,0.0,15.2,44.2,0.0,0.0,
2026-08-05,0:00,0.0,0.0,41.8,5.9,46.9,6.6,93.1,0.0,0.0,0.0,9.8,10.8,0.0,0.0,0.0,0.0,0.0,0.0,100.7,108.0,0.0,0.0,0.0,12.5,45.7,0.0,0.0,
2026-08-06,0:30,0.0,0.0,43.9,4.7,57.0,4.2,85.3,0.0,0.0,0.0,10.0,10.6,0.0,0.0,0.0,0.0,0.0,0.0,100.2,107.1,0.0,0.0,0.0,14.3,44.6,0.0,0.0,
2026-08-06,1:00,0.0,0.0,41.4,4.4,51.1,7.5,73.9,0.0,0.0,0.0,10.6,8.8,0.0,0.0,0.0,0.0,0.0,0.0,97.1,96.2,0.0,0.0,0.0,15.6,43.5,0.0,0.0,
2026-08-06,1:30,0.0,0.0,37.0,4.5,47.7,4.4,73.6,0.0,0.0,0.0,9.3,11.3,0.0,0.0,0.0,0.0,0.0,0.0,66.6,73.8,0.0,0.0,0.0,12.0,35.4,0.0,0.0,
2026-08-06,2:00,0.0,0.0,24.6,3.4,43.2,4.8,69.7,0.0,0.0,0.0,11.7,9.7,0.0,0.0,0.0,0.0,0.0,0.0,41.2,45.9,0.0,0.0,0.0,9.8,30.9,0.0,0.0,
2026-08-06,2:30,0.0,0.0,17.4,3.3,35.3,4.9,58.7,0.0,0.0,0.0,9.4,9.3,0.0,0.0,0.0,0.0,0.0,0.0,25.1,23.2,0.0,0.0,0.0,10.4,27.6,0.0,0.0,
2026-08-06,3:00,0.0,0.0,11.0,3.2,32.2,7.1,65.3,0.0,0.0,0.0,8.1,9.9,0.0,0.0,0.0,0.0,0.0,0.0,14.3,15.6,0.0,0.0,0.0,10.0,22.1,0.0,0.0,
2026-08-06,3:30,0.0,0.0,9.6,3.7,23.3,4.4,56.6,0.0,0.0,0.0,9.3,9.8,0.0,0.0,0.0,0.0,0.0,0.0,4.8,7.5,0.0,0.0,0.0,7.6,15.7,0.0,0.0,
2026-08-06,4:00,0.0,0.0,10.5,6.0,19.5,2.1,34.6,0.0,0.0,0.0,7.8,9.2,0.0,0.0,0.0,0.0,0.0,0.0,1.7,1.0,0.0,0.0,0.0,5.0,11.1,0.0,0.0,
2026-08-06,4:30,0.0,0.0,9.7,7.6,15.0,2.6,26.1,0.0,0.0,0.0,8.9,11.1,0.0,0.0,0.0,0.0,0.0,0.0,0.0,0.0,0.0,0.0,0.0,5.9,11.9,0.0,0.0,
2026-08-06,5:00,0.0,0.0,7.6,7.3,10.6,0.7,18.7,0.0,0.0,0.0,12.7,14.1,0.0,0.0,0.0,0.0,0.0,0.0,0.0,0.0,0.0,0.0,0.0,3.6,8.2,0.0,0.0,
2026-08-06,5:30,0.0,0.0,8.3,6.8,23.9,2.1,17.0,0.0,0.0,0.0,13.3,12.9,0.0,0.0,0.0,0.0,0.0,0.0,0.9,0.0,0.0,0.0,0.0,4.4,8.6,0.0,0.0,
2026-08-06,6:00,0.0,0.0,11.5,4.6,21.6,1.9,18.3,0.0,0.0,0.0,11.2,13.4,0.0,0.0,0.0,0.0,0.0,0.0,7.0,3.4,0.0,0.0,0.0,4.3,8.1,0.0,0.0,
2026-08-06,6:30,0.0,0.0,11.2,5.3,24.2,1.0,17.1,0.4,0.1,2.8,8.6,12.1,5.2,0.1,1.1,0.0,0.0,1.2,7.9,4.4,3.5,5.5,0.7,5.9,12.6,0.0,0.0,
2026-08-06,7:00,0.0,0.0,13.5,3.9,26.4,1.3,17.3,8.8,0.5,24.0,10.7,12.4,73.1,59.7,22.8,0.0,3.0,5.0,4.6,1.1,33.1,43.6,6.8,7.2,15.6,2.8,0.3,
2026-08-06,7:30,0.0,0.1,14.9,5.4,21.5,1.0,12.7,19.7,0.8,49.7,11.4,12.5,157.9,128.0,48.8,0.0,5.7,9.0,6.3,6.7,69.0,89.4,13.9,5.0,13.0,5.2,0.8,
2026-08-06,8:00,0.0,0.2,17.0,9.3,17.6,2.7,33.0,29.0,1.8,70.0,10.8,11.0,208.9,172.4,86.4,0.0,8.3,11.5,11.3,7.5,89.5,123.7,13.7,5.2,10.8,7.5,1.5,
2026-08-06,8:30,0.0,0.2,24.6,11.2,26.2,5.5,48.5,32.3,1.8,73.6,12.2,12.6,214.2,176.9,89.4,0.0,10.6,12.9,19.5,10.5,91.9,125.3,16.4,7.9,17.3,9.6,3.1,
2026-08-06,9:00,0.1,0.6,30.1,11.4,23.7,9.3,87.3,32.5,1.8,73.8,14.1,12.7,215.7,179.2,90.7,0.1,12.4,13.7,30.0,15.6,92.6,125.9,17.0,8.5,21.8,11.5,5.3,
2026-08-06,9:30,0.1,1.0,31.7,12.2,26.3,12.5,91.8,32.6,1.8,73.0,14.6,12.2,218.5,180.5,91.4,0.1,13.9,13.7,36.2,33.5,92.2,125.0,17.0,7.5,15.3,13.3,11.6,
2026-08-06,10:00,0.1,1.1,32.8,14.0,19.8,12.7,114.3,32.3,1.9,74.5,16.6,12.3,221.5,182.9,93.0,0.1,15.4,13.6,45.0,40.7,92.2,124.3,17.0,5.4,10.4,14.6,15.7,
2026-08-06,10:30,0.1,1.2,25.6,11.1,31.9,18.0,133.9,32.3,1.9,75.4,14.2,14.7,225.0,185.2,94.0,0.1,16.9,13.5,59.6,51.9,92.1,123.6,16.9,7.9,23.4,15.7,16.7,
2026-08-06,11:00,0.2,1.3,30.1,9.2,37.5,18.9,140.0,32.2,2.0,75.5,17.3,12.7,223.7,185.4,93.8,0.1,16.6,13.4,68.9,49.8,92.2,123.7,16.8,11.4,24.8,16.5,16.6,
2026-08-06,11:30,0.2,1.3,55.2,7.1,38.9,16.8,134.1,32.3,2.1,74.9,17.8,12.4,224.5,185.9,94.0,0.1,16.6,13.4,71.7,50.5,92.6,124.0,16.7,10.9,25.9,16.9,16.7,
2026-08-06,12:00,0.2,1.3,62.8,7.5,33.8,17.6,137.6,32.2,2.0,75.2,17.1,12.5,225.3,186.8,94.6,0.1,16.7,13.3,61.2,42.5,92.7,124.7,16.7,10.0,23.9,17.0,16.7,
2026-08-06,12:30,0.2,1.3,56.8,9.4,35.1,17.6,131.3,32.2,1.9,75.2,16.2,12.5,226.5,187.9,95.1,0.1,17.1,13.3,52.5,38.5,93.6,125.8,16.7,11.4,28.4,16.8,16.7,
2026-08-06,13:00,0.2,1.3,60.5,13.1,41.3,13.5,140.5,32.1,1.9,74.9,15.9,12.3,226.2,188.0,95.2,0.1,17.3,13.2,51.3,25.5,93.5,125.8,16.7,12.8,36.7,16.4,16.7,
2026-08-06,13:30,0.3,1.2,69.0,10.5,51.7,15.5,142.7,32.1,1.8,75.0,17.3,12.2,226.4,188.6,95.3,0.1,16.3,13.3,49.7,17.3,94.2,127.3,16.6,13.2,39.2,15.6,16.7,
2026-08-06,14:00,0.3,1.2,67.8,13.2,47.7,18.4,142.1,32.3,2.1,74.6,17.8,12.3,229.6,188.1,95.3,0.2,15.1,13.6,42.4,14.3,94.7,128.3,16.6,10.8,36.4,14.4,16.7,
2026-08-06,14:30,0.3,1.1,63.5,9.5,53.5,15.4,130.2,32.4,2.0,73.6,18.0,14.5,227.3,186.1,94.0,0.1,13.7,13.6,38.6,9.1,94.9,129.0,16.8,13.2,38.7,12.8,16.5,
2026-08-06,15:00,0.3,0.9,63.8,9.1,67.1,15.3,119.2,32.3,2.0,72.5,16.3,15.2,223.7,183.2,92.8,0.1,11.9,13.6,34.1,6.5,95.0,129.6,16.8,15.9,46.9,11.0,15.9,
2026-08-06,15:30,0.2,0.8,62.5,9.1,66.1,12.8,113.1,31.8,2.2,71.4,18.1,15.6,219.2,179.5,90.6,0.1,9.9,13.3,47.3,18.4,92.2,126.6,16.6,17.5,51.7,8.9,14.8,
2026-08-06,16:00,0.2,0.6,58.0,8.0,67.1,15.1,118.1,27.4,2.0,63.8,16.9,15.0,209.8,170.9,75.3,0.1,7.6,12.6,60.6,43.2,86.2,107.4,15.8,17.9,54.4,6.7,12.1,
2026-08-06,16:30,0.1,0.4,55.8,6.9,61.0,13.9,95.9,17.5,1.7,36.0,16.5,14.9,144.8,100.1,55.1,0.1,4.9,10.3,76.4,61.8,51.9,66.0,13.0,15.3,49.3,4.2,5.2,
2026-08-06,17:00,0.1,0.1,51.6,5.3,58.3,10.9,90.7,6.5,0.8,13.2,14.7,14.4,52.0,44.0,22.4,0.0,2.3,4.3,81.3,73.3,20.4,22.4,5.6,14.7,47.5,1.8,0.4,
2026-08-06,17:30,0.0,0.0,48.1,5.7,55.0,11.8,82.8,0.0,0.0,0.4,16.0,14.1,3.2,1.8,1.2,0.0,0.1,0.3,89.6,90.0,0.7,0.6,0.4,13.6,45.9,0.0,0.0,
2026-08-06,18:00,0.0,0.0,44.4,6.3,49.5,11.3,100.2,0.0,0.0,0.0,16.2,14.9,0.0,0.0,0.0,0.0,0.0,0.0,90.1,97.7,0.0,0.0,0.0,12.6,44.5,0.0,0.0,
2026-08-06,18:30,0.0,0.0,38.3,4.5,45.9,11.5,91.6,0.0,0.0,0.0,13.7,14.0,0.0,0.0,0.0,0.0,0.0,0.0,89.6,89.2,0.0,0.0,0.0,12.0,41.5,0.0,0.0,
2026-08-06,19:00,0.0,0.0,34.5,5.9,45.1,7.7,80.5,0.0,0.0,0.0,14.7,13.9,0.0,0.0,0.0,0.0,0.0,0.0,70.8,82.5,0.0,0.0,0.0,11.5,37.9,0.0,0.0,
2026-08-06,19:30,0.0,0.0,37.5,5.1,39.6,7.2,91.4,0.0,0.0,0.0,11.0,11.8,0.0,0.0,0.0,0.0,0.0,0.0,85.9,93.6,0.0,0.0,0.0,10.4,33.2,0.0,0.0,
2026-08-06,20:00,0.0,0.0,33.4,3.6,42.9,5.8,76.6,0.0,0.0,0.0,10.9,13.6,0.0,0.0,0.0,0.0,0.0,0.0,68.3,70.4,0.0,0.0,0.0,11.9,36.8,0.0,0.0,
2026-08-06,20:30,0.0,0.0,33.8,3.3,48.5,6.2,70.9,0.0,0.0,0.0,12.0,13.1,0.0,0.0,0.0,0.0,0.0,0.0,83.7,78.4,0.0,0.0,0.0,12.5,37.3,0.0,0.0,
2026-08-06,21:00,0.0,0.0,37.1,3.9,54.7,4.7,74.1,0.0,0.0,0.0,11.8,13.0,0.0,0.0,0.0,0.0,0.0,0.0,67.5,73.8,0.0,0.0,0.0,14.3,36.7,0.0,0.0,
2026-08-06,21:30,0.0,0.0,41.6,3.1,50.9,3.3,81.0,0.0,0.0,0.0,11.9,12.4,0.0,0.0,0.0,0.0,0.0,0.0,43.2,56.4,0.0,0.0,0.0,13.5,35.0,0.0,0.0,
2026-08-06,22:00,0.0,0.0,30.2,3.7,57.3,4.2,79.1,0.0,0.0,0.0,11.2,12.0,0.0,0.0,0.0,0.0,0.0,0.0,49.2,53.0,0.0,0.0,0.0,16.0,38.2,0.0,0.0,
2026-08-06,22:30,0.0,0.0,23.0,3.1,51.7,4.9,74.4,0.0,0.0,0.0,12.8,14.3,0.0,0.0,0.0,0.0,0.0,0.0,58.5,63.4,0.0,0.0,0.0,15.9,35.6,0.0,0.0,
2026-08-06,23:00,0.0,0.0,19.8,2.0,47.7,4.0,97.2,0.0,0.0,0.0,12.1,15.0,0.0,0.0,0.0,0.0,0.0,0.0,84.8,92.4,0.0,0.0,0.0,13.8,32.9,0.0,0.0,
2026-08-06,23:30,0.0,0.0,21.5,3.4,53.6,6.8,108.8,0.0,0.0,0.0,12.7,14.2,0.0,0.0,0.0,0.0,0.0,0.0,88.8,92.7,0.0,0.0,0.0,15.8,36.6,0.0,0.0,
2026-08-06,0:00,0.0,0.0,24.6,4.7,57.9,7.0,128.0,0.0,0.0,0.0,10.4,13.4,0.0,0.0,0.0,0.0,0.0,0.0,92.2,99.8,0.0,0.0,0.0,16.4,39.7,0.0,0.0,
2026-08-07,0:30,0.0,0.0,31.9,6.5,60.2,7.4,125.5,0.0,0.0,0.0,9.1,14.0,0.0,0.0,0.0,0.0,0.0,0.0,91.4,94.3,0.0,0.0,0.0,17.9,44.9,0.0,0.0,
2026-08-07,1:00,0.0,0.0,30.9,9.8,60.8,5.6,120.6,0.0,0.0,0.0,11.0,14.1,0.0,0.0,0.0,0.0,0.0,0.0,99.0,92.8,0.0,0.0,0.0,19.6,53.7,0.0,0.0,
2026-08-07,1:30,0.0,0.0,17.5,13.5,64.6,6.6,113.4,0.0,0.0,0.0,12.6,13.9,0.0,0.0,0.0,0.0,0.0,0.0,89.4,90.6,0.0,0.0,0.0,18.5,51.0,0.0,0.0,
2026-08-07,2:00,0.0,0.0,17.2,13.7,64.0,7.5,128.0,0.0,0.0,0.0,13.2,14.1,0.0,0.0,0.0,0.0,0.0,0.0,85.8,83.1,0.0,0.0,0.0,18.0,46.5,0.0,0.0,
2026-08-07,2:30,0.0,0.0,31.0,11.4,66.5,10.6,142.9,0.0,0.0,0.0,11.5,10.1,0.0,0.0,0.0,0.0,0.0,0.0,96.2,98.0,0.0,0.0,0.0,20.2,52.5,0.0,0.0,
2026-08-07,3:00,0.0,0.0,32.7,9.6,61.3,11.8,138.6,0.0,0.0,0.0,9.6,11.3,0.0,0.0,0.0,0.0,0.0,0.0,85.0,81.9,0.0,0.0,0.0,17.3,46.2,0.0,0.0,
2026-08-07,3:30,0.0,0.0,33.3,9.6,64.4,6.5,105.2,0.0,0.0,0.0,12.4,11.3,0.0,0.0,0.0,0.0,0.0,0.0,79.3,75.7,0.0,0.0,0.0,19.4,46.2,0.0,0.0,
2026-08-07,4:00,0.0,0.0,36.9,8.0,73.6,5.4,101.7,0.0,0.0,0.0,11.1,11.2,0.0,0.0,0.0,0.0,0.0,0.0,89.0,82.2,0.0,0.0,0.0,18.8,41.7,0.0,0.0,
2026-08-07,4:30,0.0,0.0,43.9,12.0,61.5,8.0,136.8,0.0,0.0,0.0,14.2,13.1,0.0,0.0,0.0,0.0,0.0,0.0,83.6,77.3,0.0,0.0,0.0,17.9,39.9,0.0,0.0,
2026-08-07,5:00,0.0,0.0,41.9,12.8,72.4,10.7,142.9,0.0,0.0,0.0,15.0,14.0,0.0,0.0,0.0,0.0,0.0,0.0,66.8,66.1,0.0,0.0,0.0,16.1,41.6,0.0,0.0,
2026-08-07,5:30,0.0,0.0,52.0,10.2,63.8,9.5,125.6,0.0,0.0,0.0,13.3,13.4,0.0,0.0,0.0,0.0,0.0,0.0,53.0,65.7,0.0,0.0,0.0,19.6,46.1,0.0,0.0,
2026-08-07,6:00,0.0,0.0,57.7,11.0,61.4,14.5,129.9,0.0,0.0,0.0,12.2,11.5,0.0,0.0,0.0,0.0,0.0,0.0,37.7,42.5,0.0,0.0,0.0,19.6,41.1,0.0,0.0,
2026-08-07,6:30,0.0,0.0,54.7,12.2,50.9,5.9,101.1,0.4,0.0,3.6,9.2,10.8,5.9,5.5,2.4,0.0,0.0,1.1,32.0,37.8,3.6,5.7,0.7,17.4,36.2,0.0,0.1,
2026-08-07,7:00,0.0,0.0,57.9,13.2,60.7,7.4,103.4,8.5,0.5,25.7,11.4,11.9,74.6,60.5,25.5,0.0,2.8,7.2,22.7,27.8,33.7,44.2,3.7,17.9,37.9,2.7,0.3,
2026-08-07,7:30,0.0,0.0,60.3,20.6,50.5,6.5,81.4,19.3,0.8,51.9,10.1,11.4,158.9,129.1,64.2,0.0,5.6,12.4,18.8,22.7,69.6,90.4,9.5,18.3,40.3,5.1,0.7,
2026-08-07,8:00,0.1,0.1,51.5,19.4,45.6,6.7,74.9,28.6,1.8,69.8,14.7,13.0,208.1,172.1,87.1,0.1,8.1,13.1,17.0,20.5,89.8,124.2,15.6,14.3,34.0,7.4,1.2,
2026-08-07,8:30,0.1,0.7,40.3,24.5,51.6,5.2,57.4,31.9,1.9,72.2,14.7,13.8,214.0,175.9,89.3,0.2,10.2,13.3,10.1,13.4,92.1,125.8,16.7,14.2,29.0,9.5,2.2,
2026-08-07,9:00,0.1,0.8,44.1,27.0,50.7,8.5,68.1,32.2,1.9,73.2,10.9,11.5,215.7,178.3,90.5,0.2,12.2,13.7,19.0,16.4,91.9,125.2,16.6,10.5,20.4,11.4,3.1,
2026-08-07,9:30,0.1,1.0,57.3,25.4,37.3,6.4,81.0,32.2,2.0,72.5,11.6,11.9,217.9,179.9,91.5,0.3,14.0,13.7,24.7,20.0,91.8,124.7,16.5,12.3,25.5,13.0,3.6,
2026-08-07,10:00,0.1,1.1,57.0,23.8,31.0,12.7,124.0,32.1,2.1,72.3,9.4,10.9,219.0,180.2,91.7,0.3,15.4,13.5,28.8,16.6,92.0,123.9,16.3,11.5,26.4,14.3,5.6,
2026-08-07,10:30,0.2,1.2,64.5,22.3,32.5,16.8,141.3,31.9,2.1,71.6,13.6,10.9,220.4,181.4,92.1,0.4,16.3,13.4,36.0,15.8,91.6,123.0,16.1,12.4,29.4,15.3,12.3,
2026-08-07,11:00,0.5,1.2,70.0,20.5,43.7,16.9,141.3,31.9,2.0,72.0,12.2,12.0,220.7,182.3,92.6,0.4,17.1,13.2,38.0,15.1,91.6,122.2,16.2,13.8,34.4,16.0,16.4,
2026-08-07,11:30,0.4,1.3,76.8,19.7,74.1,17.8,159.8,31.8,2.1,73.4,15.2,13.5,221.2,183.1,93.0,0.4,17.7,13.2,34.6,14.7,91.6,122.0,16.6,20.5,48.5,16.5,16.8,
2026-08-07,12:00,0.4,1.3,75.6,19.2,77.1,16.6,157.7,32.2,1.9,74.2,15.9,15.0,222.9,184.1,93.8,0.4,17.9,13.4,34.9,16.7,92.5,122.9,16.7,20.7,53.9,16.7,16.7,
2026-08-07,12:30,0.4,1.3,73.2,14.6,87.5,17.1,161.9,31.8,1.9,75.6,15.1,14.7,225.2,186.2,94.5,0.4,16.6,13.5,38.0,27.2,93.0,124.6,16.6,21.6,55.5,16.6,16.8,
2026-08-07,13:00,0.4,1.3,77.1,10.4,89.0,21.4,162.4,31.9,2.1,76.0,17.3,14.7,228.2,187.4,95.0,0.4,16.9,13.5,63.3,47.9,93.1,125.1,16.6,21.9,55.7,16.1,16.8,
2026-08-07,13:30,0.4,1.2,78.2,14.0,89.6,20.6,162.9,32.1,2.0,76.2,17.9,14.5,228.2,187.2,95.1,0.4,16.6,13.6,84.7,74.3,93.3,125.8,16.7,19.8,55.2,15.4,16.9,
2026-08-07,14:00,0.3,1.2,78.1,24.2,95.2,17.3,150.1,32.3,2.0,76.0,18.2,14.6,227.7,186.3,94.7,0.4,15.4,13.7,89.1,80.0,93.1,126.2,16.8,22.0,65.0,14.2,16.8,
2026-08-07,14:30,0.3,1.1,79.9,25.7,98.7,17.3,145.5,32.8,2.1,75.4,18.2,15.4,226.2,185.1,93.8,0.3,13.8,13.7,100.1,81.3,93.3,126.5,16.8,23.4,64.9,12.6,16.7,
2026-08-07,15:00,0.3,0.9,81.5,27.2,102.3,21.9,175.9,32.7,2.0,74.5,16.8,14.6,223.5,182.2,92.5,0.3,11.9,13.6,93.7,84.3,92.7,126.1,16.7,24.6,69.5,10.9,16.5,
2026-08-07,15:30,0.2,0.8,81.6,29.7,105.1,21.2,181.1,31.7,2.0,72.0,15.9,15.4,216.4,177.9,89.9,0.3,9.8,13.4,104.8,95.7,91.4,125.4,16.5,24.9,71.0,8.7,15.2,
2026-08-07,16:00,0.2,0.6,79.6,28.9,113.2,25.0,204.0,27.1,2.0,64.5,15.2,14.9,202.9,166.4,84.3,0.2,7.5,12.7,116.9,118.1,85.8,106.8,15.6,25.9,75.4,6.5,7.9,
2026-08-07,16:30,0.1,0.5,78.3,24.5,117.1,23.8,215.0,17.3,1.7,37.1,16.0,14.2,138.2,98.6,52.6,0.2,4.8,10.3,138.2,128.0,52.0,66.2,12.9,28.0,75.8,4.0,0.8,
2026-08-07,17:00,0.1,0.1,76.9,26.7,109.4,22.1,219.7,6.3,0.7,13.5,14.6,14.9,48.7,40.1,21.4,0.0,2.1,4.3,143.7,131.3,20.9,22.7,5.6,26.9,75.2,1.7,0.0,
2026-08-07,17:30,0.0,0.0,75.7,29.3,114.7,20.8,195.3,0.0,0.0,0.6,14.3,15.2,3.6,2.5,1.3,0.0,0.1,0.3,136.4,130.9,0.9,0.6,0.4,27.5,75.8,0.0,0.0,
2026-08-07,18:00,0.0,0.0,76.5,28.6,117.4,20.5,198.0,0.0,0.0,0.0,15.8,11.5,0.0,0.0,0.0,0.0,0.0,0.0,121.7,128.5,0.0,0.0,0.0,28.8,78.1,0.0,0.0,
2026-08-07,18:30,0.0,0.0,75.9,24.8,118.9,24.3,211.3,0.0,0.0,0.0,15.6,14.4,0.0,0.0,0.0,0.0,0.0,0.0,127.4,129.6,0.0,0.0,0.0,29.0,80.1,0.0,0.0,
2026-08-07,19:00,0.0,0.0,79.6,26.1,117.3,25.5,215.2,0.0,0.0,0.0,13.5,15.1,0.0,0.0,0.0,0.0,0.0,0.0,136.6,131.3,0.0,0.0,0.0,28.8,79.5,0.0,0.0,
2026-08-07,19:30,0.0,0.0,79.9,27.1,117.5,30.1,211.5,0.0,0.0,0.0,7.4,11.1,0.0,0.0,0.0,0.0,0.0,0.0,140.8,128.9,0.0,0.0,0.0,29.7,79.9,0.0,0.0,
2026-08-07,20:00,0.0,0.0,79.0,26.2,116.0,24.1,218.2,0.0,0.0,0.0,5.4,6.4,0.0,0.0,0.0,0.0,0.0,0.0,139.8,129.9,0.0,0.0,0.0,29.2,78.2,0.0,0.0,
2026-08-07,20:30,0.0,0.0,79.3,22.8,115.8,22.1,216.3,0.0,0.0,0.0,9.1,10.3,0.0,0.0,0.0,0.0,0.0,0.0,148.6,128.4,0.0,0.0,0.0,29.3,78.2,0.0,0.0,
2026-08-07,21:00,0.0,0.0,79.1,20.3,121.7,24.7,211.6,0.0,0.0,0.0,11.9,11.7,0.0,0.0,0.0,0.0,0.0,0.0,156.0,129.3,0.0,0.0,0.0,30.1,81.0,0.0,0.0,
2026-08-07,21:30,0.0,0.0,79.7,6.4,121.7,24.1,213.4,0.0,0.0,0.0,14.4,14.5,0.0,0.0,0.0,0.0,0.0,0.0,152.2,132.2,0.0,0.0,0.0,30.5,81.4,0.0,0.0,
2026-08-07,22:00,0.0,0.0,78.4,8.2,123.6,25.5,223.8,0.0,0.0,0.0,15.0,13.1,0.0,0.0,0.0,0.0,0.0,0.0,163.0,132.4,0.0,0.0,0.0,30.7,82.0,0.0,0.0,
2026-08-07,22:30,0.0,0.0,76.1,10.1,125.3,28.7,220.5,0.0,0.0,0.0,13.3,11.6,0.0,0.0,0.0,0.0,0.0,0.0,155.1,132.0,0.0,0.0,0.0,30.8,82.1,0.0,0.0,
2026-08-07,23:00,0.0,0.0,75.9,11.0,125.2,22.7,225.2,0.0,0.0,0.0,13.6,13.8,0.0,0.0,0.0,0.0,0.0,0.0,151.2,131.6,0.0,0.0,0.0,30.8,81.5,0.0,0.0,
2026-08-07,23:30,0.0,0.0,63.4,18.5,122.6,19.9,214.2,0.0,0.0,0.0,12.4,12.3,0.0,0.0,0.0,0.0,0.0,0.0,147.4,126.7,0.0,0.0,0.0,30.8,81.7,0.0,0.0,
2026-08-07,0:00,0.0,0.0,44.3,19.7,124.9,21.9,214.0,0.0,0.0,0.0,8.9,9.7,0.0,0.0,0.0,0.0,0.0,0.0,113.0,116.5,0.0,0.0,0.0,30.8,82.1,0.0,0.0,
2026-08-08,0:30,0.0,0.0,44.3,17.9,125.6,17.8,212.3,0.0,0.0,0.0,9.9,10.1,0.0,0.0,0.0,0.0,0.0,0.0,86.9,95.4,0.0,0.0,0.0,30.8,81.7,0.0,0.0,
2026-08-08,1:00,0.0,0.0,29.0,19.0,120.4,20.6,207.2,0.0,0.0,0.0,12.8,12.6,0.0,0.0,0.0,0.0,0.0,0.0,72.1,69.4,0.0,0.0,0.0,30.8,79.6,0.0,0.0,
2026-08-08,1:30,0.0,0.0,32.6,23.3,121.2,19.3,198.9,0.0,0.0,0.0,13.7,11.6,0.0,0.0,0.0,0.0,0.0,0.0,77.1,66.5,0.0,0.0,0.0,30.2,76.1,0.0,0.0,
2026-08-08,2:00,0.0,0.0,39.3,15.8,116.9,17.2,170.1,0.0,0.0,0.0,14.8,13.2,0.0,0.0,0.0,0.0,0.0,0.0,84.8,77.7,0.0,0.0,0.0,30.2,71.5,0.0,0.0,
2026-08-08,2:30,0.0,0.0,37.7,12.2,122.2,15.0,156.3,0.0,0.0,0.0,11.6,13.1,0.0,0.0,0.0,0.0,0.0,0.0,75.2,69.1,0.0,0.0,0.0,30.2,74.9,0.0,0.0,
2026-08-08,3:00,0.0,0.0,36.6,11.4,120.1,8.5,152.7,0.0,0.0,0.0,11.9,12.1,0.0,0.0,0.0,0.0,0.0,0.0,62.7,64.8,0.0,0.0,0.0,29.3,71.3,0.0,0.0,
2026-08-08,3:30,0.0,0.0,25.7,10.5,122.2,13.8,152.4,0.0,0.0,0.0,7.7,11.7,0.0,0.0,0.0,0.0,0.0,0.0,65.6,60.3,0.0,0.0,0.0,30.3,71.5,0.0,0.0,
2026-08-08,4:00,0.0,0.0,26.6,14.6,118.8,8.5,136.7,0.0,0.0,0.0,7.5,8.5,0.0,0.0,0.0,0.0,0.0,0.0,71.1,70.0,0.0,0.0,0.0,30.1,69.0,0.0,0.0,
2026-08-08,4:30,0.0,0.0,23.4,13.6,111.5,7.2,110.6,0.0,0.0,0.0,7.1,8.1,0.0,0.0,0.0,0.0,0.0,0.0,33.1,39.5,0.0,0.0,0.0,28.2,69.1,0.0,0.0,
2026-08-08,5:00,0.0,0.0,17.9,13.4,102.4,4.0,88.3,0.0,0.0,0.0,8.5,9.6,0.0,0.0,0.0,0.0,0.0,0.0,24.6,20.6,0.0,0.0,0.0,26.0,66.4,0.0,0.0,
2026-08-08,5:30,0.0,0.0,25.5,16.3,101.7,1.3,59.8,0.0,0.0,0.0,9.2,11.9,0.0,0.0,0.0,0.0,0.0,0.0,5.4,8.5,0.0,0.0,0.0,24.4,60.9,0.0,0.0,
2026-08-08,6:00,0.0,0.0,27.2,15.3,86.1,1.2,53.7,0.0,0.0,0.0,10.8,12.5,0.0,0.0,0.0,0.0,0.0,0.0,4.4,6.8,0.0,0.0,0.0,20.8,50.9,0.0,0.0,
2026-08-08,6:30,0.0,0.0,19.5,24.8,77.2,0.3,27.3,0.5,0.0,3.0,10.6,11.4,6.6,5.6,2.6,0.0,0.0,1.1,7.4,4.6,3.9,5.9,0.7,19.9,45.5,0.1,0.3,
2026-08-08,7:00,0.0,0.0,8.4,24.2,49.7,0.1,13.9,8.8,0.9,24.6,11.5,10.6,71.1,59.3,22.8,0.0,2.7,7.4,14.7,17.0,32.3,43.4,7.1,12.8,27.2,2.7,1.0,
2026-08-08,7:30,0.0,0.0,6.5,22.5,51.5,0.0,6.4,19.5,12.9,50.2,9.8,11.1,152.7,123.4,46.6,0.0,5.4,12.2,23.1,23.2,66.5,88.6,14.1,14.0,26.3,5.1,2.4,
2026-08-08,8:00,0.1,0.1,6.6,22.9,64.6,0.0,15.3,28.7,24.7,68.0,12.1,12.2,203.3,166.5,84.1,0.0,8.0,13.1,37.4,27.9,85.8,121.4,16.2,14.6,28.0,7.4,3.2,
2026-08-08,8:30,0.2,0.7,10.7,27.3,71.4,1.0,20.8,31.9,40.4,70.5,12.9,13.1,209.2,172.9,87.4,0.0,10.2,13.6,47.3,39.0,88.2,123.4,16.9,15.5,30.2,9.4,5.2,
2026-08-08,9:00,0.3,0.8,9.2,28.7,41.4,0.5,15.1,32.2,41.6,70.9,11.4,11.3,212.5,175.2,89.1,0.1,12.0,13.8,39.1,31.1,88.6,123.7,17.2,9.1,22.9,11.3,8.5,
2026-08-08,9:30,0.3,1.0,6.3,29.4,30.7,0.5,16.4,32.2,42.4,71.1,7.9,7.8,215.1,178.5,90.2,0.1,13.5,13.6,29.5,16.8,89.8,123.7,17.1,7.2,15.6,12.9,11.9,
2026-08-08,10:00,0.3,1.1,10.3,27.8,24.6,1.5,10.7,32.1,42.7,71.2,11.0,10.4,216.0,179.2,90.8,0.1,14.7,13.6,17.5,3.4,91.6,123.7,16.7,6.2,13.2,14.2,15.6,
2026-08-08,10:30,0.4,1.2,14.5,26.5,33.9,1.3,18.8,32.0,42.7,71.6,12.8,12.6,218.6,180.6,91.6,0.1,16.4,13.6,13.0,0.0,91.8,123.1,16.9,7.2,13.9,15.1,16.8,
2026-08-08,11:00,0.4,1.2,18.3,20.5,39.6,0.0,50.1,32.0,42.8,74.4,12.4,13.2,221.2,182.4,92.6,0.1,17.3,13.4,12.6,0.0,92.2,123.4,16.6,7.9,18.9,16.0,16.8,
2026-08-08,11:30,0.4,1.3,20.1,15.6,57.9,3.7,93.6,32.0,42.9,74.8,17.4,15.1,222.0,183.4,92.8,0.3,17.7,13.4,13.0,0.0,92.5,123.6,16.4,11.3,33.8,16.5,16.7,
2026-08-08,12:00,0.4,1.3,23.6,16.3,71.0,7.9,147.1,31.8,43.1,75.8,15.9,15.0,222.4,184.1,93.3,0.2,17.9,13.5,11.4,0.0,92.9,125.3,16.5,13.7,44.3,16.5,16.8,
2026-08-08,12:30,0.4,1.3,24.1,18.5,99.9,20.8,196.7,31.9,43.0,76.4,16.9,14.6,224.6,185.6,93.9,0.4,17.6,13.5,27.1,2.2,92.6,125.7,16.6,22.0,60.1,16.4,16.7,
2026-08-08,13:00,0.4,1.2,25.8,22.2,117.6,27.4,214.8,32.1,43.1,76.4,15.6,14.8,226.1,186.2,94.3,0.2,17.1,13.5,60.8,32.5,93.0,125.2,16.6,27.3,74.9,15.8,16.8,
2026-08-08,13:30,0.4,1.2,26.8,23.5,123.3,26.7,222.4,32.2,43.1,76.4,16.5,13.2,226.9,186.9,94.7,0.2,16.6,13.5,94.3,61.2,93.2,127.0,16.7,29.4,79.1,15.2,16.9,
2026-08-08,14:00,0.3,1.1,31.9,23.2,120.9,31.5,211.9,32.5,43.2,76.4,0.0,0.0,227.5,186.8,94.5,0.3,15.3,13.5,117.4,89.2,94.8,129.1,16.8,30.6,81.2,14.1,17.0,
2026-08-08,14:30,0.3,1.1,38.9,25.4,123.3,26.0,212.5,32.4,43.3,75.4,0.0,0.0,226.4,185.9,94.1,0.2,13.7,13.6,160.3,125.4,94.1,129.1,16.9,30.1,78.5,12.6,16.8,
2026-08-08,15:00,0.3,0.9,37.8,26.8,112.5,26.9,206.0,32.0,43.0,74.2,0.0,0.0,222.5,182.1,92.2,0.4,11.8,13.5,170.3,131.9,93.5,128.5,17.0,29.6,79.7,10.8,16.4,
2026-08-08,15:30,0.2,0.8,32.0,24.2,120.5,25.5,215.6,31.8,42.2,71.4,0.0,0.0,216.3,177.2,89.5,0.1,9.6,13.3,172.9,131.5,90.5,125.0,16.7,29.5,77.8,8.7,15.3,
2026-08-08,16:00,0.2,0.6,29.8,23.0,118.0,31.2,219.5,26.5,41.4,63.5,0.0,0.0,203.1,165.9,83.7,0.1,7.1,12.5,162.2,130.6,83.4,105.3,15.7,29.5,77.8,6.4,12.9,
2026-08-08,16:30,0.1,0.4,32.0,23.5,122.6,35.0,227.7,16.2,38.3,35.4,0.0,0.0,138.0,105.4,51.4,0.1,4.5,10.2,154.3,130.8,49.9,64.1,13.0,29.8,78.0,3.9,6.1,
2026-08-08,17:00,0.1,0.1,31.8,18.1,115.1,34.7,223.6,5.4,24.4,12.5,0.0,0.0,48.5,40.3,20.5,0.1,2.0,4.3,132.2,126.6,19.2,21.3,5.6,27.6,75.4,1.6,0.7,
2026-08-08,17:30,0.0,0.0,31.6,12.5,87.0,33.4,223.8,0.0,7.8,0.5,0.0,0.0,3.0,2.5,1.3,0.0,0.1,0.3,136.1,128.6,0.9,0.6,0.5,22.1,68.5,0.0,0.0,
2026-08-08,18:00,0.0,0.0,35.2,10.8,75.6,29.0,226.2,0.0,0.1,0.0,0.0,0.0,0.0,0.0,0.0,0.0,0.0,0.0,131.2,123.3,0.0,0.0,0.0,17.7,54.5,0.0,0.0,
2026-08-08,18:30,0.0,0.0,37.9,9.6,92.4,23.8,219.0,0.0,0.0,0.0,14.2,6.5,0.0,0.0,0.0,0.0,0.0,0.0,143.6,129.3,0.0,0.0,0.0,21.4,59.0,0.0,0.0,
2026-08-08,19:00,0.0,0.0,32.9,14.6,91.0,30.3,220.7,0.0,0.0,0.0,10.8,6.8,0.0,0.0,0.0,0.0,0.0,0.0,150.1,130.2,0.0,0.0,0.0,22.3,65.4,0.0,0.0,
2026-08-08,19:30,0.0,0.0,35.7,15.1,96.4,26.2,218.1,0.0,0.0,0.0,9.8,9.1,0.0,0.0,0.0,0.0,0.0,0.0,147.3,130.7,0.0,0.0,0.0,27.4,72.2,0.0,0.0,
2026-08-08,20:00,0.0,0.0,30.1,16.3,88.3,26.1,209.7,0.0,0.0,0.0,9.4,8.4,0.0,0.0,0.0,0.0,0.0,0.0,123.1,126.6,0.0,0.0,0.0,27.5,68.0,0.0,0.0,
2026-08-08,20:30,0.0,0.0,27.9,14.9,92.6,23.9,210.0,0.0,0.0,0.0,10.3,9.7,0.0,0.0,0.0,0.0,0.0,0.0,99.6,114.7,0.0,0.0,0.0,25.0,68.5,0.0,0.0,
2026-08-08,21:00,0.0,0.0,18.0,18.1,106.5,20.5,207.5,0.0,0.0,0.0,7.7,7.3,0.0,0.0,0.0,0.0,0.0,0.0,127.1,122.4,0.0,0.0,0.0,27.0,69.0,0.0,0.0,
2026-08-08,21:30,0.0,0.0,19.8,23.9,104.3,21.3,207.9,0.0,0.0,0.0,6.8,6.4,0.0,0.0,0.0,0.0,0.0,0.0,130.3,129.0,0.0,0.0,0.0,28.6,66.7,0.0,0.0,
2026-08-08,22:00,0.0,0.0,28.1,27.3,115.5,19.4,204.0,0.0,0.0,0.0,7.8,8.2,0.0,0.0,0.0,0.0,0.0,0.0,124.8,127.8,0.0,0.0,0.0,29.8,74.6,0.0,0.0,
2026-08-08,22:30,0.0,0.0,31.0,28.9,115.1,18.7,191.6,0.0,0.0,0.0,9.1,9.6,0.0,0.0,0.0,0.0,0.0,0.0,110.6,119.5,0.0,0.0,0.0,30.8,78.3,0.0,0.0,
2026-08-08,23:00,0.0,0.0,26.0,24.4,119.9,14.4,180.1,0.0,0.0,0.0,13.1,12.1,0.0,0.0,0.0,0.0,0.0,0.0,91.4,103.8,0.0,0.0,0.0,30.6,77.5,0.0,0.0,
2026-08-08,23:30,0.0,0.0,25.9,15.5,107.0,11.8,178.4,0.0,0.0,0.0,12.9,10.7,0.0,0.0,0.0,0.0,0.0,0.0,64.3,89.5,0.0,0.0,0.0,30.4,72.5,0.0,0.0,
2026-08-08,0:00,0.0,0.0,25.6,17.2,106.5,11.9,70.1,0.0,0.0,0.0,13.1,9.2,0.0,0.0,0.0,0.0,0.0,0.0,66.2,74.1,0.0,0.0,0.0,28.4,67.3,0.0,0.0,
2026-08-09,0:30,0.0,0.0,26.3,18.3,98.6,10.7,179.0,0.0,0.0,0.0,11.3,8.9,0.0,0.0,0.0,0.0,0.0,0.0,63.3,75.3,0.0,0.0,0.0,25.8,58.9,0.0,0.0,
2026-08-09,1:00,0.0,0.0,24.9,22.7,93.3,9.0,177.4,0.0,0.0,0.0,9.4,8.6,0.0,0.0,0.0,0.0,0.0,0.0,55.1,57.2,0.0,0.0,0.0,21.8,54.7,0.0,0.0,
2026-08-09,1:30,0.0,0.0,21.2,23.0,82.7,9.6,159.7,0.0,0.0,0.0,9.5,7.9,0.0,0.0,0.0,0.0,0.0,0.0,51.7,52.5,0.0,0.0,0.0,21.3,50.8,0.0,0.0,
2026-08-09,2:00,0.0,0.0,18.2,18.3,91.1,8.4,120.4,0.0,0.0,0.0,11.4,10.4,0.0,0.0,0.0,0.0,0.0,0.0,28.1,34.2,0.0,0.0,0.0,24.5,57.8,0.0,0.0,
2026-08-09,2:30,0.0,0.0,17.6,14.7,87.8,6.8,151.2,0.0,0.0,0.0,13.5,11.3,0.0,0.0,0.0,0.0,0.0,0.0,23.0,27.0,0.0,0.0,0.0,22.6,51.9,0.0,0.0,
2026-08-09,3:00,0.0,0.0,8.3,21.6,82.7,10.6,170.8,0.0,0.0,0.0,11.8,11.5,0.0,0.0,0.0,0.0,0.0,0.0,32.4,36.0,0.0,0.0,0.0,19.6,43.4,0.0,0.0,
2026-08-09,3:30,0.0,0.0,5.3,21.9,97.8,4.5,106.3,0.0,0.0,0.0,11.6,10.4,0.0,0.0,0.0,0.0,0.0,0.0,46.4,48.7,0.0,0.0,0.0,21.0,40.8,0.0,0.0,
2026-08-09,4:00,0.0,0.0,6.0,17.4,91.6,0.7,63.6,0.0,0.0,0.0,8.8,7.9,0.0,0.0,0.0,0.0,0.0,0.0,60.6,56.2,0.0,0.0,0.0,26.8,52.1,0.0,0.0,
2026-08-09,4:30,0.0,0.0,5.8,20.0,112.0,1.1,62.0,0.0,0.0,0.0,10.3,9.5,0.0,0.0,0.0,0.0,0.0,0.0,51.1,59.9,0.0,0.0,0.0,30.8,66.3,0.0,0.0,
2026-08-09,5:00,0.0,0.0,6.2,16.9,112.8,1.3,66.5,0.0,0.0,0.0,9.6,9.5,0.0,0.0,0.0,0.0,0.0,0.0,33.2,46.7,0.0,0.0,0.0,30.7,69.2,0.0,0.0,
2026-08-09,5:30,0.0,0.0,6.8,11.6,92.5,3.3,84.4,0.0,0.0,0.0,10.1,9.5,0.0,0.0,0.0,0.0,0.0,0.0,32.9,29.9,0.0,0.0,0.0,27.4,54.3,0.0,0.0,
2026-08-09,6:00,0.0,0.0,8.4,11.7,95.0,2.4,100.2,0.0,0.0,0.0,11.2,9.9,0.0,0.0,0.0,0.0,0.0,0.0,41.4,33.3,0.0,0.0,0.0,26.1,59.8,0.0,0.0,
2026-08-09,6:30,0.0,0.0,8.7,14.4,83.4,2.3,87.5,0.6,0.37,3.3,11.1,10.8,7.6,5.9,2.7,0.0,0.1,1.0,49.6,29.2,3.7,5.6,0.7,21.6,56.4,0.0,0.2,
2026-08-09,7:00,0.0,0.0,5.0,10.9,88.8,2.0,86.9,8.0,6.86,23.3,11.6,9.7,70.3,57.9,27.6,0.0,2.6,6.5,38.1,37.8,29.0,39.5,6.2,25.5,67.3,2.638,0.8,
2026-08-09,7:30,0.0,0.0,0.3,7.2,94.2,1.8,100.4,18.2,17.32,47.4,12.9,10.8,151.2,121.5,59.3,0.0,4.8,11.3,19.2,28.5,62.5,83.2,13.2,24.9,65.2,5.212,1.6,
2026-08-09,8:00,0.0,0.0,0.0,6.5,87.8,2.9,91.5,27.6,35.61,65.0,10.6,9.8,200.9,164.9,83.1,0.0,7.0,12.5,6.0,14.1,84.1,115.8,15.3,25.2,42.9,7.715,3.5,
2026-08-09,8:30,0.0,0.0,0.0,10.5,105.5,4.8,71.7,31.0,39.99,68.1,6.9,6.9,207.5,170.2,86.0,0.1,9.1,13.1,1.5,2.2,87.8,119.9,16.2,25.3,43.4,9.815,5.6,
2026-08-09,9:00,0.1,0.0,0.0,15.8,96.1,7.1,106.9,31.3,41.02,69.2,14.3,11.2,210.4,174.0,87.9,0.1,11.0,13.2,2.8,0.0,89.6,122.6,16.3,21.5,49.8,11.554,9.0,
2026-08-09,9:30,0.1,0.0,0.0,21.1,102.4,8.7,106.3,31.4,41.48,69.0,12.9,11.0,206.9,172.7,87.0,0.1,12.5,13.2,5.3,0.0,90.3,123.3,16.6,21.8,56.0,13.375,14.0,
2026-08-09,10:00,0.2,0.0,0.0,20.7,98.5,7.9,100.4,31.5,41.85,67.3,13.3,11.3,214.0,177.8,90.1,0.1,13.7,13.4,27.0,5.7,91.2,124.1,16.8,23.0,60.7,14.528,16.5,
2026-08-09,10:30,0.3,0.0,0.0,19.7,108.7,7.6,84.2,31.7,42.12,69.5,12.7,12.0,214.0,177.7,90.0,0.2,14.5,13.1,64.9,27.0,91.1,123.4,16.4,25.5,68.7,15.669,16.4,
2026-08-09,11:00,0.4,0.0,1.8,17.0,113.4,7.9,60.0,31.4,42.21,70.3,15.8,11.0,215.3,178.7,90.3,0.3,15.8,13.2,91.9,50.3,90.2,121.3,16.1,26.4,70.5,16.498,16.2,
2026-08-09,11:30,0.4,0.0,7.2,18.4,117.4,4.3,119.5,31.2,42.08,71.3,16.6,12.7,215.1,178.9,90.4,0.5,16.2,13.2,101.1,74.0,89.3,120.2,16.3,25.4,68.5,17.317,16.3,
2026-08-09,12:00,0.4,0.0,7.6,11.4,115.7,11.5,131.0,31.0,41.9,72.9,17.2,12.5,216.9,180.3,90.9,0.4,16.3,13.3,75.4,76.4,89.1,121.1,16.4,24.5,66.9,17.638,16.3,
2026-08-09,12:30,0.4,0.0,7.5,10.7,117.2,10.4,125.6,31.0,41.84,73.9,18.1,12.9,220.0,181.1,92.2,0.4,16.3,13.2,107.5,103.0,89.5,122.0,16.3,24.6,69.8,17.656,16.4,
2026-08-09,13:00,0.4,0.0,9.6,22.7,122.9,10.6,119.4,31.1,41.92,74.8,15.9,12.8,223.0,183.5,92.8,0.4,15.7,13.1,81.7,87.2,90.7,123.6,16.2,26.8,75.2,15.938,17.7,
2026-08-09,13:30,0.4,0.0,11.7,23.9,118.7,11.2,118.1,31.4,42.03,78.7,17.6,12.8,218.5,188.6,95.3,0.4,14.9,13.0,70.9,58.9,90.1,122.8,16.3,26.0,72.9,10.261,16.7,
2026-08-09,14:00,0.3,0.0,18.1,19.9,115.2,11.5,118.5,32.2,41.88,53.5,17.1,11.7,248.1,200.2,98.5,0.4,12.0,13.0,54.1,35.3,90.6,120.6,16.4,23.7,70.3,15.038,17.5,
2026-08-09,14:30,0.3,0.0,23.4,18.0,107.8,10.8,127.2,31.3,40.7,60.0,15.4,10.4,171.9,91.0,45.1,0.4,12.5,13.1,44.7,39.0,90.4,119.3,16.4,21.5,65.1,7.449,16.0,
2026-08-09,15:00,0.3,0.0,25.0,13.5,109.0,9.9,107.9,25.5,40.82,20.9,16.6,12.4,95.5,85.5,35.2,0.3,11.4,11.4,62.6,60.8,90.5,122.9,16.6,23.1,65.5,13.271,15.2,
2026-08-09,15:30,0.2,0.0,32.8,12.7,114.7,9.6,105.3,34.0,40.04,18.2,13.3,11.7,135.2,54.3,27.4,0.3,3.6,10.7,98.7,87.8,88.5,120.6,15.6,23.1,66.5,4.074,13.8,
2026-08-09,16:00,0.2,0.0,35.1,10.8,112.4,11.7,87.6,28.8,30.99,10.8,15.9,11.0,56.1,28.0,13.5,0.2,3.0,7.9,125.4,120.0,13.2,15.6,10.5,24.2,67.6,2.9,6.8,
2026-08-09,16:30,0.1,0.4,33.6,12.8,106.2,10.9,102.0,5.6,23.43,7.5,17.7,13.0,22.0,18.8,9.8,0.2,2.3,2.0,134.4,127.6,9.8,12.2,3.5,25.1,70.3,1.613,1.8,
2026-08-09,17:00,0.1,0.1,26.2,12.3,93.9,9.8,95.4,2.3,10.18,3.3,17.9,12.4,11.3,9.8,4.9,0.1,0.4,1.4,148.6,129.9,17.8,19.0,1.5,22.3,64.7,1.058,0.0,
2026-08-09,17:30,0.0,0.0,19.1,10.3,83.9,10.6,87.9,0.0,1.09,0.0,14.0,10.1,0.8,0.9,0.5,0.0,0.0,0.1,153.8,129.7,0.2,0.0,0.1,19.0,56.1,0.0,0.0,
2026-08-09,18:00,0.0,0.0,16.1,13.2,75.6,10.6,94.4,0.0,0.0,0.0,16.5,12.0,0.0,0.0,0.0,0.0,0.0,0.0,140.2,126.9,0.0,0.0,0.0,18.4,57.5,0.0,0.0,
2026-08-09,18:30,0.0,0.0,10.5,14.9,68.1,8.2,75.7,0.0,0.0,0.0,12.6,9.9,0.0,0.0,0.0,0.0,0.0,0.0,114.1,122.3,0.0,0.0,0.0,15.3,50.6,0.0,0.0,
2026-08-09,19:00,0.0,0.0,7.3,12.0,82.6,6.4,68.2,0.0,0.0,0.0,12.5,12.6,0.0,0.0,0.0,0.0,0.0,0.0,102.4,113.0,0.0,0.0,0.0,16.3,51.5,0.0,0.0,
2026-08-09,19:30,0.0,0.0,5.7,9.7,90.1,7.5,75.1,0.0,0.0,0.0,14.4,11.5,0.0,0.0,0.0,0.0,0.0,0.0,78.7,81.8,0.0,0.0,0.0,21.1,58.8,0.0,0.0,
2026-08-09,20:00,0.0,0.0,7.7,7.6,90.8,6.5,67.3,0.0,0.0,0.0,14.0,11.4,0.0,0.0,0.0,0.0,0.0,0.0,33.7,45.2,0.0,0.0,0.0,20.0,58.7,0.0,0.0,
2026-08-09,20:30,0.0,0.0,7.1,9.2,91.7,4.5,50.5,0.0,0.0,0.0,10.3,10.3,0.0,0.0,0.0,0.0,0.0,0.0,22.3,34.0,0.0,0.0,0.0,17.7,53.5,0.0,0.0,
2026-08-09,21:00,0.0,0.0,5.2,7.5,79.3,4.4,47.2,0.0,0.0,0.0,11.7,9.8,0.0,0.0,0.0,0.0,0.0,0.0,11.2,13.0,0.0,0.0,0.0,17.4,46.2,0.0,0.0,
2026-08-09,21:30,0.0,0.0,4.8,6.9,76.6,4.3,60.8,0.0,0.0,0.0,13.8,12.5,0.0,0.0,0.0,0.0,0.0,0.0,15.1,17.7,0.0,0.0,0.0,20.5,50.4,0.0,0.0,
2026-08-09,22:00,0.0,0.0,5.4,8.0,74.0,1.5,48.9,0.0,0.0,0.0,13.9,10.4,0.0,0.0,0.0,0.0,0.0,0.0,16.4,18.1,0.0,0.0,0.0,19.9,48.1,0.0,0.0,
2026-08-09,22:30,0.0,0.0,6.7,8.8,71.7,2.7,50.4,0.0,0.0,0.0,13.3,11.4,0.0,0.0,0.0,0.0,0.0,0.0,11.7,18.1,0.0,0.0,0.0,19.1,45.6,0.0,0.0,
2026-08-09,23:00,0.0,0.0,6.2,10.7,69.5,1.3,22.4,0.0,0.0,0.0,14.8,11.6,0.0,0.0,0.0,0.0,0.0,0.0,1.7,3.2,0.0,0.0,0.0,18.2,42.8,0.0,0.0,
2026-08-09,23:30,0.0,0.0,9.4,12.4,66.6,1.4,17.8,0.0,0.0,0.0,13.2,11.5,0.0,0.0,0.0,0.0,0.0,0.0,0.1,0.0,0.0,0.0,0.0,17.2,40.0,0.0,0.0,
2026-08-09,0:00,0.0,0.0,10.3,14.8,63.0,1.8,40.8,0.0,0.0,0.0,14.2,11.6,0.0,0.0,0.0,0.0,0.0,0.0,0.0,0.0,0.0,0.0,0.0,16.1,37.2,0.0,0.0,
2026-08-10,0:30,0.0,0.0,13.4,18.6,45.7,3.0,59.8,0.0,0.0,0.0,14.0,10.3,0.0,0.0,0.0,0.0,0.0,0.0,0.0,0.0,0.0,0.0,0.0,8.5,27.4,0.0,0.0,
2026-08-10,1:00,0.0,0.0,15.9,21.1,45.9,2.0,36.0,0.0,0.0,0.0,14.0,12.1,0.0,0.0,0.0,0.0,0.0,0.0,0.0,0.0,0.0,0.0,0.0,7.2,19.8,0.0,0.0,
2026-08-10,1:30,0.0,0.0,17.6,19.3,20.9,0.9,26.8,0.0,0.0,0.0,13.5,10.9,0.0,0.0,0.0,0.0,0.0,0.0,0.0,0.0,0.0,0.0,0.0,2.3,4.0,0.0,0.0,
2026-08-10,2:00,0.0,0.0,16.2,19.3,32.6,1.4,29.6,0.0,0.0,0.0,13.2,10.5,0.0,0.0,0.0,0.0,0.0,0.0,0.0,0.0,0.0,0.0,0.0,4.8,14.3,0.0,0.0,
2026-08-10,2:30,0.0,0.0,14.0,23.4,35.1,1.3,25.0,0.0,0.0,0.0,14.3,9.8,0.0,0.0,0.0,0.0,0.0,0.0,0.0,0.0,0.0,0.0,0.0,7.8,20.0,0.0,0.0,
2026-08-10,3:00,0.0,0.0,18.1,29.0,36.3,0.3,45.0,0.0,0.0,0.0,13.8,12.2,0.0,0.0,0.0,0.0,0.0,0.0,1.8,3.6,0.0,0.0,0.0,9.4,24.1,0.0,0.0,
2026-08-10,3:30,0.0,0.0,19.1,30.0,27.6,3.3,81.2,0.0,0.0,0.0,14.4,12.1,0.0,0.0,0.0,0.0,0.0,0.0,3.0,4.2,0.0,0.0,0.0,7.7,16.0,0.0,0.0,
2026-08-10,4:00,0.0,0.0,29.0,29.8,12.7,4.9,82.8,0.0,0.0,0.0,13.3,10.7,0.0,0.0,0.0,0.0,0.0,0.0,11.7,16.1,0.0,0.0,0.0,1.6,3.7,0.0,0.0,
2026-08-10,4:30,0.0,0.0,29.8,29.7,12.5,1.4,53.9,0.0,0.0,0.0,16.0,12.5,0.0,0.0,0.0,0.0,0.0,0.0,5.3,0.2,0.0,0.0,0.0,2.4,5.3,0.0,0.0,
2026-08-10,5:00,0.0,0.0,29.9,28.8,11.2,0.5,34.1,0.0,0.0,0.0,13.8,12.2,0.0,0.0,0.0,0.0,0.0,0.0,3.4,3.7,0.0,0.0,0.0,1.5,4.1,0.0,0.0,
2026-08-10,5:30,0.0,0.0,26.7,27.9,37.4,0.0,21.0,0.0,0.0,0.0,15.4,11.6,0.0,0.0,0.0,0.0,0.0,0.0,2.7,4.1,0.0,0.0,0.0,7.2,24.4,0.0,0.0,
2026-08-10,6:00,0.0,0.0,20.9,29.4,23.4,0.0,29.7,0.0,0.0,0.0,14.4,11.0,0.0,0.0,0.0,0.0,0.0,0.0,0.0,0.0,0.0,0.0,0.0,4.8,15.8,0.0,0.0,
2026-08-10,6:30,0.0,0.0,34.7,30.1,45.2,2.1,53.7,0.3,0.0,2.4,15.4,12.1,5.8,3.1,1.5,0.0,0.0,0.2,0.0,0.0,3.4,4.2,0.1,10.7,32.7,0.1,0.3,
2026-08-10,7:00,0.0,0.1,33.3,30.2,36.7,3.0,33.8,1.7,0.5,7.2,14.0,12.8,10.0,10.4,5.0,0.0,1.1,0.7,0.0,0.0,6.0,7.3,0.7,8.6,20.8,0.7,1.2,
2026-08-10,7:30,0.0,0.1,21.9,30.0,24.8,0.3,8.5,9.2,2.3,6.6,16.6,11.9,20.6,15.3,8.0,0.0,2.7,1.2,0.0,0.0,12.9,17.9,1.0,0.7,0.7,1.0,2.4,
2026-08-10,8:00,0.0,0.3,20.0,29.5,22.9,0.2,7.0,5.1,13.2,28.9,17.1,12.6,35.8,32.6,15.8,0.0,3.7,1.8,0.0,0.0,8.6,9.1,1.7,0.0,0.0,3.4,3.7,
2026-08-10,8:30,0.1,0.2,16.4,30.0,15.3,0.0,6.8,4.0,7.0,67.6,11.4,11.4,253.6,180.4,72.9,0.0,7.9,2.5,0.0,0.0,15.9,18.9,2.1,0.1,0.0,3.1,10.3,
2026-08-10,9:00,0.2,0.8,18.4,30.2,20.4,0.0,9.6,7.3,6.3,28.6,16.8,12.5,107.7,96.3,45.6,0.1,3.3,4.2,0.0,0.0,32.1,47.1,4.1,0.3,0.4,7.7,6.4,
2026-08-10,9:30,0.3,1.1,21.0,30.2,8.5,0.0,17.6,14.0,11.2,43.3,17.4,13.0,78.8,63.5,31.7,0.3,10.7,6.1,0.0,0.0,22.7,29.7,6.5,0.0,0.0,4.8,6.6,
2026-08-10,10:00,0.4,1.1,26.8,28.5,4.5,0.0,17.3,14.2,20.4,42.4,16.7,12.7,123.7,76.4,40.8,0.4,7.1,4.6,0.0,0.0,29.8,40.3,5.5,0.0,0.0,5.8,6.9,
2026-08-10,10:30,0.4,1.2,29.7,28.5,26.8,0.2,16.6,12.6,20.3,44.4,17.2,12.2,120.9,103.3,50.7,0.1,6.9,5.5,0.5,0.1,59.3,79.6,6.0,2.4,5.3,9.4,13.0,
2026-08-10,11:00,0.4,1.2,42.9,28.2,28.9,0.0,16.1,26.3,17.5,76.5,18.0,12.6,110.2,90.4,45.9,0.4,17.0,8.1,11.5,9.3,38.0,49.0,10.2,3.1,6.8,10.5,7.8,
2026-08-10,11:30,0.5,1.3,51.5,28.4,40.1,0.0,17.8,37.4,34.4,72.6,18.0,12.6,229.9,190.7,96.2,0.4,10.3,5.9,35.8,22.1,38.2,50.7,7.6,3.9,10.7,13.1,6.8,
2026-08-10,12:00,0.4,1.3,61.1,28.3,61.0,0.0,27.5,15.8,53.2,47.3,18.0,12.6,204.8,193.6,93.1,0.4,15.1,5.8,72.2,67.5,44.1,61.8,7.0,8.3,20.0,17.3,10.6,
2026-08-10,12:30,0.4,1.3,62.9,28.1,89.6,0.7,42.8,8.0,21.9,38.8,18.0,12.6,141.8,132.2,50.4,0.4,7.3,7.8,73.6,82.4,67.5,87.8,9.4,19.0,45.9,13.3,9.4,
2026-08-10,13:00,0.4,0.3,69.3,27.9,71.4,3.6,85.1,16.3,11.0,30.5,18.0,12.6,200.3,195.2,72.9,0.4,7.0,10.0,81.3,104.6,85.5,120.2,12.1,14.4,41.0,16.4,6.8,
2026-08-10,13:30,0.4,1.2,72.2,27.2,50.6,9.4,101.4,10.6,22.3,30.2,18.0,12.6,191.1,207.7,72.4,0.4,7.0,11.5,48.4,73.2,38.9,49.3,14.2,11.5,25.5,15.1,6.6,
2026-08-10,14:00,0.4,1.2,72.0,27.1,78.8,10.4,126.0,10.6,15.3,65.8,18.0,12.6,135.0,170.3,90.1,0.4,5.3,8.8,59.5,87.3,20.1,24.4,11.6,12.8,35.0,14.2,6.6,
2026-08-10,14:30,0.3,1.2,68.8,28.2,92.9,9.8,112.3,9.7,15.3,24.7,18.0,12.6,165.6,114.8,58.1,0.4,4.6,4.4,50.4,63.4,40.3,48.7,4.4,13.8,29.8,6.7,9.5,
2026-08-10,15:00,0.2,1.0,64.8,28.5,96.9,11.8,116.6,13.4,15.8,62.0,18.0,12.6,175.5,165.6,64.4,0.3,2.5,6.9,60.4,69.6,91.2,105.6,8.7,18.2,41.3,10.2,3.5,
2026-08-10,15:30,0.1,0.8,57.8,28.5,108.9,12.7,131.0,27.9,21.1,11.3,18.0,12.6,81.9,50.5,25.0,0.3,1.1,10.9,83.5,81.5,44.3,69.9,13.3,20.6,55.5,2.3,5.3,
2026-08-10,16:00,0.1,0.6,60.0,29.9,100.6,10.9,119.2,13.4,37.0,7.8,18.0,12.6,32.1,23.4,11.5,0.2,2.0,4.8,131.9,116.2,20.9,27.2,6.0,24.5,57.0,1.3,8.7,
2026-08-10,16:30,0.2,0.1,53.3,30.3,93.5,15.5,145.7,2.3,19.8,5.2,18.0,12.6,7.0,5.5,2.8,0.2,2.0,2.8,151.1,118.8,9.6,13.2,3.0,26.6,64.5,0.2,3.0,
2026-08-10,17:00,0.1,0.1,59.5,30.2,111.1,14.4,144.3,0.8,3.3,3.2,18.0,12.6,5.1,5.7,2.5,0.1,0.6,0.5,165.2,124.1,2.1,2.6,1.1,30.6,77.1,0.7,0.1,
2026-08-10,17:30,0.0,0.0,68.3,30.2,112.5,13.0,140.9,0.0,1.2,0.0,18.0,12.6,0.0,0.2,0.0,0.1,0.0,0.0,159.5,125.5,0.0,0.0,0.0,30.6,74.5,0.0,0.0,
2026-08-10,18:00,0.0,0.0,57.9,27.7,105.8,9.6,133.5,0.0,0.0,0.0,18.0,12.6,0.0,0.0,0.0,0.0,0.0,0.0,155.1,124.7,0.0,0.0,0.0,29.6,67.7,0.0,0.0,
2026-08-10,18:30,0.0,0.0,52.6,21.8,103.5,9.2,130.5,0.0,0.0,0.0,18.0,12.6,0.0,0.0,0.0,0.0,0.0,0.0,124.8,121.0,0.0,0.0,0.0,29.5,68.5,0.0,0.0,
2026-08-10,19:00,0.0,0.0,46.7,17.0,98.1,10.2,140.2,0.0,0.0,0.0,18.0,12.6,0.0,0.0,0.0,0.0,0.0,0.0,113.2,117.7,0.0,0.0,0.0,28.3,66.1,0.0,0.0,
2026-08-10,19:30,0.0,0.0,45.7,13.9,86.6,9.8,162.6,0.0,0.0,0.0,18.0,12.6,0.0,0.0,0.0,0.0,0.0,0.0,104.0,115.1,0.0,0.0,0.0,25.1,61.6,0.0,0.0,
2026-08-10,20:00,0.0,0.0,38.9,15.3,76.0,14.4,183.9,0.0,0.0,0.0,18.0,12.6,0.0,0.0,0.0,0.0,0.0,0.0,74.4,72.9,0.0,0.0,0.0,18.3,44.2,0.0,0.0,
2026-08-10,20:30,0.0,0.0,31.4,19.6,82.7,15.7,164.4,0.0,0.0,0.0,18.0,12.6,0.0,0.0,0.0,0.0,0.0,0.0,64.3,81.5,0.0,0.0,0.0,22.8,52.9,0.0,0.0,
2026-08-10,21:00,0.0,0.0,27.7,18.4,66.4,18.1,157.3,0.0,0.0,0.0,18.0,12.6,0.0,0.0,0.0,0.0,0.0,0.0,74.4,78.2,0.0,0.0,0.0,16.7,43.6,0.0,0.0,
2026-08-10,21:30,0.0,0.0,36.6,18.1,91.0,11.5,159.5,0.0,0.0,0.0,18.0,12.6,0.0,0.0,0.0,0.0,0.0,0.0,91.4,96.9,0.0,0.0,0.0,23.3,57.4,0.0,0.0,
2026-08-10,22:00,0.0,0.0,33.8,18.9,86.8,11.1,169.6,0.0,0.0,0.0,18.0,12.6,0.0,0.0,0.0,0.0,0.0,0.0,50.5,55.7,0.0,0.0,0.0,22.2,56.6,0.0,0.0,
2026-08-10,22:30,0.0,0.0,30.3,18.5,70.0,8.7,120.5,0.0,0.0,0.0,18.0,12.6,0.0,0.0,0.0,0.0,0.0,0.0,35.2,43.8,0.0,0.0,0.0,15.8,36.4,0.0,0.0,
2026-08-10,23:00,0.0,0.0,21.1,12.9,62.4,12.2,147.9,0.0,0.0,0.0,18.0,12.6,0.0,0.0,0.0,0.0,0.0,0.0,18.4,23.9,0.0,0.0,0.0,12.6,24.7,0.0,0.0,
2026-08-10,23:30,0.0,0.0,22.1,7.1,56.9,10.3,113.4,0.0,0.0,0.0,18.0,12.6,0.0,0.0,0.0,0.0,0.0,0.0,25.9,27.7,0.0,0.0,0.0,15.7,30.2,0.0,0.0,
2026-08-10,0:00,0.0,0.0,22.0,6.7,52.4,3.3,80.84,0.0,0.0,0.0,18.0,12.6,0.0,0.0,0.0,0.0,0.0,0.0,9.7,11.9,0.0,0.0,0.0,18.6,32.9,0.0,0.0,
2026-08-11,0:30,0.0,0.0,18.2,4.6,66.4,7.0,78.9,0.0,0.0,0.0,16.8,14.3,0.0,0.0,0.0,0.0,0.0,0.0,0.0,6.1,0.0,0.0,0.0,11.9,18.9,0.0,0.0,0.0
2026-08-11,1:00,0.0,0.0,16.1,6.5,76.3,5.4,75.4,0.0,0.0,0.0,15.1,15.0,0.0,0.0,0.0,0.0,0.0,0.0,0.0,0.0,0.0,0.0,0.0,14.9,20.7,0.0,0.0,0.0
2026-08-11,1:30,0.0,0.0,18.4,6.7,70.6,1.7,28.5,0.0,0.0,0.0,14.2,15.0,0.0,0.0,0.0,0.0,0.0,0.0,0.0,0.0,0.0,0.0,0.0,12.5,23.2,0.0,0.0,0.0
2026-08-11,2:00,0.0,0.0,18.3,7.2,52.7,0.8,10.9,0.0,0.0,0.0,16.6,15.6,0.0,0.0,0.0,0.0,0.0,0.0,0.0,0.0,0.0,0.0,0.0,8.6,7.1,0.0,0.0,0.0
2026-08-11,2:30,0.0,0.0,17.0,8.0,70.1,0.1,2.3,0.0,0.0,0.0,15.8,15.1,0.0,0.0,0.0,0.0,0.0,0.0,0.0,0.0,0.0,0.0,0.0,8.3,9.9,0.0,0.0,0.0
2026-08-11,3:00,0.0,0.0,15.0,9.2,33.1,0.2,7.8,0.0,0.0,0.0,15.8,14.0,0.0,0.0,0.0,0.0,0.0,0.0,0.0,0.0,0.0,0.0,0.0,6.2,10.9,0.0,0.0,0.0
2026-08-11,3:30,0.0,0.0,11.6,11.9,1.5,0.0,3.8,0.0,0.0,0.0,15.4,15.6,0.0,0.0,0.0,0.0,0.0,0.0,0.0,0.0,0.0,0.0,0.0,0.5,18.7,0.0,0.0,0.0
2026-08-11,4:00,0.0,0.0,12.4,10.4,0.0,0.1,0.3,0.0,0.0,0.0,15.5,14.7,0.0,0.0,0.0,0.0,0.0,0.0,0.0,0.0,0.0,0.0,0.0,0.1,10.0,0.0,0.0,0.0
2026-08-11,4:30,0.0,0.0,7.5,10.9,0.0,0.0,1.5,0.0,0.0,0.0,13.0,15.2,0.0,0.0,0.0,0.0,0.0,0.0,0.0,0.0,0.0,0.0,0.0,0.5,5.0,0.0,0.0,0.0
2026-08-11,5:00,0.0,0.0,5.6,13.8,0.0,1.2,6.9,0.0,0.0,0.0,15.5,14.1,0.0,0.0,0.0,0.0,0.0,0.0,0.0,0.0,0.0,0.0,0.0,0.0,1.4,0.0,0.0,0.0
2026-08-11,5:30,0.0,0.0,4.1,13.8,0.0,0.0,0.0,0.0,0.0,0.0,16.0,15.1,0.0,0.0,0.0,0.0,0.0,0.0,0.0,0.0,0.0,0.0,0.0,0.0,0.1,0.0,0.0,0.0
2026-08-11,6:00,0.0,0.0,1.8,16.7,0.0,0.0,0.8,0.0,0.0,0.0,15.9,14.9,0.0,0.0,0.0,0.0,0.0,0.0,0.0,0.0,0.0,0.0,0.0,0.0,0.0,0.0,0.1,0.0
2026-08-11,6:30,0.0,0.0,0.0,15.9,6.8,0.0,2.3,0.3,0.0,1.9,15.5,14.6,3.9,3.3,1.6,0.0,0.3,0.5,0.0,0.0,3.4,4.1,0.3,0.0,0.0,0.3,1.9,0.0
2026-08-11,7:00,0.0,0.0,0.0,13.7,1.8,0.0,0.9,1.8,0.6,18.8,15.7,15.1,48.3,55.2,23.7,0.0,1.6,1.6,0.0,0.0,7.9,10.1,1.7,0.5,0.5,2.9,2.2,0.0
2026-08-11,7:30,0.0,0.0,0.1,16.9,2.7,0.0,3.1,14.5,2.4,48.6,15.0,15.0,143.8,112.8,56.3,0.0,5.6,3.4,0.0,0.0,14.1,18.1,4.5,0.9,0.6,5.3,8.7,0.0
2026-08-11,8:00,0.0,0.1,0.0,18.5,1.3,0.0,0.2,25.9,18.0,67.8,14.2,15.2,192.3,151.6,77.7,0.0,8.3,7.3,0.0,15.6,62.6,113.1,9.6,0.9,0.8,7.9,11.7,0.0
2026-08-11,8:30,0.1,0.7,1.8,21.9,9.9,0.0,3.7,30.8,37.0,69.5,17.3,15.1,206.3,167.9,84.5,0.2,9.4,13.0,0.0,2.4,84.7,113.8,15.8,5.8,9.3,9.7,13.4,0.0
2026-08-11,9:00,0.1,0.8,3.5,19.0,6.4,0.5,4.2,31.2,40.7,76.4,17.6,15.5,213.5,173.1,87.9,0.1,12.6,12.4,0.0,0.0,87.8,118.5,15.2,2.0,6.0,12.0,15.6,0.0
2026-08-11,9:30,0.1,0.9,3.0,21.5,6.2,0.6,19.1,31.5,40.9,75.6,18.0,15.4,221.3,180.4,91.1,0.1,14.0,12.9,0.0,0.0,88.6,119.6,16.0,1.4,2.9,6.7,15.3,0.0
2026-08-11,10:00,0.2,1.1,4.4,21.0,8.6,1.1,11.1,31.7,41.5,74.2,18.2,15.5,141.4,145.6,92.8,0.1,14.9,12.9,0.0,0.0,88.1,118.3,15.8,0.7,2.7,15.3,15.8,0.0
2026-08-11,10:30,0.4,1.1,2.2,20.8,10.6,1.7,19.8,31.4,41.9,73.0,17.6,14.0,216.9,169.1,89.4,0.1,15.8,12.7,0.0,0.0,89.4,119.1,15.1,1.1,6.3,15.7,15.2,0.0
2026-08-11,11:00,0.4,1.2,0.7,20.6,14.4,2.9,32.8,31.3,41.8,73.1,16.4,15.5,238.8,184.7,81.7,0.2,16.5,12.7,0.0,0.0,90.6,121.0,15.7,1.9,10.8,17.3,16.0,0.0
2026-08-11,11:30,0.4,1.3,1.3,18.5,8.7,2.5,24.3,30.9,41.5,70.8,17.7,15.5,222.9,178.7,86.6,0.3,17.0,12.2,0.0,0.0,90.4,120.9,15.3,1.7,5.2,17.5,15.5,0.0
2026-08-11,12:00,0.4,1.3,3.6,22.2,12.2,2.6,28.5,31.2,40.9,69.6,18.2,15.6,218.7,176.7,70.2,0.1,14.7,12.4,0.0,0.0,90.2,120.3,15.1,1.6,4.9,16.5,15.4,0.0
2026-08-11,12:30,0.4,1.3,12.3,23.1,16.9,3.6,29.8,31.3,41.2,70.1,18.2,15.5,212.0,174.8,83.7,0.5,15.5,12.0,0.0,0.0,87.3,121.1,15.0,2.5,10.1,16.2,15.5,0.0
2026-08-11,13:00,0.4,1.2,22.6,22.6,18.0,3.1,28.9,31.0,40.9,69.6,18.1,15.6,206.1,172.9,86.4,0.4,15.9,11.2,20.1,2.6,82.8,119.2,14.5,3.4,12.2,16.3,14.9,0.0
2026-08-11,13:30,0.4,1.2,50.1,20.3,22.9,3.6,37.6,28.0,40.9,64.7,18.2,15.5,202.2,176.7,88.5,0.4,14.7,10.2,2.4,0.0,85.2,114.9,12.9,4.5,21.2,15.7,14.5,0.0
2026-08-11,14:00,0.4,1.2,61.7,22.6,55.2,5.2,36.0,30.7,40.8,57.5,17.1,14.7,185.1,168.4,83.0,0.4,0.0,9.6,0.0,0.0,71.0,104.4,12.1,10.2,42.5,11.6,11.9,0.0
2026-08-11,14:30,0.3,1.0,71.3,26.1,53.2,5.1,45.1,31.2,40.8,65.3,17.1,15.5,164.0,154.1,75.6,0.4,0.0,11.0,3.4,0.0,62.7,94.8,12.8,10.1,39.7,11.5,4.9,0.81
2026-08-11,15:00,0.3,0.9,66.6,26.1,26.1,4.2,48.8,28.1,41.0,39.0,17.7,15.3,131.1,135.0,62.0,0.3,8.7,11.6,3.7,0.0,56.2,78.4,14.7,4.8,17.9,9.5,2.2,3.62
2026-08-11,15:30,0.2,0.8,62.6,26.3,9.7,3.8,44.5,14.0,39.9,40.3,17.8,15.3,83.6,79.3,38.3,0.3,5.7,9.7,9.5,0.0,65.2,88.4,11.9,1.7,5.2,7.1,0.7,3.948
2026-08-11,16:00,0.2,0.7,61.7,27.5,7.4,5.7,42.8,22.9,40.5,21.6,18.0,15.6,46.8,44.8,21.7,0.2,4.1,8.1,109.1,44.3,55.2,68.7,11.2,0.6,2.8,4.0,0.1,3.558
2026-08-11,16:30,0.1,0.2,63.4,28.5,10.7,1.8,18.6,14.7,32.3,10.8,17.7,15.5,27.9,26.2,12.9,0.2,1.9,2.6,123.8,91.6,32.7,40.9,4.0,2.3,6.9,1.3,0.0,3.226
2026-08-11,17:00,0.1,0.1,72.1,29.8,5.7,1.6,17.4,2.3,21.9,3.7,17.2,15.6,10.0,8.1,3.9,0.1,0.8,0.8,119.5,116.1,12.4,15.3,1.1,1.4,5.8,0.4,0.0,2.366
2026-08-11,17:30,0.0,0.0,65.7,30.3,11.6,1.1,12.3,0.0,3.3,0.0,16.0,15.0,0.2,0.4,0.1,0.1,0.0,0.1,151.6,119.1,0.3,0.3,0.1,3.1,6.2,0.0,0.0,0.747
2026-08-11,18:00,0.0,0.0,65.2,30.3,12.8,0.0,4.2,0.0,0.1,0.0,17.1,15.6,0.0,0.0,0.0,0.0,0.0,0.0,156.5,121.2,0.0,0.0,0.0,2.8,6.1,0.0,0.0,0.017
2026-08-11,18:30,0.0,0.0,59.3,30.3,6.2,0.0,3.4,0.0,0.0,0.0,17.7,15.6,0.0,0.0,0.0,0.0,0.0,0.0,117.9,116.9,0.0,0.0,0.0,1.6,2.6,0.0,0.0,0.0
2026-08-11,19:00,0.0,0.0,43.5,30.3,9.3,1.6,10.1,0.0,0.0,0.0,16.4,15.0,0.0,0.0,0.0,0.0,0.0,0.0,41.2,56.1,0.0,0.0,0.0,1.7,3.2,0.0,0.0,0.0
2026-08-11,19:30,0.0,0.0,28.2,30.2,11.8,0.1,8.0,0.0,0.0,0.0,16.4,14.6,0.0,0.0,0.0,0.0,0.0,0.0,20.0,28.8,0.0,0.0,0.0,3.1,6.4,0.0,0.0,0.0
2026-08-11,20:00,0.0,0.0,33.5,29.7,16.6,0.1,10.5,0.0,0.0,0.0,17.2,14.8,0.0,0.0,0.0,0.0,0.0,0.0,44.8,46.5,0.0,0.0,0.0,3.3,5.4,0.0,0.0,0.0
2026-08-11,20:30,0.0,0.0,52.2,27.8,15.7,0.4,12.4,0.0,0.0,0.0,17.0,15.6,0.0,0.0,0.0,0.0,0.0,0.0,65.2,70.6,0.0,0.0,0.0,3.3,4.7,0.0,0.0,0.0
2026-08-11,21:00,0.0,0.0,51.5,19.0,15.9,1.8,19.6,0.0,0.0,0.0,15.7,15.6,0.0,0.0,0.0,0.0,0.0,0.0,55.5,63.6,0.0,0.0,0.0,2.7,3.8,0.0,0.0,0.0
2026-08-11,21:30,0.0,0.0,45.7,10.9,13.3,1.6,18.3,0.0,0.0,0.0,16.8,14.8,0.0,0.0,0.0,0.0,0.0,0.0,56.2,52.5,0.0,0.0,0.0,3.3,3.4,0.0,0.0,0.0
2026-08-11,22:00,0.0,0.0,34.1,11.5,11.5,0.3,23.3,0.0,0.0,0.0,17.6,15.6,0.0,0.0,0.0,0.0,0.0,0.0,46.6,43.4,0.0,0.0,0.0,2.0,6.6,0.0,0.0,0.0
2026-08-11,22:30,0.0,0.0,32.5,11.2,26.8,1.5,22.7,0.0,0.0,0.0,17.9,15.6,0.0,0.0,0.0,0.0,0.0,0.0,16.7,13.5,0.0,0.0,0.0,5.8,7.5,0.0,0.0,0.0
2026-08-11,23:00,0.0,0.0,31.2,11.1,18.8,2.5,33.3,0.0,0.0,0.0,18.2,15.2,0.0,0.0,0.0,0.0,0.0,0.0,4.0,4.9,0.0,0.0,0.0,3.5,5.6,0.0,0.0,0.0
2026-08-11,23:30,0.0,0.0,17.9,20.8,21.7,4.1,51.2,0.0,0.0,0.0,18.0,15.6,0.0,0.0,0.0,0.0,0.0,0.0,1.2,0.4,0.0,0.0,0.0,3.2,8.4,0.0,0.0,0.0
2026-08-11,0:00,0.0,0.0,11.4,18.7,28.5,5.7,64.8,0.0,0.0,0.0,17.4,15.5,0.0,0.0,0.0,0.0,0.0,0.0,4.8,5.1,0.0,0.0,0.0,5.5,10.4,0.0,0.0,0.0
2026-08-12,0:30,0.0,0.0,16.0,16.7,19.7,3.8,54.8,0.0,0.0,0.0,17.6,15.5,0.0,0.0,0.0,0.0,0.0,0.0,9.4,9.7,0.0,0.0,0.0,4.3,11.5,0.0,0.0,0.0
2026-08-12,1:00,0.0,0.0,19.4,15.9,23.8,1.4,44.9,0.0,0.0,0.0,16.8,15.1,0.0,0.0,0.0,0.0,0.0,0.0,12.5,11.7,0.0,0.0,0.0,5.0,10.3,0.0,0.0,0.0
2026-08-12,1:30,0.0,0.0,37.2,13.2,30.7,2.9,46.7,0.0,0.0,0.0,15.4,13.8,0.0,0.0,0.0,0.0,0.0,0.0,10.7,10.2,0.0,0.0,0.0,6.8,17.3,0.0,0.0,0.0
2026-08-12,2:00,0.0,0.0,37.6,15.0,33.3,4.5,42.7,0.0,0.0,0.0,14.3,14.3,0.0,0.0,0.0,0.0,0.0,0.0,6.0,4.0,0.0,0.0,0.0,7.5,16.5,0.0,0.0,0.0
2026-08-12,2:30,0.0,0.0,26.8,15.6,26.9,2.1,38.8,0.0,0.0,0.0,13.7,13.9,0.0,0.0,0.0,0.0,0.0,0.0,16.2,18.7,0.0,0.0,0.0,6.0,16.7,0.0,0.0,0.0
2026-08-12,3:00,0.0,0.0,24.2,12.9,31.1,2.1,35.0,0.0,0.0,0.0,14.4,14.7,0.0,0.0,0.0,0.0,0.0,0.0,9.6,12.7,0.0,0.0,0.0,7.7,21.0,0.0,0.0,0.0
2026-08-12,3:30,0.0,0.0,22.3,19.8,29.5,3.7,33.2,0.0,0.0,0.0,14.8,14.9,0.0,0.0,0.0,0.0,0.0,0.0,1.1,1.2,0.0,0.0,0.0,6.6,21.2,0.0,0.0,0.0
2026-08-12,4:00,0.0,0.0,22.6,24.3,26.4,2.1,30.6,0.0,0.0,0.0,14.3,14.1,0.0,0.0,0.0,0.0,0.0,0.0,8.2,8.1,0.0,0.0,0.0,8.5,20.1,0.0,0.0,0.0
2026-08-12,4:30,0.0,0.0,13.5,21.3,27.7,1.1,54.7,0.0,0.0,0.0,14.9,14.3,0.0,0.0,0.0,0.0,0.0,0.0,3.2,5.6,0.0,0.0,0.0,7.0,15.6,0.0,0.0,0.0
2026-08-12,5:00,0.0,0.0,8.4,19.0,25.7,3.6,71.6,0.0,0.0,0.0,14.3,13.1,0.0,0.0,0.0,0.0,0.0,0.0,3.5,5.0,0.0,0.0,0.0,6.9,19.9,0.0,0.0,0.0
2026-08-12,5:30,0.0,0.0,3.5,18.8,27.6,4.2,85.2,0.0,0.0,0.0,16.0,14.7,0.0,0.0,0.0,0.0,0.0,0.0,0.0,0.0,0.0,0.0,0.0,5.5,15.9,0.0,0.0,0.0
2026-08-12,6:00,0.0,0.0,3.7,21.4,19.3,5.9,68.6,0.0,0.0,0.0,16.1,13.5,0.0,0.0,0.0,0.0,0.0,0.0,0.0,0.0,0.0,0.0,0.0,4.6,12.6,0.0,0.0,0.0
2026-08-12,6:30,0.0,0.0,6.2,21.8,20.8,4.4,60.1,1.0,0.0,1.7,14.9,14.0,6.9,5.9,2.6,0.0,0.0,0.6,3.4,1.2,3.9,4.8,0.4,6.0,9.8,0.1,0.0,0.004
2026-08-12,7:00,0.0,0.0,2.9,16.9,29.3,4.4,55.2,7.2,1.9,10.0,15.8,14.8,38.0,29.5,12.5,0.0,1.6,2.7,7.1,7.4,22.4,28.6,2.7,6.3,10.0,2.0,0.3,0.126
2026-08-12,7:30,0.0,0.1,6.0,13.1,22.6,3.6,53.9,16.6,11.7,26.3,17.8,15.4,100.7,73.0,35.4,0.0,3.7,6.1,23.0,15.3,52.7,67.8,6.2,5.0,11.9,4.1,1.0,0.418
2026-08-12,8:00,0.1,0.2,11.7,17.0,24.3,4.9,57.1,25.5,24.9,43.3,17.9,15.3,157.4,124.9,61.5,0.1,6.0,7.6,29.1,21.2,72.6,99.0,9.4,4.9,11.3,6.3,2.9,0.847
2026-08-12,8:30,0.1,0.6,10.6,19.3,28.9,4.7,71.8,28.3,36.9,53.2,17.7,14.0,178.9,143.8,71.6,0.1,8.1,8.9,30.0,25.4,78.9,107.2,12.4,8.4,18.2,8.5,3.3,0.682
2026-08-12,9:00,0.3,0.8,7.9,23.4,25.7,7.9,83.7,29.1,38.5,57.7,17.6,15.2,191.3,155.1,77.7,0.3,9.9,10.9,27.8,24.5,80.9,110.4,13.9,6.9,15.0,10.2,2.9,0.867
2026-08-12,9:30,0.3,0.9,7.8,19.5,24.7,9.7,112.9,29.4,39.7,60.1,18.0,15.5,194.1,157.7,79.1,0.3,11.5,11.5,34.6,29.3,85.0,115.2,14.3,7.1,12.1,12.2,3.2,1.388
2026-08-12,10:00,0.4,1.0,7.7,20.0,26.0,12.6,131.7,29.6,40.5,61.3,17.8,15.6,196.9,160.6,81.0,0.4,12.8,12.2,36.6,21.9,85.7,116.0,15.0,6.2,10.7,13.6,4.9,2.007
2026-08-12,10:30,0.4,1.1,7.1,17.8,29.5,16.1,133.1,29.8,40.8,62.4,18.1,15.6,200.3,164.0,82.5,0.4,13.6,12.2,51.2,23.7,85.8,115.8,15.0,6.3,13.9,14.9,7.8,2.635
2026-08-12,11:00,0.4,1.2,10.3,18.9,28.6,13.0,133.7,30.0,41.0,63.7,18.2,15.6,201.6,167.6,85.0,0.4,14.6,12.0,72.5,35.1,85.7,115.0,14.8,6.7,16.9,15.7,11.6,3.163
2026-08-12,11:30,0.4,1.2,19.6,19.9,37.6,12.0,123.9,30.0,41.2,62.9,17.6,14.6,201.3,169.8,84.5,0.4,15.7,12.1,117.3,69.1,86.7,114.4,14.8,8.3,19.8,16.3,13.8,3.637
2026-08-12,12:00,0.4,1.3,26.7,21.1,32.1,10.5,97.2,30.1,41.2,60.9,17.2,15.1,202.6,170.3,84.6,0.4,15.6,12.2,104.5,66.2,87.7,117.0,15.1,9.2,23.0,15.4,13.7,4.028
2026-08-12,12:30,0.4,1.2,34.5,23.7,58.7,11.0,90.5,29.9,41.4,66.4,17.5,15.5,207.5,167.1,83.0,0.4,15.9,12.2,64.0,42.9,85.9,114.6,15.1,13.4,33.8,15.4,13.7,4.326
2026-08-12,13:00,0.4,1.2,37.1,21.4,66.0,15.0,100.1,29.7,40.9,62.7,18.2,15.2,207.0,168.4,85.0,0.4,15.4,12.2,63.7,37.4,86.4,113.5,15.1,17.0,46.4,15.5,14.1,4.516
2026-08-12,13:30,0.4,1.2,40.7,22.1,74.3,10.7,101.6,30.4,41.4,65.1,17.7,15.4,205.6,163.2,81.0,0.4,14.7,11.9,92.5,46.9,88.4,115.6,14.9,17.1,50.2,13.9,13.6,4.666
2026-08-12,14:00,0.4,1.1,35.6,20.7,83.3,9.9,86.8,30.4,41.6,65.8,18.2,15.6,199.4,159.5,79.7,0.4,13.7,11.9,84.6,42.2,84.0,115.2,15.0,17.6,55.8,13.0,13.2,4.686
2026-08-12,14:30,0.3,1.0,39.5,19.6,87.1,9.6,73.7,29.7,41.2,65.1,18.1,15.0,199.6,161.7,81.7,0.4,12.1,11.7,112.1,57.6,81.8,112.9,14.8,18.4,53.1,11.8,12.9,4.6
2026-08-12,15:00,0.3,0.9,45.7,17.9,68.7,9.6,83.9,28.4,40.0,64.5,17.5,15.5,194.5,157.3,80.5,0.3,10.2,11.4,112.5,70.9,79.4,105.9,14.2,15.9,51.7,10.2,11.6,4.444
2026-08-12,15:30,0.3,0.8,45.7,13.9,75.9,14.2,84.2,25.6,38.1,59.8,18.1,15.5,189.1,151.7,76.8,0.3,8.1,10.5,108.0,83.5,74.7,98.6,13.0,16.5,53.2,8.2,7.8,4.182
2026-08-12,16:00,0.2,0.6,41.5,12.9,71.8,9.2,74.4,20.8,34.9,51.6,18.2,15.0,164.4,133.3,68.5,0.2,5.8,9.4,96.0,97.2,62.9,78.0,11.5,16.1,53.0,5.7,4.0,3.791
2026-08-12,16:30,0.1,0.4,31.2,10.9,82.6,7.5,60.2,11.9,30.7,27.1,17.5,15.4,102.0,74.9,38.9,0.2,3.5,6.7,106.6,99.8,36.3,44.6,8.5,18.2,56.8,3.3,0.7,3.252
2026-08-12,17:00,0.1,0.1,29.7,10.4,72.1,6.1,50.5,4.0,18.7,9.2,17.4,14.8,34.5,28.4,13.2,0.1,1.5,2.3,116.1,116.0,12.1,13.1,2.9,15.6,52.1,1.4,0.1,3.942
2026-08-12,17:30,0.0,0.0,23.2,9.3,66.2,4.8,43.6,0.0,6.2,0.0,17.1,15.6,2.2,2.5,1.1,0.1,0.0,0.2,88.3,86.2,0.7,0.6,0.2,14.7,49.9,0.0,0.0,1.431
2026-08-12,18:00,0.0,0.0,20.4,6.1,71.4,4.3,37.9,0.0,0.2,0.0,17.9,15.6,0.0,0.0,0.0,0.0,0.0,0.0,63.6,68.3,0.0,0.0,0.0,13.1,40.1,0.0,0.0,0.042
2026-08-12,18:30,0.0,0.0,18.9,3.6,77.7,3.0,33.1,0.0,0.0,0.0,17.9,15.3,0.0,0.0,0.0,0.0,0.0,0.0,18.9,25.9,0.0,0.0,0.0,12.1,36.2,0.0,0.0,0.0
2026-08-12,19:00,0.0,0.0,13.8,3.4,61.8,2.7,27.8,0.0,0.0,0.0,17.9,15.6,0.0,0.0,0.0,0.0,0.0,0.0,0.8,3.3,0.0,0.0,0.0,10.6,27.3,0.0,0.0,0.0
2026-08-12,19:30,0.0,0.0,11.7,3.4,49.0,2.4,24.2,0.0,0.0,0.0,16.7,15.6,0.0,0.0,0.0,0.0,0.0,0.0,0.0,0.0,0.0,0.0,0.0,9.3,24.2,0.0,0.0,0.0
2026-08-12,20:00,0.0,0.0,9.9,4.2,35.1,1.9,20.2,0.0,0.0,0.0,17.5,15.4,0.0,0.0,0.0,0.0,0.0,0.0,1.0,0.0,0.0,0.0,0.0,5.9,18.1,0.0,0.0,0.0
2026-08-12,20:30,0.0,0.0,6.8,4.5,27.5,1.4,16.5,0.0,0.0,0.0,17.2,15.4,0.0,0.0,0.0,0.0,0.0,0.0,1.0,0.0,0.0,0.0,0.0,4.5,13.8,0.0,0.0,0.0
2026-08-12,21:00,0.0,0.0,7.0,3.9,19.0,0.4,15.5,0.0,0.0,0.0,15.1,14.8,0.0,0.0,0.0,0.0,0.0,0.0,0.0,0.0,0.0,0.0,0.0,4.8,14.0,0.0,0.0,0.0
2026-08-12,21:30,0.0,0.0,5.3,4.7,15.0,0.6,15.0,0.0,0.0,0.0,15.1,14.6,0.0,0.0,0.0,0.0,0.0,0.0,0.0,0.0,0.0,0.0,0.0,4.1,13.2,0.0,0.0,0.0
2026-08-12,22:00,0.0,0.0,7.7,4.3,12.7,0.1,10.5,0.0,0.0,0.0,14.9,14.0,0.0,0.0,0.0,0.0,0.0,0.0,0.0,0.0,0.0,0.0,0.0,3.4,10.8,0.0,0.0,0.0
2026-08-12,22:30,0.0,0.0,7.8,4.4,3.2,0.0,4.9,0.0,0.0,0.0,14.9,14.2,0.0,0.0,0.0,0.0,0.0,0.0,0.0,0.0,0.0,0.0,0.0,1.6,3.4,0.0,0.0,0.0
2026-08-12,23:00,0.0,0.0,6.1,4.5,4.0,0.0,4.3,0.0,0.0,0.0,14.4,14.7,0.0,0.0,0.0,0.0,0.0,0.0,0.0,0.0,0.0,0.0,0.0,0.6,0.9,0.0,0.0,0.0
2026-08-12,23:30,0.0,0.0,3.6,5.5,1.4,0.0,8.0,0.0,0.0,0.0,14.6,14.8,0.0,0.0,0.0,0.0,0.0,0.0,0.0,0.0,0.0,0.0,0.0,0.0,0.0,0.0,0.0,0.0
2026-08-12,0:00,0.0,0.0,4.4,6.6,1.4,0.0,1.1,0.0,0.0,0.0,14.5,14.8,0.0,0.0,0.0,0.0,0.0,0.0,0.0,0.0,0.0,0.0,0.0,0.0,0.0,0.0,0.0,0.0
2026-08-13,0:30,0.0,0.0,4.7,6.8,1.1,0.2,8.3,0.0,0.0,0.0,14.3,15.2,0.0,0.0,0.0,0.0,0.0,0.0,0.0,0.0,0.0,0.0,0.0,0.0,0.0,0.0,0.0,0.0
2026-08-13,1:00,0.0,0.0,5.5,7.7,1.1,0.2,7.1,0.0,0.0,0.0,14.5,15.1,0.0,0.0,0.0,0.0,0.0,0.0,0.3,0.0,0.0,0.0,0.0,0.0,0.0,0.0,0.0,0.0
2026-08-13,1:30,0.0,0.0,3.9,8.4,0.0,0.0,7.3,0.0,0.0,0.0,14.1,14.9,0.0,0.0,0.0,0.0,0.0,0.0,0.3,0.0,0.0,0.0,0.0,0.0,0.0,0.0,0.0,0.0
2026-08-13,2:00,0.0,0.0,3.0,7.5,0.0,0.4,10.0,0.0,0.0,0.0,12.9,13.3,0.0,0.0,0.0,0.0,0.0,0.0,0.0,0.0,0.0,0.0,0.0,0.0,0.0,0.0,0.0,0.0
2026-08-13,2:30,0.0,0.0,4.8,9.6,0.0,0.1,14.2,0.0,0.0,0.0,11.3,10.9,0.0,0.0,0.0,0.0,0.0,0.0,0.0,0.0,0.0,0.0,0.0,0.0,0.0,0.0,0.0,0.0
2026-08-13,3:00,0.0,0.0,6.4,10.5,0.0,0.0,8.1,0.0,0.0,0.0,11.2,10.5,0.0,0.0,0.0,0.0,0.0,0.0,0.0,0.0,0.0,0.0,0.0,0.0,0.0,0.0,0.0,0.0
2026-08-13,3:30,0.0,0.0,10.1,13.3,0.0,0.3,17.5,0.0,0.0,0.0,9.5,10.5,0.0,0.0,0.0,0.0,0.0,0.0,0.0,0.0,0.0,0.0,0.0,0.0,0.0,0.0,0.0,0.0
2026-08-13,4:00,0.0,0.0,14.9,14.6,0.0,0.3,9.8,0.0,0.0,0.0,10.5,10.7,0.0,0.0,0.0,0.0,0.0,0.0,0.0,0.0,0.0,0.0,0.0,0.5,0.0,0.0,0.0,0.0
2026-08-13,4:30,0.0,0.0,14.1,12.9,6.8,0.0,3.6,0.0,0.0,0.0,12.0,12.6,0.0,0.0,0.0,0.0,0.0,0.0,0.0,0.0,0.0,0.0,0.0,0.0,0.0,0.0,0.0,0.0
2026-08-13,5:00,0.0,0.0,10.1,9.8,3.9,0.0,5.5,0.0,0.0,0.0,13.1,12.9,0.0,0.0,0.0,0.0,0.0,0.0,0.0,0.0,0.0,0.0,0.0,0.7,2.6,0.0,0.0,0.0
2026-08-13,5:30,0.0,0.0,4.7,10.2,0.8,0.2,8.3,0.0,0.0,0.0,13.7,14.2,0.0,0.0,0.0,0.0,0.0,0.0,0.0,0.0,0.0,0.0,0.0,1.0,4.0,0.0,0.0,0.0
2026-08-13,6:00,0.0,0.0,4.4,10.3,0.0,0.0,4.9,0.0,0.0,0.0,12.7,14.6,0.0,0.0,0.0,0.0,0.0,0.0,1.2,0.0,0.0,0.0,0.0,0.0,0.4,0.0,0.0,0.0
2026-08-13,6:30,0.0,0.0,3.7,11.2,0.0,0.4,3.4,1.0,2.2,3.1,13.3,13.9,9.3,8.2,3.9,0.0,0.0,1.0,3.4,0.0,4.4,6.2,0.6,0.0,0.0,0.6,0.9,0.015
2026-08-13,7:00,0.0,0.0,3.8,9.7,0.4,0.0,0.4,7.8,11.8,19.9,14.6,13.6,68.7,55.2,26.2,0.0,2.3,5.7,2.8,0.0,29.1,39.4,5.8,0.0,0.0,2.9,10.3,0.35
2026-08-13,7:30,0.0,0.1,1.6,8.8,0.0,0.0,2.7,17.4,25.1,43.5,10.6,14.8,144.3,109.8,57.6,0.0,4.7,9.8,2.5,0.0,63.4,81.7,12.2,0.0,0.0,5.4,9.6,0.769
2026-08-13,8:00,0.0,0.1,0.7,11.3,0.0,0.0,12.5,26.3,35.7,60.8,12.4,14.5,190.7,156.7,78.8,0.0,7.1,10.8,4.5,0.0,81.6,112.9,14.1,0.0,0.0,7.8,7.2,1.291
2026-08-13,8:30,0.0,0.5,0.1,15.9,0.0,0.0,10.2,29.5,37.7,64.9,14.4,12.8,202.4,165.4,83.4,0.1,9.3,11.3,1.2,0.0,85.1,116.4,14.9,0.0,0.0,10.0,4.5,1.997
2026-08-13,9:00,0.1,0.8,1.7,16.5,0.0,0.0,4.1,30.5,39.1,66.0,16.5,14.7,208.6,172.0,86.4,0.1,11.4,11.5,1.9,0.0,86.5,117.9,15.2,0.0,0.0,11.8,7.1,2.675
2026-08-13,9:30,0.0,0.9,1.4,14.2,0.0,0.0,0.5,30.4,39.4,66.4,18.0,15.6,212.6,174.9,88.2,0.1,12.9,11.6,4.0,0.0,87.2,118.0,15.4,0.0,0.0,13.7,8.6,4.757
2026-08-13,10:00,0.1,1.1,1.2,15.6,0.0,0.0,3.3,30.7,39.9,67.5,18.2,14.8,214.0,176.4,89.2,0.1,14.3,12.3,7.2,0.0,87.8,118.6,15.6,0.0,0.0,15.2,6.1,7.975
2026-08-13,10:30,0.1,1.2,1.3,16.3,0.0,0.1,3.5,30.9,40.0,67.8,18.2,15.2,214.9,177.6,89.6,0.1,15.3,12.4,7.6,0.0,88.6,118.6,15.8,0.0,0.0,16.3,8.8,8.45
2026-08-13,11:00,0.1,1.2,4.3,17.6,0.0,0.5,4.2,30.6,39.8,67.7,17.8,15.5,215.3,178.3,90.2,0.2,16.0,12.4,11.2,0.0,88.0,118.2,15.8,0.0,0.0,17.0,15.5,10.348
2026-08-13,11:30,0.1,1.3,3.6,19.5,0.0,3.0,12.9,30.5,39.6,68.9,17.7,15.5,218.2,179.0,90.3,0.2,16.8,12.4,11.5,0.0,88.7,118.6,15.8,0.0,0.0,17.4,15.7,12.015
2026-08-13,12:00,0.1,1.3,5.7,19.4,0.0,0.5,4.1,30.7,40.0,70.0,18.1,14.9,217.5,178.2,90.3,0.2,17.6,12.3,12.4,0.0,91.0,121.5,15.6,0.0,0.0,17.6,7.4,13.141
2026-08-13,12:30,0.1,1.3,8.6,23.3,2.9,1.3,9.2,31.4,40.9,70.2,18.1,15.6,222.6,181.0,90.9,0.2,17.5,12.3,13.2,0.0,91.0,120.7,15.7,1.5,4.1,17.0,4.0,13.975
2026-08-13,13:00,0.2,1.3,12.3,23.8,0.0,2.4,16.9,31.7,41.0,72.6,18.1,15.6,227.4,180.4,91.2,0.1,17.1,12.5,13.7,0.0,91.1,122.1,15.5,0.0,0.0,16.3,5.3,14.474
2026-08-13,13:30,0.2,1.2,11.8,25.4,0.0,2.8,21.4,31.6,40.7,72.3,17.9,15.4,228.0,184.2,93.0,0.1,15.8,12.9,42.1,0.0,90.6,122.0,15.9,0.0,0.0,16.3,14.6,14.828
2026-08-13,14:00,0.2,1.1,17.3,26.5,0.0,3.4,28.1,31.1,40.2,71.4,18.1,15.2,226.3,182.9,92.1,0.1,14.5,12.8,63.3,24.6,90.2,122.2,16.0,0.2,1.0,14.9,15.3,15.252
2026-08-13,14:30,0.2,1.0,22.3,26.7,0.0,2.9,25.6,30.7,39.7,70.5,17.3,15.2,224.9,180.7,91.1,0.1,13.0,11.8,85.9,68.4,90.5,123.9,15.0,0.1,0.5,13.4,10.1,15.145
2026-08-13,15:00,0.1,0.9,24.8,27.8,0.6,2.3,27.3,29.7,37.6,70.4,17.7,15.6,207.1,171.8,86.7,0.1,11.3,7.8,82.3,70.0,82.7,114.8,7.5,0.4,1.1,11.7,0.8,14.571
2026-08-13,15:30,0.2,0.8,25.7,28.0,1.7,3.2,27.2,27.0,34.2,68.2,17.2,15.3,207.8,165.8,83.8,0.2,9.1,10.4,71.9,57.4,83.7,115.9,10.8,0.4,2.3,8.7,0.3,13.566
2026-08-13,16:00,0.2,0.6,24.3,28.0,4.7,2.9,36.5,22.7,31.4,59.7,17.2,15.1,196.7,156.9,79.4,0.3,6.8,11.2,114.9,95.5,73.7,95.0,13.1,1.8,5.0,6.8,0.2,12.298
2026-08-13,16:30,0.1,0.5,23.7,28.3,10.0,3.8,37.5,12.9,18.8,32.6,17.5,15.6,139.0,101.7,53.3,0.1,4.2,7.9,137.5,125.9,44.1,55.7,10.9,2.2,6.3,4.3,0.0,10.425
2026-08-13,17:00,0.0,0.2,21.5,28.5,12.6,3.9,37.6,3.5,5.1,11.6,17.9,15.4,50.2,39.2,20.3,0.1,1.7,3.2,148.0,127.4,17.0,17.8,3.5,3.3,9.9,1.8,0.0,7.279
2026-08-13,17:30,0.0,0.1,24.0,28.4,11.6,2.3,29.5,0.0,0.2,0.5,17.5,15.2,2.7,2.5,1.1,0.1,0.1,0.2,127.9,129.2,0.8,0.6,0.2,2.4,7.4,0.0,0.0,1.96
2026-08-13,18:00,0.0,0.0,29.7,28.5,15.0,3.1,26.1,0.0,0.0,0.0,16.5,14.0,0.0,0.0,0.0,0.0,0.0,0.0,95.8,110.2,0.0,0.0,0.0,3.1,8.5,0.0,0.0,0.0
2026-08-13,18:30,0.0,0.0,42.6,28.4,16.6,0.6,16.5,0.0,0.0,0.0,14.9,14.0,0.0,0.0,0.0,0.0,0.0,0.0,98.1,114.7,0.0,0.0,0.0,3.4,10.5,0.0,0.0,0.0
2026-08-13,19:00,0.0,0.0,46.3,28.5,15.8,0.9,20.4,0.0,0.0,0.0,13.9,13.2,0.0,0.0,0.0,0.0,0.0,0.0,68.6,86.1,0.0,0.0,0.0,4.5,13.6,0.0,0.0,0.0
2026-08-13,19:30,0.0,0.0,50.9,28.4,15.6,1.0,23.0,0.0,0.0,0.0,15.9,15.1,0.0,0.0,0.0,0.0,0.0,0.0,59.5,65.5,0.0,0.0,0.0,4.7,13.0,0.0,0.0,0.0
2026-08-13,20:00,0.0,0.0,63.4,25.1,16.7,0.6,34.0,0.0,0.0,0.0,14.2,13.9,0.0,0.0,0.0,0.0,0.0,0.0,54.0,56.9,0.0,0.0,0.0,5.1,14.1,0.0,0.0,0.0
2026-08-13,20:30,0.0,0.0,70.6,25.1,12.6,1.0,37.1,0.0,0.0,0.0,14.3,14.4,0.0,0.0,0.0,0.0,0.0,0.0,26.3,31.2,0.0,0.0,0.0,4.4,12.6,0.0,0.0,0.0
2026-08-13,21:00,0.0,0.0,71.4,22.9,13.3,1.0,24.3,0.0,0.0,0.0,14.7,14.2,0.0,0.0,0.0,0.0,0.0,0.0,1.3,3.8,0.0,0.0,0.0,3.0,12.6,0.0,0.0,0.0
2026-08-13,21:30,0.0,0.0,61.0,18.3,15.0,1.6,29.3,0.0,0.0,0.0,12.2,14.8,0.0,0.0,0.0,0.0,0.0,0.0,0.0,0.0,0.0,0.0,0.0,4.3,15.1,0.0,0.0,0.0
2026-08-13,22:00,0.0,0.0,47.5,18.3,16.5,0.9,20.1,0.0,0.0,0.0,12.8,15.1,0.0,0.0,0.0,0.0,0.0,0.0,0.0,0.0,0.0,0.0,0.0,4.0,14.3,0.0,0.0,0.0
2026-08-13,22:30,0.0,0.0,42.8,14.9,14.5,0.4,21.5,0.0,0.0,0.0,12.4,12.6,0.0,0.0,0.0,0.0,0.0,0.0,0.0,0.0,0.0,0.0,0.0,3.1,10.4,0.0,0.0,0.0
2026-08-13,23:00,0.0,0.0,33.9,12.4,10.1,0.4,23.4,0.0,0.0,0.0,16.2,15.2,0.0,0.0,0.0,0.0,0.0,0.0,0.0,0.0,0.0,0.0,0.0,1.8,7.1,0.0,0.0,0.0
2026-08-13,23:30,0.0,0.0,31.1,10.5,4.4,0.1,18.6,0.0,0.0,0.0,17.8,15.6,0.0,0.0,0.0,0.0,0.0,0.0,3.2,2.2,0.0,0.0,0.0,0.9,3.8,0.0,0.0,0.0
2026-08-13,0:00,0.0,0.0,19.4,9.4,3.4,1.0,11.5,0.0,0.0,0.0,14.9,15.0,0.0,0.0,0.0,0.0,0.0,0.0,44.9,40.9,0.0,0.0,0.0,0.6,2.7,0.0,0.0,0.0
2026-08-14,0:30,0.0,0.0,15.8,5.7,3.9,0.2,11.9,0.0,0.0,0.0,13.5,14.4,0.0,0.0,0.0,0.0,0.0,0.0,55.2,59.4,0.0,0.0,0.0,1.1,2.2,0.0,0.0,0.0
2026-08-14,1:00,0.0,0.0,14.0,8.8,1.8,0.0,8.8,0.0,0.0,0.0,13.3,13.4,0.0,0.0,0.0,0.0,0.0,0.0,40.6,45.4,0.0,0.0,0.0,0.5,2.1,0.0,0.0,0.0
2026-08-14,1:30,0.0,0.0,19.7,18.1,0.0,0.0,6.0,0.0,0.0,0.0,14.9,15.0,0.0,0.0,0.0,0.0,0.0,0.0,14.3,13.7,0.0,0.0,0.0,0.2,1.9,0.0,0.0,0.0
2026-08-14,2:00,0.0,0.0,19.2,17.9,0.0,0.1,4.4,0.0,0.0,0.0,15.1,14.9,0.0,0.0,0.0,0.0,0.0,0.0,1.6,3.3,0.0,0.0,0.0,0.0,1.2,0.0,0.0,0.0
2026-08-14,2:30,0.0,0.0,16.8,15.9,0.0,0.4,13.5,0.0,0.0,0.0,11.0,12.2,0.0,0.0,0.0,0.0,0.0,0.0,2.1,3.4,0.0,0.0,0.0,0.0,0.0,0.0,0.0,0.0
2026-08-14,3:00,0.0,0.0,14.5,17.4,0.0,0.3,12.8,0.0,0.0,0.0,9.6,11.7,0.0,0.0,0.0,0.0,0.0,0.0,3.7,2.6,0.0,0.0,0.0,0.1,0.0,0.0,0.0,0.0
2026-08-14,3:30,0.0,0.0,11.3,13.3,1.3,1.1,24.6,0.0,0.0,0.0,9.2,11.5,0.0,0.0,0.0,0.0,0.0,0.0,17.6,13.3,0.0,0.0,0.0,0.1,0.8,0.0,0.0,0.0
2026-08-14,4:00,0.0,0.0,11.2,6.7,4.8,1.1,27.0,0.0,0.0,0.0,8.8,13.4,0.0,0.0,0.0,0.0,0.0,0.0,15.5,17.0,0.0,0.0,0.0,1.4,1.9,0.0,0.0,0.0
2026-08-14,4:30,0.0,0.0,12.9,3.9,9.1,1.9,32.1,0.0,0.0,0.0,8.1,12.3,0.0,0.0,0.0,0.0,0.0,0.0,11.5,16.4,0.0,0.0,0.0,2.0,4.7,0.0,0.0,0.0
2026-08-14,5:00,0.0,0.0,20.2,8.1,10.7,0.9,29.9,0.0,0.0,0.0,10.8,12.6,0.0,0.0,0.0,0.0,0.0,0.0,3.4,7.1,0.0,0.0,0.0,2.4,6.5,0.0,0.0,0.0
2026-08-14,5:30,0.0,0.0,25.5,7.4,8.6,1.8,35.8,0.0,0.0,0.0,13.4,13.6,0.0,0.0,0.0,0.0,0.0,0.0,0.0,2.3,0.0,0.0,0.0,1.7,6.8,0.0,0.0,0.0
2026-08-14,6:00,0.0,0.0,26.1,10.1,11.8,3.8,31.3,0.0,0.1,0.0,13.7,13.9,0.0,0.0,0.0,0.0,0.0,0.0,0.0,0.0,0.0,0.0,0.0,3.5,8.0,0.0,0.0,0.0
2026-08-14,6:30,0.0,0.0,21.3,11.3,7.6,1.5,26.5,1.1,2.5,3.1,14.5,13.4,10.5,9.0,4.2,0.0,0.1,0.3,0.0,0.0,4.4,5.8,0.2,2.3,6.1,0.8,0.0,0.015
2026-08-14,7:00,0.0,0.0,19.6,13.7,11.8,0.9,20.3,8.5,12.6,20.8,14.5,13.6,68.2,47.2,22.0,0.0,2.5,1.3,0.0,0.0,29.5,37.9,1.6,2.6,9.0,3.0,0.2,0.158
2026-08-14,7:30,0.0,0.0,17.6,13.7,8.8,0.0,19.2,18.7,27.2,43.5,13.9,14.1,147.9,108.4,56.2,0.0,4.9,3.8,0.0,0.0,62.7,80.3,4.9,3.3,11.4,5.5,0.5,0.375
2026-08-14,8:00,0.0,0.1,22.0,9.8,7.3,0.8,21.5,27.9,37.7,59.9,17.0,13.0,192.4,155.8,78.3,0.1,7.3,7.5,0.2,0.0,81.1,111.6,13.1,3.2,8.9,8.0,1.4,0.683
2026-08-14,8:30,0.1,0.7,34.8,15.5,7.6,2.6,17.5,30.7,39.1,63.8,16.9,13.0,202.9,164.7,83.3,0.1,9.4,10.9,1.8,0.0,85.9,117.0,16.1,2.8,8.6,10.1,2.6,1.175
2026-08-14,9:00,0.1,0.8,34.8,16.1,12.4,0.4,22.8,31.5,40.2,66.0,16.9,13.0,210.5,171.1,86.4,0.1,11.3,13.1,11.1,0.5,88.5,119.8,16.3,3.0,8.2,12.1,5.7,2.155
2026-08-14,9:30,0.1,1.0,27.9,18.2,18.4,1.2,30.2,31.5,40.6,67.2,16.1,15.0,215.2,174.9,88.6,0.2,13.3,13.1,20.1,4.2,89.8,120.6,16.1,5.4,10.6,13.8,14.1,3.598
2026-08-14,10:00,0.2,1.1,33.9,16.6,21.4,3.6,45.0,31.4,40.7,69.0,18.0,12.3,218.2,178.4,90.2,0.2,14.7,12.9,43.0,16.2,91.0,121.6,15.9,6.4,12.4,15.3,16.6,7.091
2026-08-14,10:30,0.4,1.2,40.7,14.9,25.1,3.6,46.7,31.0,40.2,70.0,17.7,12.9,220.6,179.9,90.9,0.4,15.8,12.8,60.1,27.7,90.7,120.8,15.8,6.7,12.4,16.3,13.9,9.087
2026-08-14,11:00,0.4,1.2,45.2,16.6,30.4,5.1,51.4,30.9,40.1,71.1,17.1,13.0,220.6,180.0,91.3,0.4,16.6,12.8,74.6,32.2,90.3,121.2,16.1,7.6,17.3,17.2,8.8,10.777
2026-08-14,11:30,0.4,1.3,45.8,13.0,25.4,4.6,63.6,31.1,40.4,71.5,18.2,12.9,221.6,181.0,91.6,0.4,17.2,12.9,102.0,53.2,90.4,121.5,16.1,7.3,19.2,17.5,11.6,12.319
2026-08-14,12:00,0.4,1.3,49.0,12.4,24.2,6.1,66.1,31.0,39.8,71.7,16.6,14.8,223.2,182.2,92.0,0.4,17.4,13.0,122.1,70.2,91.2,122.7,16.0,8.0,19.0,17.5,16.4,13.608
2026-08-14,12:30,0.4,1.3,50.2,14.4,23.9,6.0,72.7,30.9,39.5,71.9,17.6,13.5,224.7,182.8,92.3,0.4,17.2,13.1,132.6,96.0,92.3,123.9,16.3,7.2,19.2,17.4,16.4,14.605
2026-08-14,13:00,0.4,1.3,63.0,18.7,36.3,7.7,70.7,31.3,39.4,72.3,15.4,13.9,225.8,183.3,92.7,0.4,16.6,13.3,147.3,112.9,93.0,125.6,16.5,9.9,21.9,16.8,16.4,15.323
2026-08-14,13:30,0.4,1.2,65.3,20.5,28.6,10.9,56.3,31.8,40.6,72.3,14.9,11.4,226.5,183.7,93.0,0.4,15.9,13.3,146.7,120.3,92.3,126.3,16.6,7.2,20.1,16.0,16.5,15.689
2026-08-14,14:00,0.4,1.1,65.7,24.4,29.3,10.5,69.6,31.8,40.5,72.5,14.6,11.8,226.6,183.7,92.9,0.3,14.6,13.3,142.3,113.8,92.1,126.6,16.6,7.1,18.6,14.8,16.7,15.811
2026-08-14,14:30,0.4,1.0,71.3,26.6,38.4,7.9,82.2,31.7,40.4,71.8,17.6,14.0,225.1,182.1,92.1,0.4,13.0,13.3,127.4,112.5,91.5,125.9,16.7,8.4,28.7,13.3,16.8,11.434
2026-08-14,15:00,0.3,0.9,75.1,28.0,33.7,8.7,94.9,31.0,39.4,70.2,15.2,14.2,221.5,178.0,90.0,0.3,11.3,13.3,132.3,100.5,89.8,124.2,16.5,7.9,25.1,11.5,15.6,8.246
2026-08-14,15:30,0.3,0.8,75.7,28.2,31.0,10.5,89.2,30.4,38.4,67.5,14.5,14.9,211.9,171.4,86.1,0.3,9.2,12.9,141.7,115.2,86.4,120.2,16.2,9.4,24.6,9.3,5.3,7.701
2026-08-14,16:00,0.2,0.6,75.8,28.4,45.2,9.3,87.5,26.0,34.8,59.9,15.0,12.7,195.7,157.2,79.2,0.2,6.8,12.1,133.1,119.8,79.3,101.9,15.2,12.3,29.3,6.9,1.6,5.696
2026-08-14,16:30,0.2,0.3,76.1,28.5,37.3,5.7,83.3,16.3,23.8,33.2,13.0,13.9,133.5,96.8,50.9,0.2,4.2,9.7,143.4,119.5,47.5,61.2,12.3,8.6,27.9,4.3,0.4,10.089
2026-08-14,17:00,0.1,0.1,74.7,28.4,32.7,7.0,94.0,6.0,8.6,11.8,11.4,11.7,51.8,39.8,19.8,0.1,2.1,4.0,135.4,120.6,18.8,20.5,5.2,8.9,23.9,1.8,0.1,6.9
2026-08-14,17:30,0.0,0.0,68.6,28.5,30.7,7.5,94.8,0.0,0.2,0.5,11.6,13.7,2.6,2.9,1.4,0.1,0.2,0.3,121.5,118.2,0.9,0.6,0.4,9.4,26.2,0.0,0.0,1.655
2026-08-14,18:00,0.0,0.0,70.1,28.5,29.6,7.3,91.6,0.0,0.0,0.0,13.5,13.6,0.0,0.0,0.0,0.0,0.0,0.0,110.3,112.8,0.0,0.0,0.0,9.2,24.3,0.0,0.0,0.01
2026-08-14,18:30,0.0,0.0,70.3,28.8,47.6,6.8,87.5,0.0,0.0,0.0,12.6,13.2,0.0,0.0,0.0,0.0,0.0,0.0,69.5,90.7,0.0,0.0,0.0,11.1,27.2,0.0,0.0,0.0
2026-08-14,19:00,0.0,0.0,70.4,29.3,47.8,4.8,65.6,0.0,0.0,0.0,10.7,11.7,0.0,0.0,0.0,0.0,0.0,0.0,62.2,75.8,0.0,0.0,0.0,11.2,24.9,0.0,0.0,0.0
2026-08-14,19:30,0.0,0.0,74.4,30.1,49.2,3.2,59.9,0.0,0.0,0.0,10.9,11.9,0.0,0.0,0.0,0.0,0.0,0.0,57.2,67.5,0.0,0.0,0.0,11.6,30.2,0.0,0.0,0.0
2026-08-14,20:00,0.0,0.0,69.2,29.7,36.0,4.5,62.5,0.0,0.0,0.0,8.0,11.5,0.0,0.0,0.0,0.0,0.0,0.0,65.6,68.1,0.0,0.0,0.0,9.6,27.1,0.0,0.0,0.0
2026-08-14,20:30,0.0,0.0,54.1,22.8,37.6,3.0,51.5,0.0,0.0,0.0,6.9,9.7,0.0,0.0,0.0,0.0,0.0,0.0,83.7,78.4,0.0,0.0,0.0,10.1,25.7,0.0,0.0,0.0
2026-08-14,21:00,0.0,0.0,56.9,19.6,37.5,2.3,47.4,0.0,0.0,0.0,5.3,7.4,0.0,0.0,0.0,0.0,0.0,0.0,73.8,67.1,0.0,0.0,0.0,8.7,23.1,0.0,0.0,0.0
2026-08-14,21:30,0.0,0.0,60.9,20.4,33.0,2.3,50.2,0.0,0.0,0.0,6.8,8.3,0.0,0.0,0.0,0.0,0.0,0.0,55.4,57.9,0.0,0.0,0.0,8.0,20.8,0.0,0.0,0.0
2026-08-14,22:00,0.0,0.0,68.1,16.0,26.7,3.4,61.6,0.0,0.0,0.0,7.3,10.0,0.0,0.0,0.0,0.0,0.0,0.0,42.0,43.6,0.0,0.0,0.0,6.1,16.8,0.0,0.0,0.0
2026-08-14,22:30,0.0,0.0,74.7,16.9,34.0,5.5,80.5,0.0,0.0,0.0,8.2,11.5,0.0,0.0,0.0,0.0,0.0,0.0,38.2,35.0,0.0,0.0,0.0,7.6,18.0,0.0,0.0,0.0
2026-08-14,23:00,0.0,0.0,74.0,18.4,38.2,5.6,76.4,0.0,0.0,0.0,7.7,9.8,0.0,0.0,0.0,0.0,0.0,0.0,21.7,24.8,0.0,0.0,0.0,6.9,17.3,0.0,0.0,0.0
2026-08-14,23:30,0.0,0.0,64.2,26.2,26.7,4.6,79.7,0.0,0.0,0.0,6.6,10.3,0.0,0.0,0.0,0.0,0.0,0.0,18.1,21.8,0.0,0.0,0.0,7.7,19.7,0.0,0.0,0.0
2026-08-14,0:00,0.0,0.0,48.3,25.5,26.2,3.8,83.5,0.0,0.0,0.0,6.1,10.8,0.0,0.0,0.0,0.0,0.0,0.0,13.5,15.0,0.0,0.0,0.0,6.7,17.7,0.0,0.0,0.0
2026-08-15,0:30,0.0,0.0,42.1,28.1,24.7,5.1,88.5,0.0,0.0,0.0,4.3,9.3,0.0,0.0,0.0,0.0,0.0,0.0,5.2,7.9,0.0,0.0,0.0,7.3,20.3,0.0,0.0,0.0
2026-08-15,1:00,0.0,0.0,36.0,27.1,36.0,5.5,85.2,0.0,0.0,0.0,5.0,10.3,0.0,0.0,0.0,0.0,0.0,0.0,2.2,3.7,0.0,0.0,0.0,8.8,27.1,0.0,0.0,0.0
2026-08-15,1:30,0.0,0.0,34.3,22.3,28.9,4.4,69.3,0.0,0.0,0.0,4.6,9.6,0.0,0.0,0.0,0.0,0.0,0.0,0.0,1.4,0.0,0.0,0.0,7.8,23.6,0.0,0.0,0.0
2026-08-15,2:00,0.0,0.0,30.3,25.1,33.4,6.3,61.7,0.0,0.0,0.0,4.1,6.9,0.0,0.0,0.0,0.0,0.0,0.0,0.2,0.0,0.0,0.0,0.0,7.4,24.7,0.0,0.0,0.0
2026-08-15,2:30,0.0,0.0,26.9,26.8,28.6,5.1,48.6,0.0,0.0,0.0,4.5,7.8,0.0,0.0,0.0,0.0,0.0,0.0,3.2,2.9,0.0,0.0,0.0,6.6,20.3,0.0,0.0,0.0
2026-08-15,3:00,0.0,0.0,25.8,22.3,24.1,2.4,48.8,0.0,0.0,0.0,3.7,7.9,0.0,0.0,0.0,0.0,0.0,0.0,11.3,7.7,0.0,0.0,0.0,4.3,14.8,0.0,0.0,0.0
2026-08-15,3:30,0.0,0.0,18.8,24.3,43.5,0.7,46.3,0.0,0.0,0.0,3.8,5.6,0.0,0.0,0.0,0.0,0.0,0.0,14.5,8.5,0.0,0.0,0.0,11.0,21.7,0.0,0.0,0.0
2026-08-15,4:00,0.0,0.0,11.4,21.8,34.1,3.2,64.3,0.0,0.0,0.0,3.8,6.4,0.0,0.0,0.0,0.0,0.0,0.0,10.7,8.2,0.0,0.0,0.0,10.8,23.2,0.0,0.0,0.0
2026-08-15,4:30,0.0,0.0,11.9,23.9,43.7,4.1,71.0,0.0,0.0,0.0,4.5,8.5,0.0,0.0,0.0,0.0,0.0,0.0,36.9,33.5,0.0,0.0,0.0,12.2,35.4,0.0,0.0,0.0
2026-08-15,5:00,0.0,0.0,13.6,24.1,38.2,4.4,99.7,0.0,0.0,0.0,6.0,9.8,0.0,0.0,0.0,0.0,0.0,0.0,39.1,44.8,0.0,0.0,0.0,10.8,27.2,0.0,0.0,0.0
2026-08-15,5:30,0.0,0.0,20.4,22.6,35.5,4.9,105.7,0.0,0.0,0.0,2.6,3.8,0.0,0.0,0.0,0.0,0.0,0.0,68.5,57.3,0.0,0.0,0.0,7.8,18.6,0.0,0.0,0.0
2026-08-15,6:00,0.0,0.0,21.4,18.6,40.8,6.1,104.7,0.0,0.0,0.0,3.7,6.7,0.0,0.0,0.0,0.0,0.0,0.0,64.2,62.6,0.0,0.0,0.0,8.4,21.9,0.0,0.0,0.0
2026-08-15,6:30,0.0,0.0,22.4,20.5,58.0,4.3,94.8,1.3,0.1,4.0,5.8,10.2,11.5,6.9,2.9,0.0,0.1,0.8,57.5,53.8,5.2,7.5,0.5,15.7,27.1,0.8,0.0,0.06
2026-08-15,7:00,0.0,0.0,23.0,17.9,55.1,6.3,96.5,8.7,2.9,23.4,6.5,9.9,75.8,56.7,30.9,0.0,2.8,6.7,56.4,53.1,33.3,43.4,6.1,14.7,36.5,3.1,0.2,0.436
2026-08-15,7:30,0.0,0.0,22.1,17.4,43.1,6.8,96.1,18.2,12.9,46.8,6.3,10.6,157.3,126.1,64.3,0.0,5.3,11.4,41.1,41.3,67.1,87.1,13.1,12.4,37.2,5.7,0.5,0.564
2026-08-15,8:00,0.0,0.1,24.4,18.8,47.8,9.1,106.0,28.4,28.3,63.1,9.0,9.8,201.5,164.1,82.7,0.1,7.7,12.3,31.6,24.7,84.3,117.1,15.1,14.8,40.4,8.1,1.4,0.554
2026-08-15,8:30,0.1,0.7,34.2,23.1,44.4,9.6,117.9,30.6,35.1,66.8,7.2,10.0,211.1,171.0,86.4,0.2,9.8,12.7,28.4,20.1,87.9,120.2,15.7,13.9,36.6,10.4,2.6,0.66
2026-08-15,9:00,0.1,0.8,31.2,27.2,51.8,11.0,105.3,29.3,35.3,68.4,10.0,10.5,214.6,175.5,88.9,0.1,11.8,12.9,21.1,15.2,89.3,122.2,15.9,14.0,34.3,12.2,5.7,0.978
2026-08-15,9:30,0.1,1.0,27.6,28.4,44.1,9.8,78.7,29.8,35.4,69.1,12.0,11.6,218.4,179.2,90.6,0.2,13.3,13.0,18.1,9.8,90.7,123.5,16.4,11.0,26.0,13.9,14.1,3.664
2026-08-15,10:00,0.2,1.1,38.6,26.4,40.9,5.7,74.4,29.7,35.8,69.6,9.6,11.4,220.3,180.9,91.4,0.2,14.8,13.1,31.0,8.5,91.1,123.5,16.3,11.1,26.4,15.5,16.6,7.203
2026-08-15,10:30,0.2,1.2,64.6,26.6,38.3,4.9,58.3,31.3,36.2,69.9,10.6,9.8,222.0,181.7,91.7,0.2,15.9,13.1,50.0,11.0,91.0,124.5,16.3,8.9,19.8,16.6,13.9,9.245
2026-08-15,11:00,0.3,1.2,65.9,28.5,23.1,6.1,58.9,31.2,36.0,70.5,11.7,10.2,222.0,182.3,92.0,0.4,16.6,13.0,63.4,13.1,91.8,124.2,16.2,8.1,17.3,17.3,8.8,10.974
2026-08-15,11:30,0.4,1.3,72.1,29.0,34.5,5.3,57.3,31.2,35.8,71.1,10.0,10.3,223.2,183.4,92.8,0.2,16.9,13.1,73.9,18.7,91.7,124.0,16.1,8.5,21.3,17.7,11.6,12.408
2026-08-15,12:00,0.4,1.3,74.3,28.5,31.5,7.2,70.4,31.1,36.0,71.5,10.0,10.7,222.9,184.1,93.0,0.2,17.2,13.1,100.7,35.8,90.8,123.3,16.2,7.6,16.0,17.6,16.4,13.666
2026-08-15,12:30,0.4,1.3,65.9,27.0,33.9,8.3,69.3,31.0,36.2,72.4,10.8,9.7,224.6,183.9,93.2,0.5,17.0,13.2,120.0,49.2,91.8,124.7,16.4,6.8,16.9,17.6,16.4,17.835
2026-08-15,13:00,0.4,1.3,59.5,28.6,24.7,7.4,67.3,31.0,35.7,72.6,9.5,11.4,225.2,184.7,93.4,0.3,16.9,13.3,123.1,70.1,91.9,125.0,16.5,7.0,19.2,16.9,16.4,21.363
2026-08-15,13:30,0.4,1.2,68.5,29.6,27.7,6.8,55.8,31.1,35.5,72.5,11.0,10.7,226.6,184.3,93.2,0.3,16.0,13.3,115.3,86.5,92.4,126.2,16.6,8.0,20.4,16.1,16.5,21.963
2026-08-15,14:00,0.4,1.1,59.2,29.7,30.6,6.7,60.3,31.2,35.6,71.8,11.6,10.1,224.7,182.6,92.2,0.4,14.7,13.4,130.3,105.2,91.8,125.5,16.7,7.8,22.8,14.6,16.7,22.127
2026-08-15,14:30,0.4,1.0,58.5,30.2,24.2,7.0,56.6,31.1,35.4,70.8,11.3,11.5,221.9,179.7,90.8,0.4,13.2,13.3,132.5,116.8,90.5,123.8,16.6,7.2,22.1,13.2,16.8,21.809
2026-08-15,15:00,0.3,0.9,63.9,30.3,27.9,8.4,74.5,31.0,36.3,69.8,12.2,12.2,218.9,176.5,89.2,0.3,11.4,13.1,136.5,127.4,91.4,124.8,16.2,8.2,20.3,11.4,15.6,21.043
2026-08-15,15:30,0.3,0.8,67.5,30.3,25.6,7.9,94.3,30.0,36.2,67.3,13.9,12.3,212.0,171.7,86.6,0.3,9.3,12.6,152.7,129.2,88.7,121.7,15.9,7.8,23.8,9.3,5.3,19.72
2026-08-15,16:00,0.2,0.6,71.0,30.3,34.9,10.2,89.0,25.4,36.0,60.0,12.7,12.2,197.9,162.8,81.6,0.2,7.0,11.9,170.7,127.7,82.1,104.0,15.1,11.4,25.8,7.0,1.6,17.739
2026-08-15,16:30,0.1,0.4,71.7,30.3,35.4,7.4,82.7,16.1,35.0,33.9,10.4,11.1,139.4,103.1,53.9,0.2,4.5,9.6,164.8,128.0,50.1,63.6,11.1,9.9,26.9,4.3,0.4,14.975
2026-08-15,17:00,0.1,0.1,59.8,30.2,30.1,10.2,96.9,5.3,24.4,12.6,9.4,11.6,52.2,42.3,21.8,0.1,2.0,1.9,151.9,127.0,19.5,21.4,1.2,10.2,28.8,1.9,0.1,11.036
2026-08-15,17:30,0.0,0.0,55.0,30.3,29.4,8.5,88.3,0.0,8.5,0.9,8.4,10.5,4.2,3.0,1.4,0.0,0.2,0.1,115.9,120.7,1.0,0.8,0.1,9.4,27.0,0.1,0.0,3.034
2026-08-15,18:00,0.0,0.0,51.3,30.3,37.3,3.9,69.9,0.0,0.2,0.0,7.6,10.5,0.0,0.0,0.0,0.0,0.0,0.0,95.8,113.6,0.0,0.0,0.0,10.2,29.9,0.0,0.0,0.0
2026-08-15,18:30,0.0,0.0,37.9,30.3,39.3,5.6,91.1,0.0,0.0,0.0,6.0,6.9,0.0,0.0,0.0,0.0,0.0,0.0,85.3,103.2,0.0,0.0,0.0,10.3,26.0,0.0,0.0,0.0
2026-08-15,19:00,0.0,0.0,33.2,30.3,23.0,3.9,64.7,0.0,0.0,0.0,3.8,4.9,0.0,0.0,0.0,0.0,0.0,0.0,81.1,95.4,0.0,0.0,0.0,6.9,21.8,0.0,0.0,0.0
2026-08-15,19:30,0.0,0.0,42.4,29.4,35.5,4.2,54.9,0.0,0.0,0.0,4.0,5.3,0.0,0.0,0.0,0.0,0.0,0.0,61.6,69.9,0.0,0.0,0.0,8.4,23.5,0.0,0.0,0.0
2026-08-15,20:00,0.0,0.0,33.5,29.1,33.0,1.2,52.1,0.0,0.0,0.0,2.4,5.2,0.0,0.0,0.0,0.0,0.0,0.0,52.5,57.1,0.0,0.0,0.0,9.4,22.2,0.0,0.0,0.0
2026-08-15,20:30,0.0,0.0,26.3,27.0,33.2,1.5,46.5,0.0,0.0,0.0,2.1,4.1,0.0,0.0,0.0,0.0,0.0,0.0,44.0,46.0,0.0,0.0,0.0,7.6,24.8,0.0,0.0,0.0
2026-08-15,21:00,0.0,0.0,25.5,29.4,35.9,2.9,34.3,0.0,0.0,0.0,1.5,2.8,0.0,0.0,0.0,0.0,0.0,0.0,19.6,21.8,0.0,0.0,0.0,9.3,19.2,0.0,0.0,0.0
2026-08-15,21:30,0.0,0.0,31.7,25.9,35.3,0.6,17.8,0.0,0.0,0.0,1.4,2.5,0.0,0.0,0.0,0.0,0.0,0.0,25.6,27.9,0.0,0.0,0.0,8.8,21.5,0.0,0.0,0.0
2026-08-15,22:00,0.0,0.0,15.9,23.6,22.1,1.1,16.0,0.0,0.0,0.0,1.8,3.4,0.0,0.0,0.0,0.0,0.0,0.0,34.5,39.8,0.0,0.0,0.0,6.0,18.5,0.0,0.0,0.0
2026-08-15,22:30,0.0,0.0,12.9,28.3,21.1,0.0,13.7,0.0,0.0,0.0,3.3,5.8,0.0,0.0,0.0,0.0,0.0,0.0,19.5,22.5,0.0,0.0,0.0,4.6,10.3,0.0,0.0,0.0
2026-08-15,23:00,0.0,0.0,10.6,27.3,16.5,0.6,10.0,0.0,0.0,0.0,5.1,7.3,0.0,0.0,0.0,0.0,0.0,0.0,17.3,17.6,0.0,0.0,0.0,3.7,6.9,0.0,0.0,0.0
2026-08-15,23:30,0.0,0.0,11.6,26.0,7.9,0.1,8.6,0.0,0.0,0.0,5.8,9.2,0.0,0.0,0.0,0.0,0.0,0.0,16.1,12.3,0.0,0.0,0.0,1.4,4.0,0.0,0.0,0.0
2026-08-15,0:00,0.0,0.0,10.3,20.3,9.6,0.0,7.3,0.0,0.0,0.0,6.3,9.4,0.0,0.0,0.0,0.0,0.0,0.0,1.5,0.0,0.0,0.0,0.0,0.9,1.5,0.0,0.0,0.0
2026-08-16,0:30,0.0,0.0,19.5,21.0,6.8,0.0,4.4,0.0,0.0,0.0,6.9,10.1,0.0,0.0,0.0,0.0,0.0,0.0,0.0,0.0,0.0,0.0,0.0,1.4,1.6,0.0,0.0,0.0
2026-08-16,1:00,0.0,0.0,32.3,22.6,3.5,0.0,2.6,0.0,0.0,0.0,5.2,7.3,0.0,0.0,0.0,0.0,0.0,0.0,0.0,0.0,0.0,0.0,0.0,0.1,0.2,0.0,0.0,0.0
2026-08-16,1:30,0.0,0.0,22.1,22.7,2.8,0.1,10.0,0.0,0.0,0.0,5.4,10.4,0.0,0.0,0.0,0.0,0.0,0.0,0.0,0.0,0.0,0.0,0.0,0.0,0.0,0.0,0.0,0.0
2026-08-16,2:00,0.0,0.0,10.2,25.1,1.4,0.0,9.4,0.0,0.0,0.0,6.0,10.0,0.0,0.0,0.0,0.0,0.0,0.0,0.0,0.0,0.0,0.0,0.0,0.0,0.0,0.0,0.0,0.0
2026-08-16,2:30,0.0,0.0,8.7,24.3,0.0,0.2,8.8,0.0,0.0,0.0,6.2,9.8,0.0,0.0,0.0,0.0,0.0,0.0,0.0,0.0,0.0,0.0,0.0,0.0,0.0,0.0,0.0,0.0
2026-08-16,3:00,0.0,0.0,12.7,26.1,0.0,0.5,8.2,0.0,0.0,0.0,6.4,9.6,0.0,0.0,0.0,0.0,0.0,0.0,0.0,0.0,0.0,0.0,0.0,0.0,0.0,0.0,0.0,0.0
2026-08-16,3:30,0.0,0.0,13.0,23.7,0.0,0.0,2.4,0.0,0.0,0.0,6.7,10.0,0.0,0.0,0.0,0.0,0.0,0.0,0.0,0.0,0.0,0.0,0.0,0.0,0.0,0.0,0.0,0.0
2026-08-16,4:00,0.0,0.0,9.6,22.9,0.0,0.0,0.3,0.0,0.0,0.0,5.5,8.8,0.0,0.0,0.0,0.0,0.0,0.0,0.0,0.0,0.0,0.0,0.0,0.0,0.0,0.0,0.0,0.0
2026-08-16,4:30,0.0,0.0,6.7,24.5,0.0,0.0,3.5,0.0,0.0,0.0,6.2,10.2,0.0,0.0,0.0,0.0,0.0,0.0,0.0,0.0,0.0,0.0,0.0,0.0,0.0,0.0,0.0,0.0
2026-08-16,5:00,0.0,0.0,6.3,23.5,0.0,0.2,3.2,0.0,0.0,0.0,5.1,9.3,0.0,0.0,0.0,0.0,0.0,0.0,3.6,0.6,0.0,0.0,0.0,0.0,0.0,0.0,0.0,0.0
2026-08-16,5:30,0.0,0.0,4.5,23.0,1.3,0.0,5.9,0.0,0.0,0.0,5.1,9.6,0.0,0.0,0.0,0.0,0.0,0.0,1.1,0.0,0.0,0.0,0.0,0.0,0.0,0.0,0.0,0.0
2026-08-16,6:00,0.0,0.0,3.3,22.8,1.5,0.0,1.7,0.0,0.0,0.0,5.5,9.5,0.0,0.0,0.0,0.0,0.0,0.0,0.0,0.0,0.0,0.0,0.0,0.2,0.0,0.0,0.0,0.0
2026-08-16,6:30,0.0,0.0,1.8,23.1,1.7,0.0,0.2,1.3,0.0,4.8,6.6,9.7,13.4,6.3,2.8,0.0,0.3,1.7,0.0,0.0,6.1,9.1,1.2,1.2,1.7,1.0,0.0,0.063
2026-08-16,7:00,0.0,0.0,3.3,22.6,0.3,0.0,2.9,9.1,0.0,26.7,7.0,10.7,82.1,62.1,33.3,0.0,2.9,7.0,0.2,0.0,34.8,47.9,5.6,0.3,0.0,3.3,0.2,0.793
2026-08-16,7:30,0.0,0.1,3.8,21.2,1.5,0.1,0.9,19.9,0.0,50.4,6.1,8.5,162.3,132.5,67.5,0.0,5.5,4.5,1.2,0.0,71.1,91.4,3.2,0.0,0.0,5.9,0.5,2.039
2026-08-16,8:00,0.0,0.2,2.4,23.0,2.8,0.0,0.7,29.1,0.9,66.1,8.1,10.0,206.8,169.5,85.2,0.0,8.0,8.7,3.4,0.6,88.2,121.9,7.2,0.0,0.0,8.4,1.4,3.663
2026-08-16,8:30,0.1,0.1,3.9,23.7,3.7,1.0,8.6,31.3,0.8,68.1,8.7,10.5,212.5,174.8,88.4,0.0,10.2,11.8,8.1,2.1,91.5,125.2,10.5,1.0,0.4,10.6,2.6,6.607
2026-08-16,9:00,0.1,0.3,11.9,25.9,2.7,1.8,14.7,31.6,0.8,70.2,8.8,11.4,218.3,179.6,90.9,0.1,11.9,13.7,7.3,0.0,92.7,126.8,16.8,1.6,2.6,12.7,5.7,6.342
2026-08-16,9:30,0.1,0.6,16.7,26.2,4.3,2.2,19.2,31.8,0.8,71.0,6.9,10.3,221.2,182.0,92.2,0.1,10.6,13.6,9.4,0.0,93.5,127.5,17.1,1.8,2.9,14.1,14.1,10.002
2026-08-16,10:00,0.1,1.0,18.6,27.0,8.0,4.3,27.6,31.7,0.7,71.8,8.3,10.4,223.4,183.8,93.0,0.1,12.6,13.4,6.0,0.0,94.2,127.9,16.9,2.7,6.1,15.4,16.6,6.726
2026-08-16,10:30,0.1,1.0,24.4,27.6,4.9,4.5,30.7,32.2,0.8,71.8,8.0,11.1,224.7,185.1,93.4,0.0,13.9,13.3,7.0,0.0,94.0,126.7,17.0,2.1,4.1,16.5,13.9,7.833
2026-08-16,11:00,0.1,1.0,34.4,27.7,1.0,3.2,25.0,31.6,0.6,71.4,11.3,12.2,225.5,184.2,92.7,0.0,16.5,13.3,10.2,0.4,94.2,126.6,17.1,1.4,2.5,17.3,8.8,11.017
2026-08-16,11:30,0.1,1.3,34.5,28.8,0.0,2.6,18.3,31.4,0.7,74.5,12.0,12.6,226.3,185.3,94.4,0.1,17.9,12.9,14.3,2.8,94.9,127.1,17.1,1.3,2.1,18.0,11.6,13.994
2026-08-16,12:00,0.1,0.9,36.9,28.0,0.0,0.7,10.9,31.7,0.2,74.8,12.4,12.5,231.4,189.6,95.9,0.2,18.1,11.2,14.5,4.5,95.3,126.8,17.3,0.7,1.0,18.1,16.4,11.246
2026-08-16,12:30,0.1,0.9,52.9,29.1,0.0,0.7,4.8,31.7,0.5,75.7,12.8,12.1,233.4,191.0,96.5,0.1,17.8,11.9,13.7,6.6,95.1,126.9,17.2,1.5,2.2,17.5,16.4,11.414
2026-08-16,13:00,0.1,1.2,54.9,30.0,0.0,0.2,2.5,31.7,0.4,75.9,13.5,12.0,234.1,190.6,96.6,0.2,17.3,10.8,13.7,1.3,94.6,127.0,17.0,0.9,1.9,17.3,16.4,13.307
2026-08-16,13:30,0.1,0.8,64.0,29.7,0.0,0.0,3.2,31.8,0.3,76.0,11.8,11.4,235.0,191.7,97.0,0.2,17.1,10.1,34.5,0.8,94.1,126.9,17.1,0.6,1.6,16.8,16.5,19.172
2026-08-16,14:00,0.1,0.7,61.9,29.5,0.0,0.2,1.5,32.0,0.3,62.3,13.2,12.3,165.7,166.5,68.4,0.2,8.4,8.3,56.8,17.8,93.8,127.3,17.1,0.8,1.8,13.2,16.7,19.033
2026-08-16,14:30,0.1,0.7,54.7,29.6,0.0,0.0,0.7,23.6,0.0,55.7,13.7,13.0,156.5,115.5,60.5,0.1,8.4,6.2,55.1,42.0,97.2,131.5,14.3,0.1,0.5,9.2,16.8,10.776
2026-08-16,15:00,0.1,0.5,44.4,30.1,0.0,0.0,0.1,24.9,0.7,58.6,13.4,14.4,225.3,136.2,76.8,0.1,8.4,3.2,68.9,71.7,35.5,44.6,7.6,0.0,0.0,10.1,15.6,8.235
2026-08-16,15:30,0.1,0.8,44.6,30.3,0.0,0.0,0.3,13.6,3.6,27.4,15.7,12.4,59.4,54.2,25.0,0.1,5.5,2.2,56.4,66.6,47.3,52.7,2.0,0.0,0.1,3.8,5.3,8.288
2026-08-16,16:00,0.1,0.4,53.6,30.3,0.0,0.0,0.0,8.1,1.3,23.7,13.8,12.1,55.4,64.6,31.7,0.1,3.0,1.2,69.4,67.2,43.8,71.8,1.1,0.0,0.0,4.0,1.6,17.491
2026-08-16,16:30,0.1,0.3,55.5,30.3,0.0,0.0,0.0,5.2,0.7,39.0,10.6,8.6,24.5,32.7,14.9,0.0,1.0,0.6,59.1,60.3,16.6,21.1,0.4,0.0,0.0,2.6,0.4,12.333
2026-08-16,17:00,0.0,0.1,54.2,30.3,0.0,0.0,0.0,3.1,0.0,2.9,8.5,10.4,14.2,13.8,6.2,0.0,0.5,0.1,54.7,53.4,2.9,3.8,0.1,0.0,0.0,0.9,0.1,2.935
2026-08-16,17:30,0.0,0.0,48.6,30.2,0.0,0.0,0.0,0.1,0.0,0.0,7.0,8.7,2.7,1.9,0.7,0.0,0.0,0.0,54.6,61.3,0.1,0.0,0.0,0.0,0.0,0.0,0.0,1.056
2026-08-16,18:00,0.0,0.0,48.6,30.2,0.0,0.0,0.1,0.0,0.0,0.0,8.6,9.3,0.0,0.0,0.0,0.0,0.0,0.0,55.9,65.5,0.0,0.0,0.0,0.0,0.0,0.0,0.0,0.0
2026-08-16,18:30,0.0,0.0,54.9,30.0,0.0,0.0,0.3,0.0,0.0,0.0,9.0,10.7,0.0,0.0,0.0,0.0,0.0,0.0,47.7,52.7,0.0,0.0,0.0,0.0,0.0,0.0,0.0,0.0
2026-08-16,19:00,0.0,0.0,47.6,29.6,0.0,0.1,0.7,0.0,0.0,0.0,7.7,11.3,0.0,0.0,0.0,0.0,0.0,0.0,37.8,45.3,0.0,0.0,0.0,0.0,0.0,0.0,0.0,0.0
2026-08-16,19:30,0.0,0.0,43.6,29.6,0.0,0.0,0.9,0.0,0.0,0.0,7.1,10.1,0.0,0.0,0.0,0.0,0.0,0.0,27.2,35.0,0.0,0.0,0.0,0.0,0.0,0.0,0.0,0.0
2026-08-16,20:00,0.0,0.0,60.9,28.9,0.0,0.0,2.8,0.0,0.0,0.0,9.3,12.2,0.0,0.0,0.0,0.0,0.0,0.0,12.1,14.5,0.0,0.0,0.0,0.0,0.0,0.0,0.0,0.0
2026-08-16,20:30,0.0,0.0,56.1,27.4,0.0,0.1,1.7,0.0,0.0,0.0,10.6,11.6,0.0,0.0,0.0,0.0,0.0,0.0,8.9,10.6,0.0,0.0,0.0,0.0,0.0,0.0,0.0,0.0
2026-08-16,21:00,0.0,0.0,50.3,26.0,0.0,0.0,0.3,0.0,0.0,0.0,10.1,11.8,0.0,0.0,0.0,0.0,0.0,0.0,4.0,6.1,0.0,0.0,0.0,0.0,0.0,0.0,0.0,0.0
2026-08-16,21:30,0.0,0.0,55.6,24.1,0.0,0.3,3.6,0.0,0.0,0.0,9.9,10.9,0.0,0.0,0.0,0.0,0.0,0.0,1.0,3.4,0.0,0.0,0.0,0.0,0.0,0.0,0.0,0.0
2026-08-16,22:00,0.0,0.0,53.8,21.3,0.0,0.8,3.1,0.0,0.0,0.0,7.0,9.6,0.0,0.0,0.0,0.0,0.0,0.0,0.0,1.3,0.0,0.0,0.0,0.0,0.0,0.0,0.0,0.0
2026-08-16,22:30,0.0,0.0,64.7,20.2,0.0,1.1,8.0,0.0,0.0,0.0,5.8,8.9,0.0,0.0,0.0,0.0,0.0,0.0,0.0,0.0,0.0,0.0,0.0,0.0,0.0,0.0,0.0,0.0
2026-08-16,23:00,0.0,0.0,47.4,21.5,0.0,0.2,7.1,0.0,0.0,0.0,5.9,8.4,0.0,0.0,0.0,0.0,0.0,0.0,0.0,1.8,0.0,0.0,0.0,0.0,0.0,0.0,0.0,0.0
2026-08-16,23:30,0.0,0.0,34.0,18.3,0.0,0.4,10.2,0.0,0.0,0.0,6.9,11.2,0.0,0.0,0.0,0.0,0.0,0.0,3.1,3.7,0.0,0.0,0.0,0.0,0.0,0.0,0.0,0.0
2026-08-16,0:00,0.0,0.0,43.3,16.4,0.0,0.0,6.5,0.0,0.0,0.0,9.2,11.4,0.0,0.0,0.0,0.0,0.0,0.0,12.3,8.4,0.0,0.0,0.0,0.0,0.0,0.0,0.0,0.0
